Date,Year,Month,Recession,Consumer_Confidence,Seasonality_Weight,Price,Advertising_Expenditure,Competition,GDP,Growth_Rate,unemployment_rate,Automobile_Sales,Vehicle_Type,City
1/31/1980,1980,Jan,1,99.38,0.9,32958.26,24240460.2,31.88,14026.18,2.18,6.14,527.88,ExecutiveCar,City_1
1/31/1980,1980,Jan,1,99.38,0.9,25317.56,186239022.2,31.88,14026.18,3.28,6.14,1435.58,MediumFamilyCar,City_1
1/31/1980,1980,Jan,1,99.38,0.9,19901.79,104356709.83,31.88,14026.18,1.64,6.14,1615.05,SmallFamilyCar,City_1
1/31/1980,1980,Jan,1,99.38,0.9,30232.89,146173043.23,31.88,14026.18,2.45,6.14,758.98,Sports,City_1
1/31/1980,1980,Jan,1,99.38,0.9,14955.26,249630051.97,31.88,14026.18,2.35,6.14,1725.28,SuperMiniCar,City_1
2/29/1980,1980,Feb,1,98.4,0.95,34344.66,404850398.56,30.73,13842.92,2.09,6.38,789.66,ExecutiveCar,City_2
2/29/1980,1980,Feb,1,98.4,0.95,25348.98,130479006.41,30.73,13842.92,3.63,6.38,1463.52,MediumFamilyCar,City_2
2/29/1980,1980,Feb,1,98.4,0.95,18327.87,10000.0,30.73,13842.92,3.15,6.38,1681.92,SmallFamilyCar,City_2
2/29/1980,1980,Feb,1,98.4,0.95,31434.52,10000.0,30.73,13842.92,2.73,6.38,832.34,Sports,City_2
2/29/1980,1980,Feb,1,98.4,0.95,15674.95,177961364.31,30.73,13842.92,2.72,6.38,1844.89,SuperMiniCar,City_2
3/31/1980,1980,Mar,1,97.3,1.02,33744.26,10000.0,31.26,14119.73,1.86,6.52,664.94,ExecutiveCar,City_3
3/31/1980,1980,Mar,1,97.3,1.02,27195.95,10000.0,31.26,14119.73,3.47,6.52,1592.67,MediumFamilyCar,City_3
3/31/1980,1980,Mar,1,97.3,1.02,18732.09,36391035.4,31.26,14119.73,3.09,6.52,1652.23,SmallFamilyCar,City_3
3/31/1980,1980,Mar,1,97.3,1.02,31634.68,10000.0,31.26,14119.73,2.04,6.52,883.01,Sports,City_3
3/31/1980,1980,Mar,1,97.3,1.02,15346.96,10000.0,31.26,14119.73,1.37,6.52,2044.62,SuperMiniCar,City_3
4/30/1980,1980,Apr,1,96.64,1.08,34126.83,118316569.26,31.38,13720.14,2.19,6.67,808.25,ExecutiveCar,City_4
4/30/1980,1980,Apr,1,96.64,1.08,25470.46,10000.0,31.38,13720.14,2.12,6.67,1753.83,MediumFamilyCar,City_4
4/30/1980,1980,Apr,1,96.64,1.08,19389.58,10000.0,31.38,13720.14,2.51,6.67,1801.06,SmallFamilyCar,City_4
4/30/1980,1980,Apr,1,96.64,1.08,31357.22,110737237.95,31.38,13720.14,2.4,6.67,907.27,Sports,City_4
4/30/1980,1980,Apr,1,96.64,1.08,15436.23,10000.0,31.38,13720.14,1.05,6.67,2034.01,SuperMiniCar,City_4
5/31/1980,1980,May,1,97.8,1.15,35039.38,10000.0,28.19,13619.33,3.24,6.15,872.45,ExecutiveCar,City_5
5/31/1980,1980,May,1,97.8,1.15,25835.65,10000.0,28.19,13619.33,2.16,6.15,1741.72,MediumFamilyCar,City_5
5/31/1980,1980,May,1,97.8,1.15,17618.14,96980167.5,28.19,13619.33,2.74,6.15,2128.8,SmallFamilyCar,City_5
5/31/1980,1980,May,1,97.8,1.15,29843.15,12067432.04,28.19,13619.33,1.97,6.15,865.59,Sports,City_5
5/31/1980,1980,May,1,97.8,1.15,15517.48,327042062.42,28.19,13619.33,2.26,6.15,2241.83,SuperMiniCar,City_5
6/30/1980,1980,Jun,1,96.99,1.05,34285.5,276644004.44,32.72,13694.13,1.31,6.56,905.64,ExecutiveCar,City_6
6/30/1980,1980,Jun,1,96.99,1.05,25258.74,10000.0,32.72,13694.13,1.12,6.56,1604.27,MediumFamilyCar,City_6
6/30/1980,1980,Jun,1,96.99,1.05,18822.22,10000.0,32.72,13694.13,1.48,6.56,1924.19,SmallFamilyCar,City_6
6/30/1980,1980,Jun,1,96.99,1.05,31670.5,332166468.95,32.72,13694.13,5.41,6.56,868.52,Sports,City_6
6/30/1980,1980,Jun,1,96.99,1.05,14708.37,10000.0,32.72,13694.13,2.77,6.56,2058.54,SuperMiniCar,City_6
7/31/1980,1980,Jul,1,93.25,1.0,34125.64,10000.0,29.72,13746.76,1.46,6.35,883.08,ExecutiveCar,City_7
7/31/1980,1980,Jul,1,93.25,1.0,25610.95,10000.0,29.72,13746.76,4.27,6.35,1416.29,MediumFamilyCar,City_7
7/31/1980,1980,Jul,1,93.25,1.0,19786.19,10000.0,29.72,13746.76,1.32,6.35,1775.87,SmallFamilyCar,City_7
7/31/1980,1980,Jul,1,93.25,1.0,30419.82,354076940.3,29.72,13746.76,1.68,6.35,701.89,Sports,City_7
7/31/1980,1980,Jul,1,93.25,1.0,14777.66,190238413.79,29.72,13746.76,2.88,6.35,1990.11,SuperMiniCar,City_7
8/31/1980,1980,Aug,1,93.05,0.97,33019.52,10000.0,30.89,13910.84,2.67,6.49,714.33,ExecutiveCar,City_8
8/31/1980,1980,Aug,1,93.05,0.97,26127.99,10000.0,30.89,13910.84,2.79,6.49,1676.52,MediumFamilyCar,City_8
8/31/1980,1980,Aug,1,93.05,0.97,19175.51,10000.0,30.89,13910.84,3.61,6.49,1832.84,SmallFamilyCar,City_8
8/31/1980,1980,Aug,1,93.05,0.97,32228.6,30545206.41,30.89,13910.84,1.28,6.49,809.68,Sports,City_8
8/31/1980,1980,Aug,1,93.05,0.97,16820.74,351920132.38,30.89,13910.84,2.32,6.49,1721.19,SuperMiniCar,City_8
9/30/1980,1980,Sep,1,91.02,1.02,33684.32,10000.0,28.21,13854.2,2.34,7.01,852.27,ExecutiveCar,City_1
9/30/1980,1980,Sep,1,91.02,1.02,27125.99,19264088.04,28.21,13854.2,3.14,7.01,1626.27,MediumFamilyCar,City_1
9/30/1980,1980,Sep,1,91.02,1.02,18961.03,10000.0,28.21,13854.2,1.28,7.01,1589.79,SmallFamilyCar,City_1
9/30/1980,1980,Sep,1,91.02,1.02,30732.7,152402898.3,28.21,13854.2,1.17,7.01,719.62,Sports,City_1
9/30/1980,1980,Sep,1,91.02,1.02,15112.66,10000.0,28.21,13854.2,3.5,7.01,1936.18,SuperMiniCar,City_1
10/31/1980,1980,Oct,1,95.3,1.1,34194.0,33452500.75,28.61,14084.53,1.42,6.97,839.65,ExecutiveCar,City_2
10/31/1980,1980,Oct,1,95.3,1.1,26182.58,532988656.59,28.61,14084.53,4.38,6.97,1743.38,MediumFamilyCar,City_2
10/31/1980,1980,Oct,1,95.3,1.1,18770.09,10000.0,28.61,14084.53,1.91,6.97,1860.86,SmallFamilyCar,City_2
10/31/1980,1980,Oct,1,95.3,1.1,31964.68,10000.0,28.61,14084.53,1.85,6.97,903.85,Sports,City_2
10/31/1980,1980,Oct,1,95.3,1.1,15369.87,10000.0,28.61,14084.53,1.97,6.97,1899.76,SuperMiniCar,City_2
11/30/1980,1980,Nov,1,88.09,1.08,32970.06,10000.0,27.07,13730.78,4.34,6.47,1037.27,ExecutiveCar,City_3
11/30/1980,1980,Nov,1,88.09,1.08,25062.75,10000.0,27.07,13730.78,2.84,6.47,1958.52,MediumFamilyCar,City_3
11/30/1980,1980,Nov,1,88.09,1.08,18210.51,10000.0,27.07,13730.78,3.28,6.47,2047.66,SmallFamilyCar,City_3
11/30/1980,1980,Nov,1,88.09,1.08,30699.08,10000.0,27.07,13730.78,1.13,6.47,888.85,Sports,City_3
11/30/1980,1980,Nov,1,88.09,1.08,15286.89,47476901.45,27.07,13730.78,1.94,6.47,2017.76,SuperMiniCar,City_3
12/31/1980,1980,Dec,1,96.7,1.18,34000.07,10000.0,30.7,14067.88,2.82,6.85,931.74,ExecutiveCar,City_4
12/31/1980,1980,Dec,1,96.7,1.18,27674.53,333138195.45,30.7,14067.88,2.89,6.85,1858.08,MediumFamilyCar,City_4
12/31/1980,1980,Dec,1,96.7,1.18,18110.07,265743975.54,30.7,14067.88,2.76,6.85,2017.79,SmallFamilyCar,City_4
12/31/1980,1980,Dec,1,96.7,1.18,29604.33,154322620.16,30.7,14067.88,2.95,6.85,986.24,Sports,City_4
12/31/1980,1980,Dec,1,96.7,1.18,15122.78,53917155.82,30.7,14067.88,2.55,6.85,2158.98,SuperMiniCar,City_4
1/31/1981,1981,Jan,1,94.87,0.9,32184.67,10000.0,30.51,13932.76,2.68,6.46,848.18,ExecutiveCar,City_5
1/31/1981,1981,Jan,1,94.87,0.9,25884.47,10000.0,30.51,13932.76,2.83,6.46,1455.55,MediumFamilyCar,City_5
1/31/1981,1981,Jan,1,94.87,0.9,17905.91,193514674.73,30.51,13932.76,2.17,6.46,1761.97,SmallFamilyCar,City_5
1/31/1981,1981,Jan,1,94.87,0.9,30374.68,10000.0,30.51,13932.76,3.8,6.46,713.22,Sports,City_5
1/31/1981,1981,Jan,1,94.87,0.9,16994.35,241379901.61,30.51,13932.76,2.94,6.46,1786.38,SuperMiniCar,City_5
2/28/1981,1981,Feb,1,99.73,0.95,33680.06,187858807.1,29.61,14441.78,1.32,6.65,760.74,ExecutiveCar,City_6
2/28/1981,1981,Feb,1,99.73,0.95,26029.48,249010139.25,29.61,14441.78,3.25,6.65,1594.51,MediumFamilyCar,City_6
2/28/1981,1981,Feb,1,99.73,0.95,19717.62,10000.0,29.61,14441.78,2.43,6.65,1874.67,SmallFamilyCar,City_6
2/28/1981,1981,Feb,1,99.73,0.95,30802.38,252422702.92,29.61,14441.78,3.14,6.65,654.43,Sports,City_6
2/28/1981,1981,Feb,1,99.73,0.95,14797.53,6803910.17,29.61,14441.78,1.28,6.65,1777.11,SuperMiniCar,City_6
3/31/1981,1981,Mar,1,101.2,1.02,34481.49,13748652.05,31.42,13838.01,2.91,6.61,594.93,ExecutiveCar,City_7
3/31/1981,1981,Mar,1,101.2,1.02,24531.41,10000.0,31.42,13838.01,3.09,6.61,1790.96,MediumFamilyCar,City_7
3/31/1981,1981,Mar,1,101.2,1.02,20313.76,82573717.53,31.42,13838.01,3.35,6.61,1682.68,SmallFamilyCar,City_7
3/31/1981,1981,Mar,1,101.2,1.02,31868.01,178489289.35,31.42,13838.01,2.73,6.61,770.58,Sports,City_7
3/31/1981,1981,Mar,1,101.2,1.02,15824.77,10000.0,31.42,13838.01,2.35,6.61,2007.94,SuperMiniCar,City_7
4/30/1981,1981,Apr,1,100.5,1.08,35423.16,10000.0,28.08,13967.67,1.68,6.63,847.21,ExecutiveCar,City_8
4/30/1981,1981,Apr,1,100.5,1.08,26857.51,2518283.42,28.08,13967.67,3.83,6.63,1750.3,MediumFamilyCar,City_8
4/30/1981,1981,Apr,1,100.5,1.08,19806.46,124168137.97,28.08,13967.67,4.83,6.63,2019.17,SmallFamilyCar,City_8
4/30/1981,1981,Apr,1,100.5,1.08,29614.18,267957531.92,28.08,13967.67,2.04,6.63,852.51,Sports,City_8
4/30/1981,1981,Apr,1,100.5,1.08,16656.14,10000.0,28.08,13967.67,1.25,6.63,2109.51,SuperMiniCar,City_8
5/31/1981,1981,May,1,97.98,1.15,33107.79,10000.0,31.25,13605.48,2.55,6.22,938.26,ExecutiveCar,City_1
5/31/1981,1981,May,1,97.98,1.15,26549.51,149274438.16,31.25,13605.48,2.64,6.22,1792.93,MediumFamilyCar,City_1
5/31/1981,1981,May,1,97.98,1.15,19316.37,118783277.31,31.25,13605.48,1.8,6.22,2129.39,SmallFamilyCar,City_1
5/31/1981,1981,May,1,97.98,1.15,31374.42,137087312.94,31.25,13605.48,2.11,6.22,908.67,Sports,City_1
5/31/1981,1981,May,1,97.98,1.15,15395.83,10000.0,31.25,13605.48,3.33,6.22,2278.12,SuperMiniCar,City_1
6/30/1981,1981,Jun,1,89.33,1.05,34837.55,10000.0,25.53,13507.53,2.7,6.05,754.46,ExecutiveCar,City_2
6/30/1981,1981,Jun,1,89.33,1.05,27244.15,10000.0,25.53,13507.53,3.85,6.05,1753.59,MediumFamilyCar,City_2
6/30/1981,1981,Jun,1,89.33,1.05,18463.08,10000.0,25.53,13507.53,1.02,6.05,1855.89,SmallFamilyCar,City_2
6/30/1981,1981,Jun,1,89.33,1.05,30930.59,134257337.25,25.53,13507.53,4.22,6.05,746.84,Sports,City_2
6/30/1981,1981,Jun,1,89.33,1.05,15922.76,10000.0,25.53,13507.53,2.97,6.05,1869.76,SuperMiniCar,City_2
7/31/1981,1981,Jul,1,100.18,1.0,33382.2,10000.0,28.99,13973.03,2.93,5.86,747.31,ExecutiveCar,City_3
7/31/1981,1981,Jul,1,100.18,1.0,26444.93,77007325.73,28.99,13973.03,3.82,5.86,1590.09,MediumFamilyCar,City_3
7/31/1981,1981,Jul,1,100.18,1.0,17951.51,239058034.19,28.99,13973.03,2.17,5.86,1767.51,SmallFamilyCar,City_3
7/31/1981,1981,Jul,1,100.18,1.0,31523.7,10000.0,28.99,13973.03,2.85,5.86,915.92,Sports,City_3
7/31/1981,1981,Jul,1,100.18,1.0,17270.08,14304798.93,28.99,13973.03,2.66,5.86,2135.43,SuperMiniCar,City_3
8/31/1981,1981,Aug,1,97.5,0.97,33571.3,10000.0,30.15,14274.86,0.43,6.2,798.41,ExecutiveCar,City_4
8/31/1981,1981,Aug,1,97.5,0.97,25815.06,10000.0,30.15,14274.86,4.44,6.2,1442.59,MediumFamilyCar,City_4
8/31/1981,1981,Aug,1,97.5,0.97,18363.33,77949897.2,30.15,14274.86,2.09,6.2,1838.73,SmallFamilyCar,City_4
8/31/1981,1981,Aug,1,97.5,0.97,31365.26,103462395.77,30.15,14274.86,2.16,6.2,753.13,Sports,City_4
8/31/1981,1981,Aug,1,97.5,0.97,14694.95,1384932.52,30.15,14274.86,5.1,6.2,1979.2,SuperMiniCar,City_4
9/30/1981,1981,Sep,1,96.41,1.02,34101.67,10000.0,31.36,14061.57,2.93,7.0,797.78,ExecutiveCar,City_5
9/30/1981,1981,Sep,1,96.41,1.02,26714.47,230741918.56,31.36,14061.57,2.87,7.0,1537.53,MediumFamilyCar,City_5
9/30/1981,1981,Sep,1,96.41,1.02,19496.17,10000.0,31.36,14061.57,3.44,7.0,1784.47,SmallFamilyCar,City_5
9/30/1981,1981,Sep,1,96.41,1.02,30948.51,10000.0,31.36,14061.57,1.0,7.0,641.27,Sports,City_5
9/30/1981,1981,Sep,1,96.41,1.02,16324.65,10000.0,31.36,14061.57,1.0,7.0,2092.21,SuperMiniCar,City_5
10/31/1981,1981,Oct,1,106.89,1.1,34610.06,10000.0,31.07,13264.67,2.2,6.31,834.53,ExecutiveCar,City_6
10/31/1981,1981,Oct,1,106.89,1.1,26113.12,168157542.53,31.07,13264.67,2.84,6.31,1798.17,MediumFamilyCar,City_6
10/31/1981,1981,Oct,1,106.89,1.1,18582.3,201126654.28,31.07,13264.67,4.13,6.31,2065.79,SmallFamilyCar,City_6
10/31/1981,1981,Oct,1,106.89,1.1,30506.84,223127123.18,31.07,13264.67,2.31,6.31,808.87,Sports,City_6
10/31/1981,1981,Oct,1,106.89,1.1,15254.47,298278811.71,31.07,13264.67,2.63,6.31,2302.52,SuperMiniCar,City_6
11/30/1981,1981,Nov,1,94.37,1.08,34599.87,10000.0,28.32,14070.36,3.14,7.05,804.08,ExecutiveCar,City_7
11/30/1981,1981,Nov,1,94.37,1.08,27100.25,10000.0,28.32,14070.36,1.71,7.05,1654.93,MediumFamilyCar,City_7
11/30/1981,1981,Nov,1,94.37,1.08,18472.02,55550146.65,28.32,14070.36,2.32,7.05,1749.61,SmallFamilyCar,City_7
11/30/1981,1981,Nov,1,94.37,1.08,31089.65,34033510.48,28.32,14070.36,1.49,7.05,835.35,Sports,City_7
11/30/1981,1981,Nov,1,94.37,1.08,16138.63,78995048.73,28.32,14070.36,3.06,7.05,2136.13,SuperMiniCar,City_7
12/31/1981,1981,Dec,1,95.61,1.18,33412.19,10000.0,29.59,14079.9,1.61,7.21,855.06,ExecutiveCar,City_8
12/31/1981,1981,Dec,1,95.61,1.18,26449.44,10959845.37,29.59,14079.9,1.73,7.21,1860.51,MediumFamilyCar,City_8
12/31/1981,1981,Dec,1,95.61,1.18,19724.53,10000.0,29.59,14079.9,1.85,7.21,2175.69,SmallFamilyCar,City_8
12/31/1981,1981,Dec,1,95.61,1.18,31367.38,10000.0,29.59,14079.9,2.43,7.21,992.68,Sports,City_8
12/31/1981,1981,Dec,1,95.61,1.18,14888.74,38993385.54,29.59,14079.9,1.05,7.21,2289.25,SuperMiniCar,City_8
1/31/1982,1982,Jan,1,94.86,0.9,33550.92,10000.0,31.13,14395.65,1.43,6.94,480.56,ExecutiveCar,City_1
1/31/1982,1982,Jan,1,94.86,0.9,27961.84,10000.0,31.13,14395.65,1.66,6.94,1497.53,MediumFamilyCar,City_1
1/31/1982,1982,Jan,1,94.86,0.9,20554.89,10000.0,31.13,14395.65,2.75,6.94,1622.74,SmallFamilyCar,City_1
1/31/1982,1982,Jan,1,94.86,0.9,30112.59,10000.0,31.13,14395.65,2.08,6.94,893.19,Sports,City_1
1/31/1982,1982,Jan,1,94.86,0.9,16367.08,49807795.9,31.13,14395.65,0.73,6.94,1684.28,SuperMiniCar,City_1
2/28/1982,1982,Feb,1,101.74,0.95,34908.91,145426284.02,29.14,14190.45,2.95,6.3,701.38,ExecutiveCar,City_2
2/28/1982,1982,Feb,1,101.74,0.95,26794.43,10000.0,29.14,14190.45,2.74,6.3,1375.04,MediumFamilyCar,City_2
2/28/1982,1982,Feb,1,101.74,0.95,19623.06,10000.0,29.14,14190.45,1.22,6.3,1583.22,SmallFamilyCar,City_2
2/28/1982,1982,Feb,1,101.74,0.95,31627.32,10000.0,29.14,14190.45,3.95,6.3,841.13,Sports,City_2
2/28/1982,1982,Feb,1,101.74,0.95,15742.69,55415742.58,29.14,14190.45,1.88,6.3,1819.82,SuperMiniCar,City_2
3/31/1982,1982,Mar,1,94.15,1.02,32545.78,306982996.24,33.13,14179.38,5.05,6.31,706.63,ExecutiveCar,City_3
3/31/1982,1982,Mar,1,94.15,1.02,24814.53,10000.0,33.13,14179.38,2.21,6.31,1584.57,MediumFamilyCar,City_3
3/31/1982,1982,Mar,1,94.15,1.02,18375.29,130382353.39,33.13,14179.38,3.02,6.31,1798.83,SmallFamilyCar,City_3
3/31/1982,1982,Mar,1,94.15,1.02,31993.36,344204334.08,33.13,14179.38,2.67,6.31,675.62,Sports,City_3
3/31/1982,1982,Mar,1,94.15,1.02,15603.4,126677481.81,33.13,14179.38,0.77,6.31,1936.23,SuperMiniCar,City_3
4/30/1982,1982,Apr,1,104.32,1.08,33593.01,111960543.06,30.05,14102.7,2.82,6.36,1028.76,ExecutiveCar,City_4
4/30/1982,1982,Apr,1,104.32,1.08,26505.92,258809614.92,30.05,14102.7,2.18,6.36,1671.15,MediumFamilyCar,City_4
4/30/1982,1982,Apr,1,104.32,1.08,19251.95,10000.0,30.05,14102.7,2.16,6.36,1802.37,SmallFamilyCar,City_4
4/30/1982,1982,Apr,1,104.32,1.08,30069.48,10000.0,30.05,14102.7,2.98,6.36,875.65,Sports,City_4
4/30/1982,1982,Apr,1,104.32,1.08,13665.2,161571058.32,30.05,14102.7,2.77,6.36,2077.04,SuperMiniCar,City_4
5/31/1982,1982,May,1,99.76,1.15,34812.15,73943258.96,31.1,13883.13,2.33,6.04,1146.14,ExecutiveCar,City_5
5/31/1982,1982,May,1,99.76,1.15,26864.07,267175768.1,31.1,13883.13,1.98,6.04,1931.01,MediumFamilyCar,City_5
5/31/1982,1982,May,1,99.76,1.15,18882.72,177871283.23,31.1,13883.13,4.0,6.04,2033.36,SmallFamilyCar,City_5
5/31/1982,1982,May,1,99.76,1.15,31094.18,52726641.6,31.1,13883.13,2.25,6.04,890.04,Sports,City_5
5/31/1982,1982,May,1,99.76,1.15,13915.58,10000.0,31.1,13883.13,1.72,6.04,2338.06,SuperMiniCar,City_5
6/30/1982,1982,Jun,1,91.88,1.05,34279.95,10000.0,30.0,13481.51,2.44,6.16,931.71,ExecutiveCar,City_6
6/30/1982,1982,Jun,1,91.88,1.05,25583.23,10000.0,30.0,13481.51,3.06,6.16,1764.05,MediumFamilyCar,City_6
6/30/1982,1982,Jun,1,91.88,1.05,19783.99,10000.0,30.0,13481.51,3.2,6.16,1842.07,SmallFamilyCar,City_6
6/30/1982,1982,Jun,1,91.88,1.05,31424.33,10000.0,30.0,13481.51,1.28,6.16,740.07,Sports,City_6
6/30/1982,1982,Jun,1,91.88,1.05,16265.6,10000.0,30.0,13481.51,1.48,6.16,1869.84,SuperMiniCar,City_6
7/31/1982,1982,Jul,1,85.74,1.0,35644.94,53916226.33,27.41,14037.56,3.27,6.89,686.14,ExecutiveCar,City_7
7/31/1982,1982,Jul,1,85.74,1.0,25468.37,95641170.06,27.41,14037.56,2.56,6.89,1450.95,MediumFamilyCar,City_7
7/31/1982,1982,Jul,1,85.74,1.0,19115.86,62622284.53,27.41,14037.56,2.66,6.89,1797.58,SmallFamilyCar,City_7
7/31/1982,1982,Jul,1,85.74,1.0,32079.61,10000.0,27.41,14037.56,0.25,6.89,859.34,Sports,City_7
7/31/1982,1982,Jul,1,85.74,1.0,16667.18,10000.0,27.41,14037.56,0.64,6.89,1986.07,SuperMiniCar,City_7
8/31/1982,1982,Aug,1,104.09,0.97,33761.5,2261394.9,31.43,14086.36,2.2,6.83,744.2,ExecutiveCar,City_8
8/31/1982,1982,Aug,1,104.09,0.97,28003.0,380996883.73,31.43,14086.36,3.64,6.83,1474.31,MediumFamilyCar,City_8
8/31/1982,1982,Aug,1,104.09,0.97,19950.02,143884825.68,31.43,14086.36,2.94,6.83,1670.81,SmallFamilyCar,City_8
8/31/1982,1982,Aug,1,104.09,0.97,31942.3,124134013.18,31.43,14086.36,3.14,6.83,909.95,Sports,City_8
8/31/1982,1982,Aug,1,104.09,0.97,14290.11,17291453.54,31.43,14086.36,1.94,6.83,1937.19,SuperMiniCar,City_8
9/30/1982,1982,Sep,1,103.78,1.02,35556.5,2376442.99,33.12,13741.64,2.7,7.09,842.35,ExecutiveCar,City_1
9/30/1982,1982,Sep,1,103.78,1.02,26681.59,12974540.82,33.12,13741.64,1.2,7.09,1544.64,MediumFamilyCar,City_1
9/30/1982,1982,Sep,1,103.78,1.02,19202.22,404193825.71,33.12,13741.64,3.39,7.09,1840.49,SmallFamilyCar,City_1
9/30/1982,1982,Sep,1,103.78,1.02,31633.03,7482777.3,33.12,13741.64,2.3,7.09,831.5,Sports,City_1
9/30/1982,1982,Sep,1,103.78,1.02,15596.16,10000.0,33.12,13741.64,1.25,7.09,1896.3,SuperMiniCar,City_1
10/31/1982,1982,Oct,1,87.96,1.1,35323.38,195515005.7,30.15,14189.41,2.54,6.64,950.87,ExecutiveCar,City_2
10/31/1982,1982,Oct,1,87.96,1.1,25497.04,73620004.31,30.15,14189.41,2.88,6.64,1645.14,MediumFamilyCar,City_2
10/31/1982,1982,Oct,1,87.96,1.1,20145.98,10000.0,30.15,14189.41,1.26,6.64,2053.74,SmallFamilyCar,City_2
10/31/1982,1982,Oct,1,87.96,1.1,31607.78,10000.0,30.15,14189.41,1.92,6.64,838.83,Sports,City_2
10/31/1982,1982,Oct,1,87.96,1.1,15313.83,10000.0,30.15,14189.41,2.81,6.64,2116.42,SuperMiniCar,City_2
11/30/1982,1982,Nov,1,97.23,1.08,35626.22,10000.0,28.12,13961.1,0.38,6.59,811.32,ExecutiveCar,City_3
11/30/1982,1982,Nov,1,97.23,1.08,26387.29,6687225.61,28.12,13961.1,2.38,6.59,1550.08,MediumFamilyCar,City_3
11/30/1982,1982,Nov,1,97.23,1.08,17127.73,89102719.18,28.12,13961.1,4.06,6.59,2048.51,SmallFamilyCar,City_3
11/30/1982,1982,Nov,1,97.23,1.08,31130.15,10000.0,28.12,13961.1,1.61,6.59,762.78,Sports,City_3
11/30/1982,1982,Nov,1,97.23,1.08,16858.99,378134821.8,28.12,13961.1,2.16,6.59,2063.26,SuperMiniCar,City_3
12/31/1982,1982,Dec,1,103.89,1.18,34768.38,605691158.89,30.21,14537.87,3.35,6.51,961.83,ExecutiveCar,City_4
12/31/1982,1982,Dec,1,103.89,1.18,27139.2,10000.0,30.21,14537.87,2.01,6.51,1845.85,MediumFamilyCar,City_4
12/31/1982,1982,Dec,1,103.89,1.18,19290.87,62721060.8,30.21,14537.87,2.51,6.51,2227.78,SmallFamilyCar,City_4
12/31/1982,1982,Dec,1,103.89,1.18,31773.97,10000.0,30.21,14537.87,3.17,6.51,995.63,Sports,City_4
12/31/1982,1982,Dec,1,103.89,1.18,14563.16,10000.0,30.21,14537.87,2.58,6.51,2226.63,SuperMiniCar,City_4
1/31/1983,1983,Jan,0,99.96,0.9,34676.73,74190807.62,29.79,15006.62,1.49,4.59,2545.32,ExecutiveCar,City_5
1/31/1983,1983,Jan,0,99.96,0.9,26596.4,10000.0,29.79,15006.62,0.54,4.59,3125.99,MediumFamilyCar,City_5
1/31/1983,1983,Jan,0,99.96,0.9,19222.23,10000.0,29.79,15006.62,2.47,4.59,3284.16,SmallFamilyCar,City_5
1/31/1983,1983,Jan,0,99.96,0.9,32409.12,10000.0,29.79,15006.62,1.33,4.59,2759.2,Sports,City_5
1/31/1983,1983,Jan,0,99.96,0.9,16056.63,357297244.06,29.79,15006.62,2.07,4.59,2862.05,SuperMiniCar,City_5
2/28/1983,1983,Feb,0,102.25,0.95,34744.86,10000.0,29.48,14554.58,3.55,3.7,2731.29,ExecutiveCar,City_6
2/28/1983,1983,Feb,0,102.25,0.95,25856.15,142603247.93,29.48,14554.58,0.96,3.7,3191.85,MediumFamilyCar,City_6
2/28/1983,1983,Feb,0,102.25,0.95,19481.04,10000.0,29.48,14554.58,4.09,3.7,3536.08,SmallFamilyCar,City_6
2/28/1983,1983,Feb,0,102.25,0.95,33299.24,10000.0,29.48,14554.58,1.22,3.7,2856.77,Sports,City_6
2/28/1983,1983,Feb,0,102.25,0.95,14964.5,10000.0,29.48,14554.58,2.9,3.7,3165.51,SuperMiniCar,City_6
3/31/1983,1983,Mar,0,110.44,1.02,35137.53,362306622.89,32.92,15318.9,0.62,4.08,3153.28,ExecutiveCar,City_7
3/31/1983,1983,Mar,0,110.44,1.02,25852.4,35598231.79,32.92,15318.9,1.93,4.08,3515.9,MediumFamilyCar,City_7
3/31/1983,1983,Mar,0,110.44,1.02,20904.74,10000.0,32.92,15318.9,2.91,4.08,3794.95,SmallFamilyCar,City_7
3/31/1983,1983,Mar,0,110.44,1.02,31711.57,1504902.68,32.92,15318.9,2.95,4.08,3153.54,Sports,City_7
3/31/1983,1983,Mar,0,110.44,1.02,17143.42,88951349.1,32.92,15318.9,3.09,4.08,3550.95,SuperMiniCar,City_7
4/30/1983,1983,Apr,0,110.23,1.08,35423.12,130484599.32,32.33,14892.28,3.7,4.27,3210.16,ExecutiveCar,City_8
4/30/1983,1983,Apr,0,110.23,1.08,26261.44,100048091.34,32.33,14892.28,-0.43,4.27,3777.21,MediumFamilyCar,City_8
4/30/1983,1983,Apr,0,110.23,1.08,16480.27,10000.0,32.33,14892.28,2.95,4.27,4065.92,SmallFamilyCar,City_8
4/30/1983,1983,Apr,0,110.23,1.08,30721.06,10000.0,32.33,14892.28,3.87,4.27,3403.32,Sports,City_8
4/30/1983,1983,Apr,0,110.23,1.08,17619.84,10000.0,32.33,14892.28,2.91,4.27,3591.8,SuperMiniCar,City_8
5/31/1983,1983,May,0,101.49,1.15,33622.21,10000.0,30.38,15584.22,1.76,4.35,3334.18,ExecutiveCar,City_1
5/31/1983,1983,May,0,101.49,1.15,26573.69,10000.0,30.38,15584.22,2.39,4.35,4010.91,MediumFamilyCar,City_1
5/31/1983,1983,May,0,101.49,1.15,19892.45,10000.0,30.38,15584.22,1.46,4.35,4237.06,SmallFamilyCar,City_1
5/31/1983,1983,May,0,101.49,1.15,31321.13,10000.0,30.38,15584.22,2.94,4.35,3618.16,Sports,City_1
5/31/1983,1983,May,0,101.49,1.15,14600.93,65960983.38,30.38,15584.22,3.24,4.35,3850.01,SuperMiniCar,City_1
6/30/1983,1983,Jun,0,99.68,1.05,34327.77,231375201.94,31.26,15273.6,3.98,4.52,3004.98,ExecutiveCar,City_2
6/30/1983,1983,Jun,0,99.68,1.05,27597.85,10000.0,31.26,15273.6,2.85,4.52,3736.42,MediumFamilyCar,City_2
6/30/1983,1983,Jun,0,99.68,1.05,19495.94,41122540.77,31.26,15273.6,3.32,4.52,3904.92,SmallFamilyCar,City_2
6/30/1983,1983,Jun,0,99.68,1.05,31067.57,10000.0,31.26,15273.6,3.13,4.52,3187.76,Sports,City_2
6/30/1983,1983,Jun,0,99.68,1.05,16097.67,192368147.39,31.26,15273.6,2.13,4.52,3459.8,SuperMiniCar,City_2
7/31/1983,1983,Jul,0,100.44,1.0,33389.92,10000.0,33.48,15369.06,1.48,4.43,2847.37,ExecutiveCar,City_3
7/31/1983,1983,Jul,0,100.44,1.0,26326.92,10000.0,33.48,15369.06,3.12,4.43,3407.78,MediumFamilyCar,City_3
7/31/1983,1983,Jul,0,100.44,1.0,19651.84,128599353.17,33.48,15369.06,3.12,4.43,3689.05,SmallFamilyCar,City_3
7/31/1983,1983,Jul,0,100.44,1.0,31359.45,10000.0,33.48,15369.06,2.54,4.43,2847.05,Sports,City_3
7/31/1983,1983,Jul,0,100.44,1.0,16661.93,340855181.38,33.48,15369.06,2.7,4.43,3300.81,SuperMiniCar,City_3
8/31/1983,1983,Aug,0,103.62,0.97,34267.78,214139784.73,30.6,15054.91,3.18,4.47,2919.05,ExecutiveCar,City_4
8/31/1983,1983,Aug,0,103.62,0.97,27325.12,207967652.33,30.6,15054.91,2.6,4.47,3230.34,MediumFamilyCar,City_4
8/31/1983,1983,Aug,0,103.62,0.97,18711.64,10000.0,30.6,15054.91,3.04,4.47,3496.47,SmallFamilyCar,City_4
8/31/1983,1983,Aug,0,103.62,0.97,32001.01,10000.0,30.6,15054.91,2.3,4.47,2883.29,Sports,City_4
8/31/1983,1983,Aug,0,103.62,0.97,17781.6,10000.0,30.6,15054.91,3.97,4.47,3232.33,SuperMiniCar,City_4
9/30/1983,1983,Sep,0,106.53,1.02,35877.24,10000.0,31.49,15217.46,3.63,4.44,2973.9,ExecutiveCar,City_5
9/30/1983,1983,Sep,0,106.53,1.02,26497.8,10000.0,31.49,15217.46,2.96,4.44,3451.58,MediumFamilyCar,City_5
9/30/1983,1983,Sep,0,106.53,1.02,19337.12,10000.0,31.49,15217.46,1.39,4.44,3912.23,SmallFamilyCar,City_5
9/30/1983,1983,Sep,0,106.53,1.02,30376.76,10000.0,31.49,15217.46,2.73,4.44,3124.01,Sports,City_5
9/30/1983,1983,Sep,0,106.53,1.02,18072.87,10000.0,31.49,15217.46,3.94,4.44,3533.24,SuperMiniCar,City_5
10/31/1983,1983,Oct,0,107.95,1.1,34387.33,10000.0,30.72,15240.94,0.96,4.25,3245.48,ExecutiveCar,City_6
10/31/1983,1983,Oct,0,107.95,1.1,26324.64,10000.0,30.72,15240.94,2.51,4.25,3864.59,MediumFamilyCar,City_6
10/31/1983,1983,Oct,0,107.95,1.1,19543.29,10000.0,30.72,15240.94,3.73,4.25,4161.82,SmallFamilyCar,City_6
10/31/1983,1983,Oct,0,107.95,1.1,32046.65,227714385.7,30.72,15240.94,3.74,4.25,3555.27,Sports,City_6
10/31/1983,1983,Oct,0,107.95,1.1,16316.78,171788610.95,30.72,15240.94,3.02,4.25,3796.38,SuperMiniCar,City_6
11/30/1983,1983,Nov,0,99.9,1.08,35386.18,395239778.74,29.01,14905.67,2.23,4.55,3245.23,ExecutiveCar,City_7
11/30/1983,1983,Nov,0,99.9,1.08,26353.65,30483081.65,29.01,14905.67,2.58,4.55,3559.54,MediumFamilyCar,City_7
11/30/1983,1983,Nov,0,99.9,1.08,19109.98,110483849.01,29.01,14905.67,1.51,4.55,4050.51,SmallFamilyCar,City_7
11/30/1983,1983,Nov,0,99.9,1.08,31653.49,10000.0,29.01,14905.67,2.26,4.55,3328.45,Sports,City_7
11/30/1983,1983,Nov,0,99.9,1.08,15609.38,508322762.02,29.01,14905.67,2.4,4.55,3541.98,SuperMiniCar,City_7
12/31/1983,1983,Dec,0,101.98,1.18,35819.37,10000.0,30.07,15119.03,3.79,3.57,3376.05,ExecutiveCar,City_8
12/31/1983,1983,Dec,0,101.98,1.18,26575.78,10000.0,30.07,15119.03,2.5,3.57,4050.79,MediumFamilyCar,City_8
12/31/1983,1983,Dec,0,101.98,1.18,17543.31,10000.0,30.07,15119.03,1.96,3.57,4510.08,SmallFamilyCar,City_8
12/31/1983,1983,Dec,0,101.98,1.18,32203.08,110694407.86,30.07,15119.03,2.12,3.57,3623.71,Sports,City_8
12/31/1983,1983,Dec,0,101.98,1.18,16649.66,52929124.44,30.07,15119.03,3.46,3.57,4021.0,SuperMiniCar,City_8
1/31/1984,1984,Jan,0,109.14,0.9,36130.36,10000.0,31.02,15308.16,1.08,4.1,2665.49,ExecutiveCar,City_1
1/31/1984,1984,Jan,0,109.14,0.9,26437.39,10000.0,31.02,15308.16,0.99,4.1,3020.2,MediumFamilyCar,City_1
1/31/1984,1984,Jan,0,109.14,0.9,18843.33,773497024.02,31.02,15308.16,4.3,4.1,3273.18,SmallFamilyCar,City_1
1/31/1984,1984,Jan,0,109.14,0.9,31577.13,10000.0,31.02,15308.16,0.59,4.1,2766.53,Sports,City_1
1/31/1984,1984,Jan,0,109.14,0.9,15135.72,10000.0,31.02,15308.16,0.9,4.1,3028.34,SuperMiniCar,City_1
2/29/1984,1984,Feb,0,107.65,0.95,35635.75,10000.0,31.63,15049.51,3.13,4.35,2676.36,ExecutiveCar,City_2
2/29/1984,1984,Feb,0,107.65,0.95,25626.89,10000.0,31.63,15049.51,2.87,4.35,3292.34,MediumFamilyCar,City_2
2/29/1984,1984,Feb,0,107.65,0.95,19419.21,482191554.65,31.63,15049.51,3.51,4.35,3597.36,SmallFamilyCar,City_2
2/29/1984,1984,Feb,0,107.65,0.95,32468.1,453951698.73,31.63,15049.51,4.46,4.35,2924.89,Sports,City_2
2/29/1984,1984,Feb,0,107.65,0.95,15192.77,427830466.7,31.63,15049.51,1.44,4.35,3078.38,SuperMiniCar,City_2
3/31/1984,1984,Mar,0,107.89,1.02,34412.63,10000.0,30.6,14909.36,1.62,4.13,2951.17,ExecutiveCar,City_3
3/31/1984,1984,Mar,0,107.89,1.02,26966.01,265004171.23,30.6,14909.36,2.01,4.13,3758.32,MediumFamilyCar,City_3
3/31/1984,1984,Mar,0,107.89,1.02,18961.16,10000.0,30.6,14909.36,1.12,4.13,3788.2,SmallFamilyCar,City_3
3/31/1984,1984,Mar,0,107.89,1.02,30068.17,10000.0,30.6,14909.36,3.82,4.13,2999.54,Sports,City_3
3/31/1984,1984,Mar,0,107.89,1.02,16966.45,118498983.07,30.6,14909.36,3.28,4.13,3431.63,SuperMiniCar,City_3
4/30/1984,1984,Apr,0,109.28,1.08,35404.95,10000.0,29.65,15014.78,1.38,4.48,3246.52,ExecutiveCar,City_4
4/30/1984,1984,Apr,0,109.28,1.08,26797.2,97805567.38,29.65,15014.78,1.71,4.48,3641.11,MediumFamilyCar,City_4
4/30/1984,1984,Apr,0,109.28,1.08,19988.43,194681510.63,29.65,15014.78,4.05,4.48,4036.25,SmallFamilyCar,City_4
4/30/1984,1984,Apr,0,109.28,1.08,31066.97,395230272.38,29.65,15014.78,1.97,4.48,3482.75,Sports,City_4
4/30/1984,1984,Apr,0,109.28,1.08,15988.39,10000.0,29.65,15014.78,0.69,4.48,3740.82,SuperMiniCar,City_4
5/31/1984,1984,May,0,110.35,1.15,35193.58,10000.0,33.83,15197.11,1.87,3.75,3343.92,ExecutiveCar,City_5
5/31/1984,1984,May,0,110.35,1.15,26697.17,519767076.62,33.83,15197.11,2.02,3.75,4093.14,MediumFamilyCar,City_5
5/31/1984,1984,May,0,110.35,1.15,19609.93,250570179.09,33.83,15197.11,2.05,3.75,4414.47,SmallFamilyCar,City_5
5/31/1984,1984,May,0,110.35,1.15,31775.6,10000.0,33.83,15197.11,3.16,3.75,3594.9,Sports,City_5
5/31/1984,1984,May,0,110.35,1.15,16408.84,442824142.43,33.83,15197.11,3.95,3.75,3961.35,SuperMiniCar,City_5
6/30/1984,1984,Jun,0,103.19,1.05,36248.06,97110844.1,30.85,15146.26,2.28,4.43,3011.48,ExecutiveCar,City_6
6/30/1984,1984,Jun,0,103.19,1.05,24991.51,10000.0,30.85,15146.26,3.3,4.43,3720.18,MediumFamilyCar,City_6
6/30/1984,1984,Jun,0,103.19,1.05,19732.36,10000.0,30.85,15146.26,2.48,4.43,3881.69,SmallFamilyCar,City_6
6/30/1984,1984,Jun,0,103.19,1.05,32527.36,39928489.03,30.85,15146.26,2.06,4.43,3420.29,Sports,City_6
6/30/1984,1984,Jun,0,103.19,1.05,14230.64,74331267.47,30.85,15146.26,3.35,4.43,3461.63,SuperMiniCar,City_6
7/31/1984,1984,Jul,0,100.79,1.0,33284.48,163937939.91,28.87,14846.1,3.25,4.07,2918.75,ExecutiveCar,City_7
7/31/1984,1984,Jul,0,100.79,1.0,24743.43,10000.0,28.87,14846.1,3.73,4.07,3400.98,MediumFamilyCar,City_7
7/31/1984,1984,Jul,0,100.79,1.0,19253.98,10000.0,28.87,14846.1,3.3,4.07,3416.52,SmallFamilyCar,City_7
7/31/1984,1984,Jul,0,100.79,1.0,32191.16,132809870.86,28.87,14846.1,4.34,4.07,3002.88,Sports,City_7
7/31/1984,1984,Jul,0,100.79,1.0,16234.84,10000.0,28.87,14846.1,3.69,4.07,3303.33,SuperMiniCar,City_7
8/31/1984,1984,Aug,0,105.9,0.97,35725.97,78237144.69,27.67,15049.87,0.91,4.1,2876.19,ExecutiveCar,City_8
8/31/1984,1984,Aug,0,105.9,0.97,27321.62,10000.0,27.67,15049.87,1.43,4.1,3343.48,MediumFamilyCar,City_8
8/31/1984,1984,Aug,0,105.9,0.97,19748.08,129781727.6,27.67,15049.87,4.36,4.1,3688.91,SmallFamilyCar,City_8
8/31/1984,1984,Aug,0,105.9,0.97,32394.31,636299422.94,27.67,15049.87,2.29,4.1,3049.21,Sports,City_8
8/31/1984,1984,Aug,0,105.9,0.97,16276.24,126565849.62,27.67,15049.87,1.97,4.1,3179.29,SuperMiniCar,City_8
9/30/1984,1984,Sep,0,107.47,1.02,34864.68,10000.0,29.34,14981.9,3.06,5.11,3083.05,ExecutiveCar,City_1
9/30/1984,1984,Sep,0,107.47,1.02,27010.1,571532947.53,29.34,14981.9,2.97,5.11,3398.93,MediumFamilyCar,City_1
9/30/1984,1984,Sep,0,107.47,1.02,19126.32,10000.0,29.34,14981.9,2.25,5.11,3748.73,SmallFamilyCar,City_1
9/30/1984,1984,Sep,0,107.47,1.02,32601.05,10000.0,29.34,14981.9,3.36,5.11,3117.84,Sports,City_1
9/30/1984,1984,Sep,0,107.47,1.02,16235.56,10000.0,29.34,14981.9,3.83,5.11,3380.47,SuperMiniCar,City_1
10/31/1984,1984,Oct,0,99.18,1.1,33667.78,10000.0,32.46,15551.41,2.86,4.64,3224.22,ExecutiveCar,City_2
10/31/1984,1984,Oct,0,99.18,1.1,26869.81,87118639.63,32.46,15551.41,3.97,4.64,3797.49,MediumFamilyCar,City_2
10/31/1984,1984,Oct,0,99.18,1.1,17238.36,10000.0,32.46,15551.41,2.34,4.64,4140.59,SmallFamilyCar,City_2
10/31/1984,1984,Oct,0,99.18,1.1,31943.35,293177965.26,32.46,15551.41,1.41,4.64,3186.98,Sports,City_2
10/31/1984,1984,Oct,0,99.18,1.1,15201.34,10000.0,32.46,15551.41,3.98,4.64,3664.84,SuperMiniCar,City_2
11/30/1984,1984,Nov,0,97.58,1.08,34806.0,153611121.66,34.52,15104.36,1.09,4.46,3177.78,ExecutiveCar,City_3
11/30/1984,1984,Nov,0,97.58,1.08,26468.81,10000.0,34.52,15104.36,2.01,4.46,3780.33,MediumFamilyCar,City_3
11/30/1984,1984,Nov,0,97.58,1.08,20087.74,80668604.75,34.52,15104.36,3.15,4.46,3886.55,SmallFamilyCar,City_3
11/30/1984,1984,Nov,0,97.58,1.08,32278.56,10000.0,34.52,15104.36,4.73,4.46,3283.93,Sports,City_3
11/30/1984,1984,Nov,0,97.58,1.08,16942.75,394128487.31,34.52,15104.36,1.65,4.46,3409.54,SuperMiniCar,City_3
12/31/1984,1984,Dec,0,110.37,1.18,34784.47,104268444.28,30.86,15797.32,3.9,4.65,3473.04,ExecutiveCar,City_4
12/31/1984,1984,Dec,0,110.37,1.18,25998.85,246387267.59,30.86,15797.32,3.42,4.65,4123.83,MediumFamilyCar,City_4
12/31/1984,1984,Dec,0,110.37,1.18,20128.4,10000.0,30.86,15797.32,1.57,4.65,4475.26,SmallFamilyCar,City_4
12/31/1984,1984,Dec,0,110.37,1.18,30559.63,55711153.47,30.86,15797.32,2.42,4.65,3595.08,Sports,City_4
12/31/1984,1984,Dec,0,110.37,1.18,13569.5,10000.0,30.86,15797.32,3.62,4.65,3942.22,SuperMiniCar,City_4
1/31/1985,1985,Jan,0,99.74,0.9,35422.03,622838923.28,33.88,15133.84,4.02,4.43,2608.77,ExecutiveCar,City_5
1/31/1985,1985,Jan,0,99.74,0.9,26435.42,10000.0,33.88,15133.84,3.01,4.43,3053.41,MediumFamilyCar,City_5
1/31/1985,1985,Jan,0,99.74,0.9,19348.8,463680013.38,33.88,15133.84,2.39,4.43,3302.58,SmallFamilyCar,City_5
1/31/1985,1985,Jan,0,99.74,0.9,32157.59,420754737.97,33.88,15133.84,2.86,4.43,2978.94,Sports,City_5
1/31/1985,1985,Jan,0,99.74,0.9,15462.81,10000.0,33.88,15133.84,2.96,4.43,3082.0,SuperMiniCar,City_5
2/28/1985,1985,Feb,0,100.21,0.95,33775.9,29426624.49,28.28,15547.14,3.63,4.31,2636.71,ExecutiveCar,City_6
2/28/1985,1985,Feb,0,100.21,0.95,25101.67,10000.0,28.28,15547.14,2.34,4.31,3257.38,MediumFamilyCar,City_6
2/28/1985,1985,Feb,0,100.21,0.95,18499.29,10000.0,28.28,15547.14,4.21,4.31,3700.96,SmallFamilyCar,City_6
2/28/1985,1985,Feb,0,100.21,0.95,32535.65,27096874.21,28.28,15547.14,2.83,4.31,2960.95,Sports,City_6
2/28/1985,1985,Feb,0,100.21,0.95,15394.91,254029072.32,28.28,15547.14,1.13,4.31,3235.25,SuperMiniCar,City_6
3/31/1985,1985,Mar,0,103.23,1.02,34332.64,10000.0,30.95,15382.09,1.4,4.36,2934.58,ExecutiveCar,City_7
3/31/1985,1985,Mar,0,103.23,1.02,25989.93,213633859.16,30.95,15382.09,1.32,4.36,3549.61,MediumFamilyCar,City_7
3/31/1985,1985,Mar,0,103.23,1.02,19165.32,418806432.91,30.95,15382.09,2.83,4.36,3727.75,SmallFamilyCar,City_7
3/31/1985,1985,Mar,0,103.23,1.02,32483.98,10000.0,30.95,15382.09,2.46,4.36,3131.18,Sports,City_7
3/31/1985,1985,Mar,0,103.23,1.02,16148.38,19760133.86,30.95,15382.09,3.05,4.36,3603.66,SuperMiniCar,City_7
4/30/1985,1985,Apr,0,98.43,1.08,36239.62,10000.0,31.42,15523.9,0.57,3.6,3083.75,ExecutiveCar,City_8
4/30/1985,1985,Apr,0,98.43,1.08,24710.26,10000.0,31.42,15523.9,2.31,3.6,3584.12,MediumFamilyCar,City_8
4/30/1985,1985,Apr,0,98.43,1.08,20528.1,378800057.67,31.42,15523.9,2.33,3.6,3940.72,SmallFamilyCar,City_8
4/30/1985,1985,Apr,0,98.43,1.08,32578.83,130953691.43,31.42,15523.9,2.81,3.6,3114.74,Sports,City_8
4/30/1985,1985,Apr,0,98.43,1.08,15110.64,580994171.77,31.42,15523.9,1.54,3.6,3687.24,SuperMiniCar,City_8
5/31/1985,1985,May,0,101.81,1.15,35861.94,63558866.83,34.03,15487.31,2.4,3.71,3351.96,ExecutiveCar,City_1
5/31/1985,1985,May,0,101.81,1.15,26720.67,10000.0,34.03,15487.31,1.7,3.71,4098.73,MediumFamilyCar,City_1
5/31/1985,1985,May,0,101.81,1.15,19981.41,10000.0,34.03,15487.31,1.78,3.71,4317.73,SmallFamilyCar,City_1
5/31/1985,1985,May,0,101.81,1.15,31792.62,10000.0,34.03,15487.31,1.87,3.71,3499.21,Sports,City_1
5/31/1985,1985,May,0,101.81,1.15,16659.73,234096795.92,34.03,15487.31,2.35,3.71,3781.46,SuperMiniCar,City_1
6/30/1985,1985,Jun,0,102.33,1.05,34682.15,10000.0,28.71,15201.99,2.66,4.35,2987.16,ExecutiveCar,City_2
6/30/1985,1985,Jun,0,102.33,1.05,25640.32,7662147.28,28.71,15201.99,2.28,4.35,3685.54,MediumFamilyCar,City_2
6/30/1985,1985,Jun,0,102.33,1.05,19654.65,10000.0,28.71,15201.99,1.24,4.35,3918.53,SmallFamilyCar,City_2
6/30/1985,1985,Jun,0,102.33,1.05,32908.02,10000.0,28.71,15201.99,2.85,4.35,3241.2,Sports,City_2
6/30/1985,1985,Jun,0,102.33,1.05,15920.08,159224085.52,28.71,15201.99,1.8,4.35,3621.28,SuperMiniCar,City_2
7/31/1985,1985,Jul,0,95.45,1.0,34825.58,10000.0,32.89,15270.16,1.09,3.73,2805.39,ExecutiveCar,City_3
7/31/1985,1985,Jul,0,95.45,1.0,26326.34,113471892.48,32.89,15270.16,2.95,3.73,3391.05,MediumFamilyCar,City_3
7/31/1985,1985,Jul,0,95.45,1.0,19855.88,498620672.41,32.89,15270.16,1.43,3.73,3692.34,SmallFamilyCar,City_3
7/31/1985,1985,Jul,0,95.45,1.0,32991.15,298049830.28,32.89,15270.16,1.08,3.73,3046.33,Sports,City_3
7/31/1985,1985,Jul,0,95.45,1.0,17129.0,147042686.25,32.89,15270.16,2.7,3.73,3276.17,SuperMiniCar,City_3
8/31/1985,1985,Aug,0,107.3,0.97,35252.88,10000.0,30.5,15245.58,3.03,4.17,2868.66,ExecutiveCar,City_4
8/31/1985,1985,Aug,0,107.3,0.97,25488.41,97290465.5,30.5,15245.58,1.74,4.17,3653.54,MediumFamilyCar,City_4
8/31/1985,1985,Aug,0,107.3,0.97,19702.25,240836524.35,30.5,15245.58,3.68,4.17,3683.53,SmallFamilyCar,City_4
8/31/1985,1985,Aug,0,107.3,0.97,32990.64,10000.0,30.5,15245.58,4.09,4.17,3042.18,Sports,City_4
8/31/1985,1985,Aug,0,107.3,0.97,16904.77,10000.0,30.5,15245.58,1.67,4.17,3311.52,SuperMiniCar,City_4
9/30/1985,1985,Sep,0,107.27,1.02,35969.06,2330150.59,33.17,15336.48,2.3,4.29,2851.05,ExecutiveCar,City_5
9/30/1985,1985,Sep,0,107.27,1.02,27312.44,10000.0,33.17,15336.48,3.15,4.29,3408.59,MediumFamilyCar,City_5
9/30/1985,1985,Sep,0,107.27,1.02,19707.77,10000.0,33.17,15336.48,3.67,4.29,3671.4,SmallFamilyCar,City_5
9/30/1985,1985,Sep,0,107.27,1.02,31529.69,10000.0,33.17,15336.48,3.77,4.29,3160.65,Sports,City_5
9/30/1985,1985,Sep,0,107.27,1.02,15734.0,10000.0,33.17,15336.48,0.93,4.29,3493.37,SuperMiniCar,City_5
10/31/1985,1985,Oct,0,109.38,1.1,34309.89,10000.0,31.26,15397.12,4.3,3.68,3505.51,ExecutiveCar,City_6
10/31/1985,1985,Oct,0,109.38,1.1,26353.03,67290501.54,31.26,15397.12,2.5,3.68,3967.15,MediumFamilyCar,City_6
10/31/1985,1985,Oct,0,109.38,1.1,19106.06,10000.0,31.26,15397.12,0.9,3.68,4168.36,SmallFamilyCar,City_6
10/31/1985,1985,Oct,0,109.38,1.1,32445.02,10000.0,31.26,15397.12,0.88,3.68,3464.15,Sports,City_6
10/31/1985,1985,Oct,0,109.38,1.1,16334.12,10000.0,31.26,15397.12,2.22,3.68,3832.83,SuperMiniCar,City_6
11/30/1985,1985,Nov,0,103.58,1.08,35702.17,10000.0,33.46,14924.83,2.75,3.94,3117.91,ExecutiveCar,City_7
11/30/1985,1985,Nov,0,103.58,1.08,27608.45,10000.0,33.46,14924.83,0.93,3.94,3722.89,MediumFamilyCar,City_7
11/30/1985,1985,Nov,0,103.58,1.08,19239.5,10000.0,33.46,14924.83,2.91,3.94,3883.87,SmallFamilyCar,City_7
11/30/1985,1985,Nov,0,103.58,1.08,33984.69,10000.0,33.46,14924.83,2.7,3.94,3301.71,Sports,City_7
11/30/1985,1985,Nov,0,103.58,1.08,15647.78,41016645.85,33.46,14924.83,0.17,3.94,3517.63,SuperMiniCar,City_7
12/31/1985,1985,Dec,0,103.96,1.18,35058.84,10000.0,31.52,15359.21,0.22,4.97,3555.37,ExecutiveCar,City_8
12/31/1985,1985,Dec,0,103.96,1.18,26819.47,10000.0,31.52,15359.21,2.63,4.97,4125.57,MediumFamilyCar,City_8
12/31/1985,1985,Dec,0,103.96,1.18,19242.26,191689631.02,31.52,15359.21,1.16,4.97,4312.56,SmallFamilyCar,City_8
12/31/1985,1985,Dec,0,103.96,1.18,30966.85,10000.0,31.52,15359.21,4.42,4.97,3739.5,Sports,City_8
12/31/1985,1985,Dec,0,103.96,1.18,16120.58,10000.0,31.52,15359.21,1.97,4.97,4050.44,SuperMiniCar,City_8
1/31/1986,1986,Jan,0,105.59,0.9,34274.42,10000.0,31.14,15378.32,3.41,4.31,2644.59,ExecutiveCar,City_1
1/31/1986,1986,Jan,0,105.59,0.9,26940.36,10000.0,31.14,15378.32,2.61,4.31,3002.49,MediumFamilyCar,City_1
1/31/1986,1986,Jan,0,105.59,0.9,20979.91,160812019.72,31.14,15378.32,1.19,4.31,3329.33,SmallFamilyCar,City_1
1/31/1986,1986,Jan,0,105.59,0.9,31682.28,10000.0,31.14,15378.32,2.81,4.31,2868.98,Sports,City_1
1/31/1986,1986,Jan,0,105.59,0.9,16865.28,10000.0,31.14,15378.32,1.88,4.31,2992.26,SuperMiniCar,City_1
2/28/1986,1986,Feb,0,110.95,0.95,37242.12,10000.0,32.46,15195.91,2.57,4.1,3008.07,ExecutiveCar,City_2
2/28/1986,1986,Feb,0,110.95,0.95,26469.92,10000.0,32.46,15195.91,1.44,4.1,3233.12,MediumFamilyCar,City_2
2/28/1986,1986,Feb,0,110.95,0.95,19682.57,10000.0,32.46,15195.91,3.34,4.1,3494.54,SmallFamilyCar,City_2
2/28/1986,1986,Feb,0,110.95,0.95,34549.66,10000.0,32.46,15195.91,2.57,4.1,2908.21,Sports,City_2
2/28/1986,1986,Feb,0,110.95,0.95,17515.87,325116872.71,32.46,15195.91,2.8,4.1,3121.95,SuperMiniCar,City_2
3/31/1986,1986,Mar,0,100.95,1.02,35504.35,10000.0,34.12,15023.3,1.52,4.37,3068.64,ExecutiveCar,City_3
3/31/1986,1986,Mar,0,100.95,1.02,28062.31,334048911.13,34.12,15023.3,0.91,4.37,3581.97,MediumFamilyCar,City_3
3/31/1986,1986,Mar,0,100.95,1.02,20610.41,10000.0,34.12,15023.3,2.49,4.37,3807.72,SmallFamilyCar,City_3
3/31/1986,1986,Mar,0,100.95,1.02,32061.39,10000.0,34.12,15023.3,2.17,4.37,3175.24,Sports,City_3
3/31/1986,1986,Mar,0,100.95,1.02,16032.54,10000.0,34.12,15023.3,2.06,4.37,3380.57,SuperMiniCar,City_3
4/30/1986,1986,Apr,0,104.63,1.08,33891.27,128340798.36,30.38,15350.07,2.5,4.45,3198.42,ExecutiveCar,City_4
4/30/1986,1986,Apr,0,104.63,1.08,27860.59,10000.0,30.38,15350.07,0.53,4.45,3753.01,MediumFamilyCar,City_4
4/30/1986,1986,Apr,0,104.63,1.08,19792.31,54111635.82,30.38,15350.07,2.04,4.45,4055.04,SmallFamilyCar,City_4
4/30/1986,1986,Apr,0,104.63,1.08,33048.11,114583213.16,30.38,15350.07,2.24,4.45,3420.64,Sports,City_4
4/30/1986,1986,Apr,0,104.63,1.08,16766.39,354795575.37,30.38,15350.07,3.14,4.45,3437.09,SuperMiniCar,City_4
5/31/1986,1986,May,0,109.87,1.15,35246.84,200981236.15,34.32,15140.09,2.56,4.54,3346.99,ExecutiveCar,City_5
5/31/1986,1986,May,0,109.87,1.15,27423.69,174337806.69,34.32,15140.09,2.59,4.54,3925.86,MediumFamilyCar,City_5
5/31/1986,1986,May,0,109.87,1.15,19591.04,469021546.33,34.32,15140.09,1.6,4.54,4353.76,SmallFamilyCar,City_5
5/31/1986,1986,May,0,109.87,1.15,32310.79,208012069.27,34.32,15140.09,1.0,4.54,3554.96,Sports,City_5
5/31/1986,1986,May,0,109.87,1.15,14520.82,9615224.18,34.32,15140.09,1.38,4.54,3787.17,SuperMiniCar,City_5
6/30/1986,1986,Jun,0,103.11,1.05,35965.69,127827858.1,31.66,15263.86,1.81,4.53,3062.14,ExecutiveCar,City_6
6/30/1986,1986,Jun,0,103.11,1.05,27926.99,118555512.68,31.66,15263.86,1.1,4.53,3616.76,MediumFamilyCar,City_6
6/30/1986,1986,Jun,0,103.11,1.05,18930.31,448160397.23,31.66,15263.86,3.52,4.53,3966.17,SmallFamilyCar,City_6
6/30/1986,1986,Jun,0,103.11,1.05,32427.79,10000.0,31.66,15263.86,3.18,4.53,3280.78,Sports,City_6
6/30/1986,1986,Jun,0,103.11,1.05,16339.46,253248542.63,31.66,15263.86,1.94,4.53,3489.12,SuperMiniCar,City_6
7/31/1986,1986,Jul,0,101.21,1.0,36875.13,383241316.0,27.54,15205.95,0.87,3.88,3011.11,ExecutiveCar,City_7
7/31/1986,1986,Jul,0,101.21,1.0,28229.69,10000.0,27.54,15205.95,2.6,3.88,3526.74,MediumFamilyCar,City_7
7/31/1986,1986,Jul,0,101.21,1.0,20011.39,10000.0,27.54,15205.95,2.7,3.88,3525.18,SmallFamilyCar,City_7
7/31/1986,1986,Jul,0,101.21,1.0,32736.29,242441674.78,27.54,15205.95,1.72,3.88,2948.29,Sports,City_7
7/31/1986,1986,Jul,0,101.21,1.0,14426.18,10000.0,27.54,15205.95,1.92,3.88,3246.65,SuperMiniCar,City_7
8/31/1986,1986,Aug,0,103.98,0.97,36285.04,162182023.92,29.05,14972.25,2.37,4.46,2808.33,ExecutiveCar,City_8
8/31/1986,1986,Aug,0,103.98,0.97,26163.27,9871295.3,29.05,14972.25,2.65,4.46,3421.77,MediumFamilyCar,City_8
8/31/1986,1986,Aug,0,103.98,0.97,20146.37,10000.0,29.05,14972.25,3.01,4.46,3569.28,SmallFamilyCar,City_8
8/31/1986,1986,Aug,0,103.98,0.97,29968.27,281658736.96,29.05,14972.25,-0.55,4.46,3064.02,Sports,City_8
8/31/1986,1986,Aug,0,103.98,0.97,16971.28,10000.0,29.05,14972.25,1.03,4.46,3204.04,SuperMiniCar,City_8
9/30/1986,1986,Sep,0,97.35,1.02,34474.08,10000.0,33.46,15086.57,1.48,4.66,2960.84,ExecutiveCar,City_1
9/30/1986,1986,Sep,0,97.35,1.02,27677.94,10000.0,33.46,15086.57,2.1,4.66,3568.74,MediumFamilyCar,City_1
9/30/1986,1986,Sep,0,97.35,1.02,20832.81,10000.0,33.46,15086.57,4.1,4.66,3664.62,SmallFamilyCar,City_1
9/30/1986,1986,Sep,0,97.35,1.02,31372.45,10000.0,33.46,15086.57,1.7,4.66,3119.03,Sports,City_1
9/30/1986,1986,Sep,0,97.35,1.02,16226.86,10000.0,33.46,15086.57,0.32,4.66,3261.28,SuperMiniCar,City_1
10/31/1986,1986,Oct,0,102.62,1.1,37028.77,15277400.46,29.38,15265.08,2.75,3.67,3165.63,ExecutiveCar,City_2
10/31/1986,1986,Oct,0,102.62,1.1,26568.83,64945796.3,29.38,15265.08,1.48,3.67,3649.53,MediumFamilyCar,City_2
10/31/1986,1986,Oct,0,102.62,1.1,18835.84,10000.0,29.38,15265.08,1.91,3.67,4189.5,SmallFamilyCar,City_2
10/31/1986,1986,Oct,0,102.62,1.1,31789.61,10000.0,29.38,15265.08,2.26,3.67,3434.97,Sports,City_2
10/31/1986,1986,Oct,0,102.62,1.1,16539.08,69328187.66,29.38,15265.08,2.41,3.67,3634.54,SuperMiniCar,City_2
11/30/1986,1986,Nov,0,104.94,1.08,36785.27,10000.0,30.59,15252.39,3.27,4.58,3199.59,ExecutiveCar,City_3
11/30/1986,1986,Nov,0,104.94,1.08,27265.82,474315542.65,30.59,15252.39,2.99,4.58,3569.38,MediumFamilyCar,City_3
11/30/1986,1986,Nov,0,104.94,1.08,19349.64,9981907.51,30.59,15252.39,2.25,4.58,4045.23,SmallFamilyCar,City_3
11/30/1986,1986,Nov,0,104.94,1.08,32070.1,47025978.68,30.59,15252.39,1.73,4.58,3282.85,Sports,City_3
11/30/1986,1986,Nov,0,104.94,1.08,15062.81,113551894.63,30.59,15252.39,3.05,4.58,3560.71,SuperMiniCar,City_3
12/31/1986,1986,Dec,0,106.4,1.18,35354.77,10000.0,31.98,15417.92,4.71,4.64,3522.86,ExecutiveCar,City_4
12/31/1986,1986,Dec,0,106.4,1.18,26559.3,130789872.53,31.98,15417.92,2.75,4.64,4064.04,MediumFamilyCar,City_4
12/31/1986,1986,Dec,0,106.4,1.18,20696.14,10000.0,31.98,15417.92,1.39,4.64,4280.01,SmallFamilyCar,City_4
12/31/1986,1986,Dec,0,106.4,1.18,32802.54,10000.0,31.98,15417.92,4.28,4.64,3790.83,Sports,City_4
12/31/1986,1986,Dec,0,106.4,1.18,16142.84,461770898.02,31.98,15417.92,2.66,4.64,4046.97,SuperMiniCar,City_4
1/31/1987,1987,Jan,0,108.62,0.9,35034.01,35173828.75,32.35,15412.98,2.43,4.07,2695.94,ExecutiveCar,City_5
1/31/1987,1987,Jan,0,108.62,0.9,26096.55,170933164.5,32.35,15412.98,-0.1,4.07,3040.59,MediumFamilyCar,City_5
1/31/1987,1987,Jan,0,108.62,0.9,19548.53,416708273.27,32.35,15412.98,2.01,4.07,3423.15,SmallFamilyCar,City_5
1/31/1987,1987,Jan,0,108.62,0.9,32201.47,27110333.2,32.35,15412.98,3.24,4.07,2899.01,Sports,City_5
1/31/1987,1987,Jan,0,108.62,0.9,17056.74,10000.0,32.35,15412.98,2.79,4.07,3028.78,SuperMiniCar,City_5
2/28/1987,1987,Feb,0,114.62,0.95,34870.53,178333223.88,29.87,15650.66,3.0,4.53,2740.22,ExecutiveCar,City_6
2/28/1987,1987,Feb,0,114.62,0.95,26375.63,231898168.77,29.87,15650.66,1.28,4.53,3384.68,MediumFamilyCar,City_6
2/28/1987,1987,Feb,0,114.62,0.95,22216.95,116819574.26,29.87,15650.66,3.08,4.53,3736.93,SmallFamilyCar,City_6
2/28/1987,1987,Feb,0,114.62,0.95,31070.83,10000.0,29.87,15650.66,1.41,4.53,2975.54,Sports,City_6
2/28/1987,1987,Feb,0,114.62,0.95,17637.39,79644327.61,29.87,15650.66,2.88,4.53,3136.76,SuperMiniCar,City_6
3/31/1987,1987,Mar,0,110.34,1.02,35509.2,10000.0,31.34,15342.74,1.09,4.24,3111.98,ExecutiveCar,City_7
3/31/1987,1987,Mar,0,110.34,1.02,27064.75,17202287.44,31.34,15342.74,1.21,4.24,3410.79,MediumFamilyCar,City_7
3/31/1987,1987,Mar,0,110.34,1.02,19974.0,10000.0,31.34,15342.74,1.58,4.24,3863.96,SmallFamilyCar,City_7
3/31/1987,1987,Mar,0,110.34,1.02,32828.65,10000.0,31.34,15342.74,2.66,4.24,3261.39,Sports,City_7
3/31/1987,1987,Mar,0,110.34,1.02,16881.16,10000.0,31.34,15342.74,2.03,4.24,3588.38,SuperMiniCar,City_7
4/30/1987,1987,Apr,0,106.88,1.08,36321.01,25639995.54,32.66,15262.66,3.28,4.46,3228.72,ExecutiveCar,City_8
4/30/1987,1987,Apr,0,106.88,1.08,26630.38,10000.0,32.66,15262.66,4.04,4.46,3863.17,MediumFamilyCar,City_8
4/30/1987,1987,Apr,0,106.88,1.08,18559.41,10000.0,32.66,15262.66,3.27,4.46,4086.94,SmallFamilyCar,City_8
4/30/1987,1987,Apr,0,106.88,1.08,32109.35,332765110.06,32.66,15262.66,1.45,4.46,3358.9,Sports,City_8
4/30/1987,1987,Apr,0,106.88,1.08,16428.61,113916741.05,32.66,15262.66,3.0,4.46,3591.77,SuperMiniCar,City_8
5/31/1987,1987,May,0,108.2,1.15,35752.03,58159188.05,30.88,15647.81,3.27,4.37,3441.12,ExecutiveCar,City_1
5/31/1987,1987,May,0,108.2,1.15,27309.37,10000.0,30.88,15647.81,2.57,4.37,4090.56,MediumFamilyCar,City_1
5/31/1987,1987,May,0,108.2,1.15,20085.55,702744056.07,30.88,15647.81,1.98,4.37,4336.49,SmallFamilyCar,City_1
5/31/1987,1987,May,0,108.2,1.15,33373.77,23373479.91,30.88,15647.81,4.84,4.37,3656.08,Sports,City_1
5/31/1987,1987,May,0,108.2,1.15,16518.77,10000.0,30.88,15647.81,2.15,4.37,3881.38,SuperMiniCar,City_1
6/30/1987,1987,Jun,0,107.44,1.05,35400.27,729784257.9,33.92,15482.23,2.89,4.6,3119.23,ExecutiveCar,City_2
6/30/1987,1987,Jun,0,107.44,1.05,26718.59,10000.0,33.92,15482.23,3.44,4.6,3608.72,MediumFamilyCar,City_2
6/30/1987,1987,Jun,0,107.44,1.05,20032.89,10000.0,33.92,15482.23,3.23,4.6,3916.86,SmallFamilyCar,City_2
6/30/1987,1987,Jun,0,107.44,1.05,31658.54,53363644.44,33.92,15482.23,3.1,4.6,3212.46,Sports,City_2
6/30/1987,1987,Jun,0,107.44,1.05,15611.94,197567814.25,33.92,15482.23,1.76,4.6,3598.89,SuperMiniCar,City_2
7/31/1987,1987,Jul,0,111.86,1.0,36663.77,759106736.64,32.67,15289.62,0.79,3.97,3071.84,ExecutiveCar,City_3
7/31/1987,1987,Jul,0,111.86,1.0,26781.06,10000.0,32.67,15289.62,1.42,3.97,3473.05,MediumFamilyCar,City_3
7/31/1987,1987,Jul,0,111.86,1.0,18957.72,106818933.46,32.67,15289.62,2.55,3.97,3779.15,SmallFamilyCar,City_3
7/31/1987,1987,Jul,0,111.86,1.0,32925.18,143294568.03,32.67,15289.62,2.13,3.97,3218.71,Sports,City_3
7/31/1987,1987,Jul,0,111.86,1.0,16447.04,10000.0,32.67,15289.62,1.5,3.97,3638.94,SuperMiniCar,City_3
8/31/1987,1987,Aug,0,105.45,0.97,36105.19,196050656.02,30.46,14984.87,1.57,4.31,3073.79,ExecutiveCar,City_4
8/31/1987,1987,Aug,0,105.45,0.97,27303.44,52414868.59,30.46,14984.87,0.64,4.31,3293.58,MediumFamilyCar,City_4
8/31/1987,1987,Aug,0,105.45,0.97,19942.26,10000.0,30.46,14984.87,1.69,4.31,3624.24,SmallFamilyCar,City_4
8/31/1987,1987,Aug,0,105.45,0.97,32377.51,21661551.61,30.46,14984.87,3.1,4.31,2983.22,Sports,City_4
8/31/1987,1987,Aug,0,105.45,0.97,16024.02,10000.0,30.46,14984.87,2.94,4.31,3390.03,SuperMiniCar,City_4
9/30/1987,1987,Sep,0,109.56,1.02,37088.66,10000.0,33.36,15572.71,2.51,4.15,3180.96,ExecutiveCar,City_5
9/30/1987,1987,Sep,0,109.56,1.02,27195.54,10000.0,33.36,15572.71,1.01,4.15,3595.85,MediumFamilyCar,City_5
9/30/1987,1987,Sep,0,109.56,1.02,19316.32,27516294.52,33.36,15572.71,1.71,4.15,3871.85,SmallFamilyCar,City_5
9/30/1987,1987,Sep,0,109.56,1.02,32706.44,35938959.66,33.36,15572.71,3.08,4.15,3114.74,Sports,City_5
9/30/1987,1987,Sep,0,109.56,1.02,16481.33,141493897.14,33.36,15572.71,1.42,4.15,3695.13,SuperMiniCar,City_5
10/31/1987,1987,Oct,0,101.84,1.1,35593.85,10000.0,29.31,15098.27,2.2,4.85,3233.31,ExecutiveCar,City_6
10/31/1987,1987,Oct,0,101.84,1.1,26629.21,10000.0,29.31,15098.27,3.44,4.85,3921.71,MediumFamilyCar,City_6
10/31/1987,1987,Oct,0,101.84,1.1,19434.59,10000.0,29.31,15098.27,1.76,4.85,4135.64,SmallFamilyCar,City_6
10/31/1987,1987,Oct,0,101.84,1.1,33451.54,10000.0,29.31,15098.27,2.42,4.85,3402.19,Sports,City_6
10/31/1987,1987,Oct,0,101.84,1.1,14354.49,301408142.92,29.31,15098.27,1.32,4.85,3755.48,SuperMiniCar,City_6
11/30/1987,1987,Nov,0,110.88,1.08,35038.18,37408854.68,32.5,15503.0,2.31,4.39,3016.91,ExecutiveCar,City_7
11/30/1987,1987,Nov,0,110.88,1.08,27905.49,184021489.79,32.5,15503.0,2.29,4.39,3857.03,MediumFamilyCar,City_7
11/30/1987,1987,Nov,0,110.88,1.08,19566.62,132715951.45,32.5,15503.0,1.41,4.39,3920.7,SmallFamilyCar,City_7
11/30/1987,1987,Nov,0,110.88,1.08,33245.71,30227343.58,32.5,15503.0,-0.56,4.39,3473.39,Sports,City_7
11/30/1987,1987,Nov,0,110.88,1.08,17768.45,10000.0,32.5,15503.0,0.52,4.39,3576.45,SuperMiniCar,City_7
12/31/1987,1987,Dec,0,110.97,1.18,35956.41,188332500.89,31.95,15728.81,4.78,4.3,3588.61,ExecutiveCar,City_8
12/31/1987,1987,Dec,0,110.97,1.18,26009.73,135124516.6,31.95,15728.81,3.64,4.3,4259.23,MediumFamilyCar,City_8
12/31/1987,1987,Dec,0,110.97,1.18,19589.72,371081135.38,31.95,15728.81,3.43,4.3,4592.21,SmallFamilyCar,City_8
12/31/1987,1987,Dec,0,110.97,1.18,31919.0,10000.0,31.95,15728.81,2.19,4.3,3976.02,Sports,City_8
12/31/1987,1987,Dec,0,110.97,1.18,15547.48,10000.0,31.95,15728.81,2.07,4.3,3996.03,SuperMiniCar,City_8
1/31/1988,1988,Jan,0,114.71,0.9,36113.14,223986434.65,31.63,15572.34,2.78,4.13,2859.15,ExecutiveCar,City_1
1/31/1988,1988,Jan,0,114.71,0.9,27500.75,150653209.53,31.63,15572.34,2.87,4.13,3346.63,MediumFamilyCar,City_1
1/31/1988,1988,Jan,0,114.71,0.9,20387.99,714381355.62,31.63,15572.34,2.23,4.13,3429.25,SmallFamilyCar,City_1
1/31/1988,1988,Jan,0,114.71,0.9,33742.22,271926431.22,31.63,15572.34,2.51,4.13,2920.38,Sports,City_1
1/31/1988,1988,Jan,0,114.71,0.9,16781.36,10000.0,31.63,15572.34,3.97,4.13,2894.15,SuperMiniCar,City_1
2/29/1988,1988,Feb,0,101.94,0.95,35877.12,10000.0,28.49,15522.37,2.58,4.65,2834.65,ExecutiveCar,City_2
2/29/1988,1988,Feb,0,101.94,0.95,28123.62,318553097.55,28.49,15522.37,3.34,4.65,3565.74,MediumFamilyCar,City_2
2/29/1988,1988,Feb,0,101.94,0.95,19911.94,10000.0,28.49,15522.37,2.31,4.65,3689.87,SmallFamilyCar,City_2
2/29/1988,1988,Feb,0,101.94,0.95,31960.16,10000.0,28.49,15522.37,1.81,4.65,3034.88,Sports,City_2
2/29/1988,1988,Feb,0,101.94,0.95,16967.57,190744837.56,28.49,15522.37,3.12,4.65,3346.94,SuperMiniCar,City_2
3/31/1988,1988,Mar,0,100.67,1.02,36163.19,327703766.31,27.23,15470.69,4.07,4.37,3027.74,ExecutiveCar,City_3
3/31/1988,1988,Mar,0,100.67,1.02,26657.58,10000.0,27.23,15470.69,2.98,4.37,3691.32,MediumFamilyCar,City_3
3/31/1988,1988,Mar,0,100.67,1.02,21248.08,357963249.37,27.23,15470.69,2.11,4.37,4047.04,SmallFamilyCar,City_3
3/31/1988,1988,Mar,0,100.67,1.02,33367.13,10000.0,27.23,15470.69,2.26,4.37,3088.19,Sports,City_3
3/31/1988,1988,Mar,0,100.67,1.02,17642.33,10000.0,27.23,15470.69,0.06,4.37,3425.53,SuperMiniCar,City_3
4/30/1988,1988,Apr,0,106.19,1.08,36536.27,10000.0,31.43,15606.11,1.98,4.06,3204.83,ExecutiveCar,City_4
4/30/1988,1988,Apr,0,106.19,1.08,26964.73,10000.0,31.43,15606.11,3.17,4.06,3862.63,MediumFamilyCar,City_4
4/30/1988,1988,Apr,0,106.19,1.08,20028.0,10000.0,31.43,15606.11,3.21,4.06,4187.75,SmallFamilyCar,City_4
4/30/1988,1988,Apr,0,106.19,1.08,32983.04,10000.0,31.43,15606.11,1.34,4.06,3243.19,Sports,City_4
4/30/1988,1988,Apr,0,106.19,1.08,16221.36,10000.0,31.43,15606.11,3.09,4.06,3642.31,SuperMiniCar,City_4
5/31/1988,1988,May,0,107.27,1.15,34586.0,78875021.28,30.2,15368.48,2.15,4.64,3355.3,ExecutiveCar,City_5
5/31/1988,1988,May,0,107.27,1.15,27027.43,10000.0,30.2,15368.48,4.08,4.64,3815.29,MediumFamilyCar,City_5
5/31/1988,1988,May,0,107.27,1.15,18910.92,354951292.07,30.2,15368.48,3.86,4.64,4180.42,SmallFamilyCar,City_5
5/31/1988,1988,May,0,107.27,1.15,32230.33,147007143.65,30.2,15368.48,0.17,4.64,3547.72,Sports,City_5
5/31/1988,1988,May,0,107.27,1.15,16143.41,453579218.39,30.2,15368.48,2.06,4.64,3743.22,SuperMiniCar,City_5
6/30/1988,1988,Jun,0,115.48,1.05,37361.64,10000.0,30.45,15505.23,3.53,4.7,3186.96,ExecutiveCar,City_6
6/30/1988,1988,Jun,0,115.48,1.05,27537.98,10000.0,30.45,15505.23,1.54,4.7,3651.22,MediumFamilyCar,City_6
6/30/1988,1988,Jun,0,115.48,1.05,20285.13,318370990.08,30.45,15505.23,2.37,4.7,3934.26,SmallFamilyCar,City_6
6/30/1988,1988,Jun,0,115.48,1.05,33192.94,10000.0,30.45,15505.23,3.24,4.7,3363.04,Sports,City_6
6/30/1988,1988,Jun,0,115.48,1.05,18450.9,10000.0,30.45,15505.23,2.04,4.7,3713.91,SuperMiniCar,City_6
7/31/1988,1988,Jul,0,103.59,1.0,35241.93,10000.0,30.79,15672.24,2.59,4.59,3019.82,ExecutiveCar,City_7
7/31/1988,1988,Jul,0,103.59,1.0,26972.32,10000.0,30.79,15672.24,0.58,4.59,3583.8,MediumFamilyCar,City_7
7/31/1988,1988,Jul,0,103.59,1.0,19013.47,10000.0,30.79,15672.24,1.31,4.59,3629.92,SmallFamilyCar,City_7
7/31/1988,1988,Jul,0,103.59,1.0,32116.73,10000.0,30.79,15672.24,3.82,4.59,3057.88,Sports,City_7
7/31/1988,1988,Jul,0,103.59,1.0,16380.9,10000.0,30.79,15672.24,2.07,4.59,3447.91,SuperMiniCar,City_7
8/31/1988,1988,Aug,0,101.92,0.97,36073.37,206579682.57,31.67,15561.94,2.22,4.5,2677.96,ExecutiveCar,City_8
8/31/1988,1988,Aug,0,101.92,0.97,26751.01,66100228.8,31.67,15561.94,2.46,4.5,3547.21,MediumFamilyCar,City_8
8/31/1988,1988,Aug,0,101.92,0.97,19972.54,34371282.55,31.67,15561.94,3.35,4.5,3616.95,SmallFamilyCar,City_8
8/31/1988,1988,Aug,0,101.92,0.97,32734.2,194464667.65,31.67,15561.94,1.8,4.5,3152.95,Sports,City_8
8/31/1988,1988,Aug,0,101.92,0.97,15758.41,319219087.97,31.67,15561.94,4.71,4.5,3346.67,SuperMiniCar,City_8
9/30/1988,1988,Sep,0,103.53,1.02,36103.13,273362252.35,34.06,15449.48,2.98,3.53,3095.78,ExecutiveCar,City_1
9/30/1988,1988,Sep,0,103.53,1.02,28191.54,461823765.05,34.06,15449.48,2.86,3.53,3692.82,MediumFamilyCar,City_1
9/30/1988,1988,Sep,0,103.53,1.02,19818.3,10000.0,34.06,15449.48,4.21,3.53,3930.09,SmallFamilyCar,City_1
9/30/1988,1988,Sep,0,103.53,1.02,33379.9,29598944.87,34.06,15449.48,1.91,3.53,3223.95,Sports,City_1
9/30/1988,1988,Sep,0,103.53,1.02,17516.8,162570813.31,34.06,15449.48,0.79,3.53,3471.4,SuperMiniCar,City_1
10/31/1988,1988,Oct,0,105.04,1.1,36449.91,10000.0,28.0,15426.19,2.13,4.92,3448.99,ExecutiveCar,City_2
10/31/1988,1988,Oct,0,105.04,1.1,27022.41,348518830.24,28.0,15426.19,3.04,4.92,3945.51,MediumFamilyCar,City_2
10/31/1988,1988,Oct,0,105.04,1.1,20180.41,10000.0,28.0,15426.19,3.55,4.92,4152.7,SmallFamilyCar,City_2
10/31/1988,1988,Oct,0,105.04,1.1,31438.46,146578687.98,28.0,15426.19,3.13,4.92,3359.0,Sports,City_2
10/31/1988,1988,Oct,0,105.04,1.1,16694.18,10000.0,28.0,15426.19,3.29,4.92,3773.6,SuperMiniCar,City_2
11/30/1988,1988,Nov,0,104.6,1.08,36303.83,10000.0,35.64,15468.61,2.39,4.13,3054.7,ExecutiveCar,City_3
11/30/1988,1988,Nov,0,104.6,1.08,25787.98,118165519.5,35.64,15468.61,2.12,4.13,3743.16,MediumFamilyCar,City_3
11/30/1988,1988,Nov,0,104.6,1.08,20735.65,458852225.83,35.64,15468.61,3.99,4.13,3867.34,SmallFamilyCar,City_3
11/30/1988,1988,Nov,0,104.6,1.08,32772.85,316722800.66,35.64,15468.61,4.18,4.13,3423.07,Sports,City_3
11/30/1988,1988,Nov,0,104.6,1.08,15614.77,59031682.87,35.64,15468.61,2.94,4.13,3779.07,SuperMiniCar,City_3
12/31/1988,1988,Dec,0,116.23,1.18,36050.33,10000.0,32.88,15027.6,2.88,4.46,3732.53,ExecutiveCar,City_4
12/31/1988,1988,Dec,0,116.23,1.18,26684.98,384336548.98,32.88,15027.6,3.87,4.46,4145.33,MediumFamilyCar,City_4
12/31/1988,1988,Dec,0,116.23,1.18,20838.4,10000.0,32.88,15027.6,2.84,4.46,4443.81,SmallFamilyCar,City_4
12/31/1988,1988,Dec,0,116.23,1.18,33531.48,19821198.64,32.88,15027.6,3.91,4.46,3825.36,Sports,City_4
12/31/1988,1988,Dec,0,116.23,1.18,16867.35,10000.0,32.88,15027.6,4.66,4.46,4126.17,SuperMiniCar,City_4
1/31/1989,1989,Jan,0,98.76,0.9,36371.51,10000.0,30.15,15657.46,3.54,4.55,2774.35,ExecutiveCar,City_5
1/31/1989,1989,Jan,0,98.76,0.9,28767.05,10000.0,30.15,15657.46,2.7,4.55,3071.19,MediumFamilyCar,City_5
1/31/1989,1989,Jan,0,98.76,0.9,19479.01,10000.0,30.15,15657.46,2.3,4.55,3467.9,SmallFamilyCar,City_5
1/31/1989,1989,Jan,0,98.76,0.9,31888.3,10000.0,30.15,15657.46,3.32,4.55,2875.16,Sports,City_5
1/31/1989,1989,Jan,0,98.76,0.9,16162.72,10000.0,30.15,15657.46,1.82,4.55,2972.35,SuperMiniCar,City_5
2/28/1989,1989,Feb,0,102.53,0.95,35595.53,418198061.34,35.11,15538.11,2.71,4.63,2759.38,ExecutiveCar,City_6
2/28/1989,1989,Feb,0,102.53,0.95,27513.89,412251878.65,35.11,15538.11,3.97,4.63,3267.48,MediumFamilyCar,City_6
2/28/1989,1989,Feb,0,102.53,0.95,20163.05,29065552.77,35.11,15538.11,1.51,4.63,3490.08,SmallFamilyCar,City_6
2/28/1989,1989,Feb,0,102.53,0.95,32957.26,272970405.75,35.11,15538.11,3.71,4.63,2967.77,Sports,City_6
2/28/1989,1989,Feb,0,102.53,0.95,16305.34,195229403.98,35.11,15538.11,1.91,4.63,3189.54,SuperMiniCar,City_6
3/31/1989,1989,Mar,0,101.64,1.02,36016.86,446208732.4,29.89,15687.16,1.99,4.27,3169.99,ExecutiveCar,City_7
3/31/1989,1989,Mar,0,101.64,1.02,29552.14,10000.0,29.89,15687.16,0.6,4.27,3592.21,MediumFamilyCar,City_7
3/31/1989,1989,Mar,0,101.64,1.02,19535.55,10000.0,29.89,15687.16,1.91,4.27,3952.78,SmallFamilyCar,City_7
3/31/1989,1989,Mar,0,101.64,1.02,32192.57,10000.0,29.89,15687.16,2.95,4.27,3217.6,Sports,City_7
3/31/1989,1989,Mar,0,101.64,1.02,15916.43,10000.0,29.89,15687.16,1.07,4.27,3362.35,SuperMiniCar,City_7
4/30/1989,1989,Apr,0,104.2,1.08,35617.41,188049554.03,31.26,15434.36,3.94,4.34,3224.21,ExecutiveCar,City_8
4/30/1989,1989,Apr,0,104.2,1.08,28026.16,10000.0,31.26,15434.36,2.87,4.34,3747.97,MediumFamilyCar,City_8
4/30/1989,1989,Apr,0,104.2,1.08,20603.93,10000.0,31.26,15434.36,2.95,4.34,4223.83,SmallFamilyCar,City_8
4/30/1989,1989,Apr,0,104.2,1.08,32775.72,238372617.79,31.26,15434.36,1.81,4.34,3513.02,Sports,City_8
4/30/1989,1989,Apr,0,104.2,1.08,16589.44,10000.0,31.26,15434.36,2.26,4.34,3537.77,SuperMiniCar,City_8
5/31/1989,1989,May,0,100.24,1.15,35849.43,380610989.7,29.74,15861.71,3.45,3.63,3414.35,ExecutiveCar,City_1
5/31/1989,1989,May,0,100.24,1.15,27754.5,119901251.18,29.74,15861.71,1.64,3.63,4067.48,MediumFamilyCar,City_1
5/31/1989,1989,May,0,100.24,1.15,19307.36,268210016.55,29.74,15861.71,3.69,3.63,4401.9,SmallFamilyCar,City_1
5/31/1989,1989,May,0,100.24,1.15,32812.03,95902514.63,29.74,15861.71,-0.36,3.63,3620.42,Sports,City_1
5/31/1989,1989,May,0,100.24,1.15,16385.82,10000.0,29.74,15861.71,3.21,3.63,3929.13,SuperMiniCar,City_1
6/30/1989,1989,Jun,0,105.36,1.05,36271.54,282771174.67,31.94,15521.31,1.41,3.9,3161.44,ExecutiveCar,City_2
6/30/1989,1989,Jun,0,105.36,1.05,28669.94,10000.0,31.94,15521.31,2.68,3.9,3719.94,MediumFamilyCar,City_2
6/30/1989,1989,Jun,0,105.36,1.05,19900.43,10000.0,31.94,15521.31,2.33,3.9,3924.0,SmallFamilyCar,City_2
6/30/1989,1989,Jun,0,105.36,1.05,31941.46,10000.0,31.94,15521.31,1.2,3.9,3491.26,Sports,City_2
6/30/1989,1989,Jun,0,105.36,1.05,16106.63,10000.0,31.94,15521.31,2.1,3.9,3756.81,SuperMiniCar,City_2
7/31/1989,1989,Jul,0,117.06,1.0,36660.06,10000.0,34.58,15303.89,0.72,4.22,2983.88,ExecutiveCar,City_3
7/31/1989,1989,Jul,0,117.06,1.0,28566.07,318738704.11,34.58,15303.89,2.03,4.22,3699.46,MediumFamilyCar,City_3
7/31/1989,1989,Jul,0,117.06,1.0,20796.81,125766248.3,34.58,15303.89,2.11,4.22,3855.61,SmallFamilyCar,City_3
7/31/1989,1989,Jul,0,117.06,1.0,33044.1,258324783.54,34.58,15303.89,1.3,4.22,3072.4,Sports,City_3
7/31/1989,1989,Jul,0,117.06,1.0,16741.73,220446402.32,34.58,15303.89,3.37,4.22,3555.75,SuperMiniCar,City_3
8/31/1989,1989,Aug,0,103.6,0.97,35586.77,10000.0,33.58,15366.38,4.25,3.73,2851.28,ExecutiveCar,City_4
8/31/1989,1989,Aug,0,103.6,0.97,28253.92,294881228.99,33.58,15366.38,3.08,3.73,3490.47,MediumFamilyCar,City_4
8/31/1989,1989,Aug,0,103.6,0.97,20065.99,10000.0,33.58,15366.38,5.13,3.73,3643.44,SmallFamilyCar,City_4
8/31/1989,1989,Aug,0,103.6,0.97,32581.96,111501051.55,33.58,15366.38,1.49,3.73,3108.36,Sports,City_4
8/31/1989,1989,Aug,0,103.6,0.97,15947.64,147294802.15,33.58,15366.38,3.57,3.73,3453.1,SuperMiniCar,City_4
9/30/1989,1989,Sep,0,106.05,1.02,35782.41,402489038.67,31.69,15636.19,2.39,4.33,3003.34,ExecutiveCar,City_5
9/30/1989,1989,Sep,0,106.05,1.02,27224.96,335283472.36,31.69,15636.19,3.18,4.33,3519.99,MediumFamilyCar,City_5
9/30/1989,1989,Sep,0,106.05,1.02,19990.98,184127625.18,31.69,15636.19,1.86,4.33,3916.13,SmallFamilyCar,City_5
9/30/1989,1989,Sep,0,106.05,1.02,33728.84,209329341.18,31.69,15636.19,1.52,4.33,3194.42,Sports,City_5
9/30/1989,1989,Sep,0,106.05,1.02,16563.46,507099026.72,31.69,15636.19,0.58,4.33,3406.06,SuperMiniCar,City_5
10/31/1989,1989,Oct,0,103.15,1.1,35714.96,2075266.87,31.07,15609.58,1.96,3.82,3247.53,ExecutiveCar,City_6
10/31/1989,1989,Oct,0,103.15,1.1,28261.9,229441959.77,31.07,15609.58,3.34,3.82,3725.3,MediumFamilyCar,City_6
10/31/1989,1989,Oct,0,103.15,1.1,20436.13,217058352.83,31.07,15609.58,1.47,3.82,4006.24,SmallFamilyCar,City_6
10/31/1989,1989,Oct,0,103.15,1.1,32859.99,440957596.99,31.07,15609.58,4.42,3.82,3461.38,Sports,City_6
10/31/1989,1989,Oct,0,103.15,1.1,18471.64,10000.0,31.07,15609.58,3.48,3.82,3590.77,SuperMiniCar,City_6
11/30/1989,1989,Nov,0,108.22,1.08,36326.54,325459612.29,31.58,15782.62,2.58,3.95,3310.61,ExecutiveCar,City_7
11/30/1989,1989,Nov,0,108.22,1.08,28514.85,176908224.51,31.58,15782.62,3.23,3.95,3813.57,MediumFamilyCar,City_7
11/30/1989,1989,Nov,0,108.22,1.08,19360.79,10000.0,31.58,15782.62,1.88,3.95,4052.17,SmallFamilyCar,City_7
11/30/1989,1989,Nov,0,108.22,1.08,33733.79,10000.0,31.58,15782.62,3.93,3.95,3504.11,Sports,City_7
11/30/1989,1989,Nov,0,108.22,1.08,16671.22,10000.0,31.58,15782.62,4.08,3.95,3845.21,SuperMiniCar,City_7
12/31/1989,1989,Dec,0,104.47,1.18,36648.29,10000.0,30.02,15524.75,5.56,4.34,3387.13,ExecutiveCar,City_8
12/31/1989,1989,Dec,0,104.47,1.18,26632.09,155510208.84,30.02,15524.75,4.03,4.34,4042.19,MediumFamilyCar,City_8
12/31/1989,1989,Dec,0,104.47,1.18,20654.79,10000.0,30.02,15524.75,1.82,4.34,4460.86,SmallFamilyCar,City_8
12/31/1989,1989,Dec,0,104.47,1.18,31436.96,28097477.48,30.02,15524.75,0.26,4.34,3610.27,Sports,City_8
12/31/1989,1989,Dec,0,104.47,1.18,16046.74,10000.0,30.02,15524.75,2.9,4.34,3896.01,SuperMiniCar,City_8
1/31/1990,1990,Jan,0,109.39,0.9,36622.77,139756808.62,34.28,15676.4,2.64,4.61,2722.66,ExecutiveCar,City_1
1/31/1990,1990,Jan,0,109.39,0.9,27554.05,10000.0,34.28,15676.4,2.92,4.61,3162.8,MediumFamilyCar,City_1
1/31/1990,1990,Jan,0,109.39,0.9,19799.46,10000.0,34.28,15676.4,1.29,4.61,3430.44,SmallFamilyCar,City_1
1/31/1990,1990,Jan,0,109.39,0.9,33232.89,10000.0,34.28,15676.4,3.31,4.61,2959.14,Sports,City_1
1/31/1990,1990,Jan,0,109.39,0.9,15459.8,301219833.19,34.28,15676.4,1.96,4.61,3051.75,SuperMiniCar,City_1
2/28/1990,1990,Feb,0,111.14,0.95,36815.1,10000.0,32.04,15497.78,4.39,4.31,2774.28,ExecutiveCar,City_2
2/28/1990,1990,Feb,0,111.14,0.95,26031.97,109395721.57,32.04,15497.78,4.44,4.31,3394.79,MediumFamilyCar,City_2
2/28/1990,1990,Feb,0,111.14,0.95,21794.76,10000.0,32.04,15497.78,3.41,4.31,3797.96,SmallFamilyCar,City_2
2/28/1990,1990,Feb,0,111.14,0.95,33349.43,10000.0,32.04,15497.78,1.86,4.31,2971.62,Sports,City_2
2/28/1990,1990,Feb,0,111.14,0.95,17303.84,236207268.95,32.04,15497.78,2.78,4.31,3229.32,SuperMiniCar,City_2
3/31/1990,1990,Mar,0,102.64,1.02,37225.11,10000.0,33.74,15262.39,-0.24,4.19,3163.42,ExecutiveCar,City_3
3/31/1990,1990,Mar,0,102.64,1.02,28957.3,10000.0,33.74,15262.39,1.75,4.19,3418.98,MediumFamilyCar,City_3
3/31/1990,1990,Mar,0,102.64,1.02,21342.13,8011467.79,33.74,15262.39,2.21,4.19,4010.56,SmallFamilyCar,City_3
3/31/1990,1990,Mar,0,102.64,1.02,33351.73,384496451.86,33.74,15262.39,2.92,4.19,3199.54,Sports,City_3
3/31/1990,1990,Mar,0,102.64,1.02,17520.42,10000.0,33.74,15262.39,3.25,4.19,3548.74,SuperMiniCar,City_3
4/30/1990,1990,Apr,0,96.42,1.08,36471.04,50447644.66,29.96,15526.36,4.45,3.42,3253.99,ExecutiveCar,City_4
4/30/1990,1990,Apr,0,96.42,1.08,27798.05,93213603.09,29.96,15526.36,1.76,3.42,3644.98,MediumFamilyCar,City_4
4/30/1990,1990,Apr,0,96.42,1.08,19050.04,454323518.48,29.96,15526.36,1.82,3.42,4049.24,SmallFamilyCar,City_4
4/30/1990,1990,Apr,0,96.42,1.08,33144.02,247081258.12,29.96,15526.36,2.45,3.42,3565.11,Sports,City_4
4/30/1990,1990,Apr,0,96.42,1.08,16117.78,35247275.62,29.96,15526.36,2.82,3.42,3650.22,SuperMiniCar,City_4
5/31/1990,1990,May,0,103.25,1.15,37616.19,10000.0,36.6,15403.94,2.76,4.26,3434.94,ExecutiveCar,City_5
5/31/1990,1990,May,0,103.25,1.15,27462.34,64503334.7,36.6,15403.94,4.09,4.26,3922.05,MediumFamilyCar,City_5
5/31/1990,1990,May,0,103.25,1.15,21436.98,206541707.2,36.6,15403.94,4.13,4.26,4370.73,SmallFamilyCar,City_5
5/31/1990,1990,May,0,103.25,1.15,35082.18,10000.0,36.6,15403.94,1.73,4.26,3619.09,Sports,City_5
5/31/1990,1990,May,0,103.25,1.15,18449.82,241731524.15,36.6,15403.94,2.17,4.26,3811.8,SuperMiniCar,City_5
6/30/1990,1990,Jun,0,114.85,1.05,36009.98,10000.0,28.9,15912.26,3.56,4.54,3186.56,ExecutiveCar,City_6
6/30/1990,1990,Jun,0,114.85,1.05,28411.7,721652897.36,28.9,15912.26,2.15,4.54,3749.54,MediumFamilyCar,City_6
6/30/1990,1990,Jun,0,114.85,1.05,20424.93,318167805.37,28.9,15912.26,1.93,4.54,4016.96,SmallFamilyCar,City_6
6/30/1990,1990,Jun,0,114.85,1.05,34015.75,91065692.44,28.9,15912.26,0.46,4.54,3320.86,Sports,City_6
6/30/1990,1990,Jun,0,114.85,1.05,17785.99,118628957.46,28.9,15912.26,1.74,4.54,3546.13,SuperMiniCar,City_6
7/31/1990,1990,Jul,0,109.31,1.0,36598.36,10000.0,29.28,15557.4,3.07,4.3,2949.61,ExecutiveCar,City_7
7/31/1990,1990,Jul,0,109.31,1.0,28105.7,333891026.66,29.28,15557.4,2.99,4.3,3444.19,MediumFamilyCar,City_7
7/31/1990,1990,Jul,0,109.31,1.0,20253.29,10000.0,29.28,15557.4,2.43,4.3,3839.95,SmallFamilyCar,City_7
7/31/1990,1990,Jul,0,109.31,1.0,33074.78,10000.0,29.28,15557.4,2.01,4.3,3308.62,Sports,City_7
7/31/1990,1990,Jul,0,109.31,1.0,16286.19,143210652.78,29.28,15557.4,3.02,4.3,3473.77,SuperMiniCar,City_7
8/31/1990,1990,Aug,0,110.48,0.97,36319.38,10000.0,30.13,15822.25,1.36,4.8,2852.41,ExecutiveCar,City_8
8/31/1990,1990,Aug,0,110.48,0.97,27440.39,10000.0,30.13,15822.25,2.18,4.8,3411.77,MediumFamilyCar,City_8
8/31/1990,1990,Aug,0,110.48,0.97,20489.39,796403487.99,30.13,15822.25,2.67,4.8,3823.43,SmallFamilyCar,City_8
8/31/1990,1990,Aug,0,110.48,0.97,33173.31,61720245.41,30.13,15822.25,2.94,4.8,3065.34,Sports,City_8
8/31/1990,1990,Aug,0,110.48,0.97,15908.74,253404618.79,30.13,15822.25,2.71,4.8,3547.92,SuperMiniCar,City_8
9/30/1990,1990,Sep,0,111.7,1.02,34999.72,10000.0,30.29,15207.23,3.55,4.57,3099.71,ExecutiveCar,City_1
9/30/1990,1990,Sep,0,111.7,1.02,26932.96,70288464.84,30.29,15207.23,1.98,4.57,3600.2,MediumFamilyCar,City_1
9/30/1990,1990,Sep,0,111.7,1.02,20921.46,10000.0,30.29,15207.23,1.59,4.57,3871.76,SmallFamilyCar,City_1
9/30/1990,1990,Sep,0,111.7,1.02,33945.53,297556723.82,30.29,15207.23,1.83,4.57,3278.38,Sports,City_1
9/30/1990,1990,Sep,0,111.7,1.02,15957.69,538563632.51,30.29,15207.23,1.37,4.57,3624.77,SuperMiniCar,City_1
10/31/1990,1990,Oct,0,115.06,1.1,35962.21,213378221.03,33.18,15932.12,3.55,4.07,3277.24,ExecutiveCar,City_2
10/31/1990,1990,Oct,0,115.06,1.1,27855.73,232003665.5,33.18,15932.12,2.63,4.07,3958.93,MediumFamilyCar,City_2
10/31/1990,1990,Oct,0,115.06,1.1,19679.62,75878125.85,33.18,15932.12,3.72,4.07,4138.71,SmallFamilyCar,City_2
10/31/1990,1990,Oct,0,115.06,1.1,33793.62,69120594.19,33.18,15932.12,3.25,4.07,3704.84,Sports,City_2
10/31/1990,1990,Oct,0,115.06,1.1,16462.42,10000.0,33.18,15932.12,1.25,4.07,3783.93,SuperMiniCar,City_2
11/30/1990,1990,Nov,0,109.09,1.08,36825.29,10000.0,33.09,15683.39,2.91,4.36,3292.56,ExecutiveCar,City_3
11/30/1990,1990,Nov,0,109.09,1.08,28115.76,204504789.09,33.09,15683.39,1.83,4.36,3774.12,MediumFamilyCar,City_3
11/30/1990,1990,Nov,0,109.09,1.08,19831.12,10000.0,33.09,15683.39,1.38,4.36,4134.83,SmallFamilyCar,City_3
11/30/1990,1990,Nov,0,109.09,1.08,34022.55,129214778.71,33.09,15683.39,4.47,4.36,3561.84,Sports,City_3
11/30/1990,1990,Nov,0,109.09,1.08,19010.41,10000.0,33.09,15683.39,2.76,4.36,3710.41,SuperMiniCar,City_3
12/31/1990,1990,Dec,0,109.76,1.18,36571.32,73959136.01,31.77,15500.56,1.59,4.43,3744.54,ExecutiveCar,City_4
12/31/1990,1990,Dec,0,109.76,1.18,27712.78,10000.0,31.77,15500.56,1.72,4.43,4242.84,MediumFamilyCar,City_4
12/31/1990,1990,Dec,0,109.76,1.18,20119.22,10000.0,31.77,15500.56,1.8,4.43,4770.56,SmallFamilyCar,City_4
12/31/1990,1990,Dec,0,109.76,1.18,33607.33,133386946.91,31.77,15500.56,3.18,4.43,3759.05,Sports,City_4
12/31/1990,1990,Dec,0,109.76,1.18,16857.35,10000.0,31.77,15500.56,1.88,4.43,4016.35,SuperMiniCar,City_4
1/31/1991,1991,Jan,1,100.79,0.9,36649.45,153358671.37,33.58,14334.37,0.74,6.08,839.7,ExecutiveCar,City_5
1/31/1991,1991,Jan,1,100.79,0.9,28143.7,138679342.28,33.58,14334.37,2.88,6.08,1587.06,MediumFamilyCar,City_5
1/31/1991,1991,Jan,1,100.79,0.9,19264.57,10000.0,33.58,14334.37,3.06,6.08,1591.01,SmallFamilyCar,City_5
1/31/1991,1991,Jan,1,100.79,0.9,32292.65,10000.0,33.58,14334.37,1.78,6.08,823.71,Sports,City_5
1/31/1991,1991,Jan,1,100.79,0.9,15603.86,10000.0,33.58,14334.37,1.68,6.08,1791.24,SuperMiniCar,City_5
2/28/1991,1991,Feb,1,95.48,0.95,36452.84,202283377.76,34.32,14585.36,2.08,6.09,656.33,ExecutiveCar,City_6
2/28/1991,1991,Feb,1,95.48,0.95,28932.8,10000.0,34.32,14585.36,3.6,6.09,1517.23,MediumFamilyCar,City_6
2/28/1991,1991,Feb,1,95.48,0.95,20188.72,111785051.89,34.32,14585.36,2.82,6.09,1800.15,SmallFamilyCar,City_6
2/28/1991,1991,Feb,1,95.48,0.95,32948.32,7227523.04,34.32,14585.36,2.44,6.09,888.71,Sports,City_6
2/28/1991,1991,Feb,1,95.48,0.95,15873.36,216808187.05,34.32,14585.36,2.97,6.09,1972.91,SuperMiniCar,City_6
3/31/1991,1991,Mar,1,106.05,1.02,36686.3,10000.0,34.2,14234.57,0.66,6.92,987.46,ExecutiveCar,City_7
3/31/1991,1991,Mar,1,106.05,1.02,27528.42,10000.0,34.2,14234.57,2.44,6.92,1740.83,MediumFamilyCar,City_7
3/31/1991,1991,Mar,1,106.05,1.02,19300.79,10000.0,34.2,14234.57,4.01,6.92,1980.04,SmallFamilyCar,City_7
3/31/1991,1991,Mar,1,106.05,1.02,34082.81,10000.0,34.2,14234.57,3.05,6.92,762.55,Sports,City_7
3/31/1991,1991,Mar,1,106.05,1.02,17286.53,193832747.97,34.2,14234.57,1.35,6.92,2185.94,SuperMiniCar,City_7
4/30/1991,1991,Apr,1,97.17,1.08,36887.57,10000.0,32.72,14842.21,1.15,6.2,935.35,ExecutiveCar,City_8
4/30/1991,1991,Apr,1,97.17,1.08,28150.67,254098818.27,32.72,14842.21,2.46,6.2,1874.76,MediumFamilyCar,City_8
4/30/1991,1991,Apr,1,97.17,1.08,21235.9,10000.0,32.72,14842.21,2.84,6.2,1872.36,SmallFamilyCar,City_8
4/30/1991,1991,Apr,1,97.17,1.08,34702.44,10000.0,32.72,14842.21,2.16,6.2,841.12,Sports,City_8
4/30/1991,1991,Apr,1,97.17,1.08,15819.75,70524319.07,32.72,14842.21,4.11,6.2,2183.21,SuperMiniCar,City_8
5/31/1991,1991,May,1,83.63,1.15,35963.2,213471537.48,32.12,14441.18,2.17,6.64,889.12,ExecutiveCar,City_1
5/31/1991,1991,May,1,83.63,1.15,27700.25,10000.0,32.12,14441.18,1.37,6.64,1834.67,MediumFamilyCar,City_1
5/31/1991,1991,May,1,83.63,1.15,18775.04,10000.0,32.12,14441.18,2.1,6.64,2163.92,SmallFamilyCar,City_1
5/31/1991,1991,May,1,83.63,1.15,34001.88,10000.0,32.12,14441.18,3.8,6.64,1098.32,Sports,City_1
5/31/1991,1991,May,1,83.63,1.15,17500.78,10000.0,32.12,14441.18,3.57,6.64,2174.98,SuperMiniCar,City_1
6/30/1991,1991,Jun,1,95.02,1.05,37061.16,10000.0,32.75,14462.27,3.12,6.14,814.07,ExecutiveCar,City_2
6/30/1991,1991,Jun,1,95.02,1.05,27953.26,10000.0,32.75,14462.27,2.65,6.14,1777.11,MediumFamilyCar,City_2
6/30/1991,1991,Jun,1,95.02,1.05,22112.44,218826217.81,32.75,14462.27,3.48,6.14,1994.55,SmallFamilyCar,City_2
6/30/1991,1991,Jun,1,95.02,1.05,33799.77,84225844.06,32.75,14462.27,3.2,6.14,1167.43,Sports,City_2
6/30/1991,1991,Jun,1,95.02,1.05,16338.38,10000.0,32.75,14462.27,3.15,6.14,2008.28,SuperMiniCar,City_2
7/31/1991,1991,Jul,1,100.89,1.0,36082.0,224090741.67,33.93,14520.26,3.27,6.55,812.79,ExecutiveCar,City_3
7/31/1991,1991,Jul,1,100.89,1.0,27751.48,36670728.22,33.93,14520.26,3.28,6.55,1516.16,MediumFamilyCar,City_3
7/31/1991,1991,Jul,1,100.89,1.0,20690.12,136362658.05,33.93,14520.26,2.56,6.55,1954.47,SmallFamilyCar,City_3
7/31/1991,1991,Jul,1,100.89,1.0,33177.99,3370521.18,33.93,14520.26,2.47,6.55,776.59,Sports,City_3
7/31/1991,1991,Jul,1,100.89,1.0,16375.51,12066999.15,33.93,14520.26,2.22,6.55,1844.55,SuperMiniCar,City_3
8/31/1991,1991,Aug,1,91.14,0.97,37229.29,333063851.48,28.94,14502.09,3.28,6.67,753.98,ExecutiveCar,City_4
8/31/1991,1991,Aug,1,91.14,0.97,27816.11,56807190.14,28.94,14502.09,2.68,6.67,1446.46,MediumFamilyCar,City_4
8/31/1991,1991,Aug,1,91.14,0.97,19729.36,15218396.52,28.94,14502.09,2.92,6.67,1826.55,SmallFamilyCar,City_4
8/31/1991,1991,Aug,1,91.14,0.97,32742.43,10000.0,28.94,14502.09,-0.2,6.67,877.33,Sports,City_4
8/31/1991,1991,Aug,1,91.14,0.97,16273.97,10000.0,28.94,14502.09,2.67,6.67,1864.22,SuperMiniCar,City_4
9/30/1991,1991,Sep,1,96.97,1.02,35592.52,6003800.73,30.34,14549.81,2.22,5.71,887.75,ExecutiveCar,City_5
9/30/1991,1991,Sep,1,96.97,1.02,28101.76,10000.0,30.34,14549.81,0.96,5.71,1724.67,MediumFamilyCar,City_5
9/30/1991,1991,Sep,1,96.97,1.02,19995.89,10000.0,30.34,14549.81,1.89,5.71,1758.04,SmallFamilyCar,City_5
9/30/1991,1991,Sep,1,96.97,1.02,33163.62,10000.0,30.34,14549.81,2.22,5.71,913.66,Sports,City_5
9/30/1991,1991,Sep,1,96.97,1.02,16953.41,400374670.37,30.34,14549.81,1.83,5.71,2078.02,SuperMiniCar,City_5
10/31/1991,1991,Oct,1,95.89,1.1,36209.33,10000.0,31.2,14545.43,0.77,6.65,754.16,ExecutiveCar,City_6
10/31/1991,1991,Oct,1,95.89,1.1,27164.33,129106978.51,31.2,14545.43,3.1,6.65,1740.65,MediumFamilyCar,City_6
10/31/1991,1991,Oct,1,95.89,1.1,20254.82,10000.0,31.2,14545.43,2.01,6.65,1947.23,SmallFamilyCar,City_6
10/31/1991,1991,Oct,1,95.89,1.1,34046.95,10000.0,31.2,14545.43,3.55,6.65,952.8,Sports,City_6
10/31/1991,1991,Oct,1,95.89,1.1,15695.4,151320206.88,31.2,14545.43,4.17,6.65,2058.54,SuperMiniCar,City_6
11/30/1991,1991,Nov,1,86.12,1.08,36331.55,10000.0,28.16,14687.16,2.57,6.49,880.4,ExecutiveCar,City_7
11/30/1991,1991,Nov,1,86.12,1.08,28757.53,30281798.63,28.16,14687.16,3.73,6.49,1760.2,MediumFamilyCar,City_7
11/30/1991,1991,Nov,1,86.12,1.08,20370.73,247905406.42,28.16,14687.16,1.52,6.49,1958.88,SmallFamilyCar,City_7
11/30/1991,1991,Nov,1,86.12,1.08,33687.21,66199943.91,28.16,14687.16,3.03,6.49,1148.53,Sports,City_7
11/30/1991,1991,Nov,1,86.12,1.08,17327.51,10000.0,28.16,14687.16,3.9,6.49,2299.63,SuperMiniCar,City_7
12/31/1991,1991,Dec,1,90.24,1.18,36698.14,10000.0,33.25,14478.58,4.43,6.54,894.45,ExecutiveCar,City_8
12/31/1991,1991,Dec,1,90.24,1.18,28039.21,14233093.83,33.25,14478.58,2.13,6.54,2115.36,MediumFamilyCar,City_8
12/31/1991,1991,Dec,1,90.24,1.18,20199.86,10000.0,33.25,14478.58,3.48,6.54,2262.21,SmallFamilyCar,City_8
12/31/1991,1991,Dec,1,90.24,1.18,33356.8,10000.0,33.25,14478.58,3.2,6.54,919.57,Sports,City_8
12/31/1991,1991,Dec,1,90.24,1.18,17270.48,311602310.57,33.25,14478.58,1.65,6.54,2521.28,SuperMiniCar,City_8
1/31/1992,1992,Jan,0,104.98,0.9,35725.89,10000.0,33.94,15779.08,1.12,3.97,2738.39,ExecutiveCar,City_1
1/31/1992,1992,Jan,0,104.98,0.9,29835.12,419917909.07,33.94,15779.08,0.6,3.97,3254.12,MediumFamilyCar,City_1
1/31/1992,1992,Jan,0,104.98,0.9,21345.12,10000.0,33.94,15779.08,2.2,3.97,3581.8,SmallFamilyCar,City_1
1/31/1992,1992,Jan,0,104.98,0.9,34044.35,10000.0,33.94,15779.08,3.11,3.97,2976.4,Sports,City_1
1/31/1992,1992,Jan,0,104.98,0.9,16623.74,338219656.77,33.94,15779.08,2.52,3.97,2908.63,SuperMiniCar,City_1
2/29/1992,1992,Feb,0,110.39,0.95,37721.1,201738135.95,35.02,15595.27,2.77,4.61,2984.98,ExecutiveCar,City_2
2/29/1992,1992,Feb,0,110.39,0.95,27994.19,10000.0,35.02,15595.27,1.54,4.61,3419.53,MediumFamilyCar,City_2
2/29/1992,1992,Feb,0,110.39,0.95,20789.16,467849394.26,35.02,15595.27,2.46,4.61,3638.79,SmallFamilyCar,City_2
2/29/1992,1992,Feb,0,110.39,0.95,34467.45,10000.0,35.02,15595.27,3.09,4.61,3149.98,Sports,City_2
2/29/1992,1992,Feb,0,110.39,0.95,17859.71,189038333.69,35.02,15595.27,1.31,4.61,3286.07,SuperMiniCar,City_2
3/31/1992,1992,Mar,0,105.18,1.02,36026.7,140611518.91,33.3,15760.38,1.11,4.88,3131.86,ExecutiveCar,City_3
3/31/1992,1992,Mar,0,105.18,1.02,29044.58,110050547.65,33.3,15760.38,2.2,4.88,3560.92,MediumFamilyCar,City_3
3/31/1992,1992,Mar,0,105.18,1.02,20547.93,4219807.53,33.3,15760.38,3.16,4.88,3932.94,SmallFamilyCar,City_3
3/31/1992,1992,Mar,0,105.18,1.02,33636.27,10000.0,33.3,15760.38,0.91,4.88,3173.01,Sports,City_3
3/31/1992,1992,Mar,0,105.18,1.02,18056.57,114429397.6,33.3,15760.38,1.18,4.88,3424.84,SuperMiniCar,City_3
4/30/1992,1992,Apr,0,113.03,1.08,37137.54,129757423.27,32.03,15334.91,1.16,4.26,3445.87,ExecutiveCar,City_4
4/30/1992,1992,Apr,0,113.03,1.08,27916.05,266059535.07,32.03,15334.91,1.69,4.26,3993.52,MediumFamilyCar,City_4
4/30/1992,1992,Apr,0,113.03,1.08,20877.6,10000.0,32.03,15334.91,2.9,4.26,4212.65,SmallFamilyCar,City_4
4/30/1992,1992,Apr,0,113.03,1.08,33084.75,388770712.82,32.03,15334.91,3.55,4.26,3471.22,Sports,City_4
4/30/1992,1992,Apr,0,113.03,1.08,17256.76,10000.0,32.03,15334.91,1.32,4.26,3715.62,SuperMiniCar,City_4
5/31/1992,1992,May,0,110.17,1.15,37183.8,160004985.78,31.89,15978.45,1.67,3.7,3506.86,ExecutiveCar,City_5
5/31/1992,1992,May,0,110.17,1.15,28274.7,10000.0,31.89,15978.45,2.33,3.7,4213.9,MediumFamilyCar,City_5
5/31/1992,1992,May,0,110.17,1.15,21937.28,233002508.88,31.89,15978.45,1.31,3.7,4586.32,SmallFamilyCar,City_5
5/31/1992,1992,May,0,110.17,1.15,34284.69,175788323.75,31.89,15978.45,3.28,3.7,3759.19,Sports,City_5
5/31/1992,1992,May,0,110.17,1.15,16744.07,10000.0,31.89,15978.45,0.6,3.7,4056.48,SuperMiniCar,City_5
6/30/1992,1992,Jun,0,108.51,1.05,38499.64,21697723.18,29.72,15804.91,2.44,4.37,3260.74,ExecutiveCar,City_6
6/30/1992,1992,Jun,0,108.51,1.05,29809.87,10000.0,29.72,15804.91,2.7,4.37,3790.13,MediumFamilyCar,City_6
6/30/1992,1992,Jun,0,108.51,1.05,20158.4,10000.0,29.72,15804.91,3.85,4.37,3965.46,SmallFamilyCar,City_6
6/30/1992,1992,Jun,0,108.51,1.05,33962.51,10000.0,29.72,15804.91,4.99,4.37,3538.95,Sports,City_6
6/30/1992,1992,Jun,0,108.51,1.05,16345.09,10000.0,29.72,15804.91,3.9,4.37,3607.9,SuperMiniCar,City_6
7/31/1992,1992,Jul,0,99.75,1.0,37500.88,10000.0,35.32,15962.06,3.97,5.15,2989.77,ExecutiveCar,City_7
7/31/1992,1992,Jul,0,99.75,1.0,28152.87,198896367.46,35.32,15962.06,1.73,5.15,3581.18,MediumFamilyCar,City_7
7/31/1992,1992,Jul,0,99.75,1.0,20225.24,10000.0,35.32,15962.06,3.36,5.15,3713.09,SmallFamilyCar,City_7
7/31/1992,1992,Jul,0,99.75,1.0,33042.92,84397448.68,35.32,15962.06,2.23,5.15,3253.31,Sports,City_7
7/31/1992,1992,Jul,0,99.75,1.0,16299.94,10000.0,35.32,15962.06,3.55,5.15,3432.97,SuperMiniCar,City_7
8/31/1992,1992,Aug,0,106.21,0.97,37360.64,200077936.68,30.55,15704.03,3.69,5.01,3049.62,ExecutiveCar,City_8
8/31/1992,1992,Aug,0,106.21,0.97,28082.2,10000.0,30.55,15704.03,1.21,5.01,3385.61,MediumFamilyCar,City_8
8/31/1992,1992,Aug,0,106.21,0.97,21665.1,77180170.6,30.55,15704.03,1.15,5.01,3679.87,SmallFamilyCar,City_8
8/31/1992,1992,Aug,0,106.21,0.97,34935.82,10000.0,30.55,15704.03,1.85,5.01,2939.62,Sports,City_8
8/31/1992,1992,Aug,0,106.21,0.97,15620.15,422937382.51,30.55,15704.03,2.11,5.01,3318.69,SuperMiniCar,City_8
9/30/1992,1992,Sep,0,112.43,1.02,37431.27,171583134.41,32.91,16061.85,2.85,4.32,3213.74,ExecutiveCar,City_1
9/30/1992,1992,Sep,0,112.43,1.02,29716.35,10000.0,32.91,16061.85,2.5,4.32,3660.15,MediumFamilyCar,City_1
9/30/1992,1992,Sep,0,112.43,1.02,20917.95,10000.0,32.91,16061.85,2.81,4.32,3958.48,SmallFamilyCar,City_1
9/30/1992,1992,Sep,0,112.43,1.02,32338.44,2414364.51,32.91,16061.85,1.4,4.32,3281.52,Sports,City_1
9/30/1992,1992,Sep,0,112.43,1.02,16911.5,145079067.03,32.91,16061.85,3.03,4.32,3407.59,SuperMiniCar,City_1
10/31/1992,1992,Oct,0,99.88,1.1,37344.67,10000.0,36.35,15861.79,2.58,3.62,3207.79,ExecutiveCar,City_2
10/31/1992,1992,Oct,0,99.88,1.1,28633.23,42272386.32,36.35,15861.79,2.05,3.62,3827.34,MediumFamilyCar,City_2
10/31/1992,1992,Oct,0,99.88,1.1,20810.22,10000.0,36.35,15861.79,2.93,3.62,4077.84,SmallFamilyCar,City_2
10/31/1992,1992,Oct,0,99.88,1.1,34684.14,174006048.55,36.35,15861.79,2.41,3.62,3730.86,Sports,City_2
10/31/1992,1992,Oct,0,99.88,1.1,15744.17,381253993.68,36.35,15861.79,1.71,3.62,3587.27,SuperMiniCar,City_2
11/30/1992,1992,Nov,0,101.22,1.08,36142.78,10000.0,29.95,15545.19,1.72,4.24,3241.05,ExecutiveCar,City_3
11/30/1992,1992,Nov,0,101.22,1.08,27998.3,10000.0,29.95,15545.19,3.1,4.24,3864.92,MediumFamilyCar,City_3
11/30/1992,1992,Nov,0,101.22,1.08,20373.4,152854031.86,29.95,15545.19,3.17,4.24,4086.52,SmallFamilyCar,City_3
11/30/1992,1992,Nov,0,101.22,1.08,33668.49,10000.0,29.95,15545.19,1.64,4.24,3402.71,Sports,City_3
11/30/1992,1992,Nov,0,101.22,1.08,17157.95,135398544.55,29.95,15545.19,2.78,4.24,3774.47,SuperMiniCar,City_3
12/31/1992,1992,Dec,0,110.21,1.18,37965.59,62967056.26,34.22,15731.55,3.13,4.54,3594.84,ExecutiveCar,City_4
12/31/1992,1992,Dec,0,110.21,1.18,28381.61,10000.0,34.22,15731.55,3.2,4.54,4263.57,MediumFamilyCar,City_4
12/31/1992,1992,Dec,0,110.21,1.18,20296.16,23184839.34,34.22,15731.55,2.05,4.54,4823.25,SmallFamilyCar,City_4
12/31/1992,1992,Dec,0,110.21,1.18,34839.56,10000.0,34.22,15731.55,2.03,4.54,3747.76,Sports,City_4
12/31/1992,1992,Dec,0,110.21,1.18,16195.91,10000.0,34.22,15731.55,3.13,4.54,3959.49,SuperMiniCar,City_4
1/31/1993,1993,Jan,0,98.5,0.9,38133.48,10000.0,34.4,16479.92,1.87,4.17,2632.4,ExecutiveCar,City_5
1/31/1993,1993,Jan,0,98.5,0.9,28972.22,10000.0,34.4,16479.92,2.0,4.17,3158.49,MediumFamilyCar,City_5
1/31/1993,1993,Jan,0,98.5,0.9,19711.52,129511083.34,34.4,16479.92,0.71,4.17,3393.48,SmallFamilyCar,City_5
1/31/1993,1993,Jan,0,98.5,0.9,34428.51,73745462.32,34.4,16479.92,3.09,4.17,2801.45,Sports,City_5
1/31/1993,1993,Jan,0,98.5,0.9,17846.3,275908206.52,34.4,16479.92,2.95,4.17,3074.43,SuperMiniCar,City_5
2/28/1993,1993,Feb,0,104.02,0.95,37530.87,301249271.05,29.91,16011.89,1.56,4.56,2917.37,ExecutiveCar,City_6
2/28/1993,1993,Feb,0,104.02,0.95,28733.92,10000.0,29.91,16011.89,0.61,4.56,3296.13,MediumFamilyCar,City_6
2/28/1993,1993,Feb,0,104.02,0.95,19247.06,10000.0,29.91,16011.89,3.85,4.56,3670.29,SmallFamilyCar,City_6
2/28/1993,1993,Feb,0,104.02,0.95,32848.47,10000.0,29.91,16011.89,2.54,4.56,3202.24,Sports,City_6
2/28/1993,1993,Feb,0,104.02,0.95,16516.2,10000.0,29.91,16011.89,4.05,4.56,3450.5,SuperMiniCar,City_6
3/31/1993,1993,Mar,0,99.35,1.02,36249.65,231861658.15,32.26,15686.3,2.45,4.55,2903.38,ExecutiveCar,City_7
3/31/1993,1993,Mar,0,99.35,1.02,27767.0,10000.0,32.26,15686.3,2.8,4.55,3567.75,MediumFamilyCar,City_7
3/31/1993,1993,Mar,0,99.35,1.02,18628.88,10000.0,32.26,15686.3,2.66,4.55,3959.96,SmallFamilyCar,City_7
3/31/1993,1993,Mar,0,99.35,1.02,34143.7,65117759.46,32.26,15686.3,2.2,4.55,3212.76,Sports,City_7
3/31/1993,1993,Mar,0,99.35,1.02,16714.1,342728716.13,32.26,15686.3,1.77,4.55,3440.61,SuperMiniCar,City_7
4/30/1993,1993,Apr,0,113.02,1.08,38079.58,10000.0,32.0,15764.3,2.29,4.36,3423.77,ExecutiveCar,City_8
4/30/1993,1993,Apr,0,113.02,1.08,28161.34,264337028.68,32.0,15764.3,2.73,4.36,3886.1,MediumFamilyCar,City_8
4/30/1993,1993,Apr,0,113.02,1.08,19828.82,10000.0,32.0,15764.3,4.64,4.36,4232.05,SmallFamilyCar,City_8
4/30/1993,1993,Apr,0,113.02,1.08,33201.18,347877113.11,32.0,15764.3,2.78,4.36,3491.19,Sports,City_8
4/30/1993,1993,Apr,0,113.02,1.08,16800.06,10000.0,32.0,15764.3,2.33,4.36,3855.35,SuperMiniCar,City_8
5/31/1993,1993,May,0,107.33,1.15,35226.66,10000.0,36.3,15434.32,5.24,4.27,3519.26,ExecutiveCar,City_1
5/31/1993,1993,May,0,107.33,1.15,27717.29,182953908.32,36.3,15434.32,1.76,4.27,4209.38,MediumFamilyCar,City_1
5/31/1993,1993,May,0,107.33,1.15,20450.3,29963345.99,36.3,15434.32,0.63,4.27,4306.45,SmallFamilyCar,City_1
5/31/1993,1993,May,0,107.33,1.15,33829.27,10000.0,36.3,15434.32,2.89,4.27,3586.71,Sports,City_1
5/31/1993,1993,May,0,107.33,1.15,17481.79,10000.0,36.3,15434.32,4.14,4.27,3888.48,SuperMiniCar,City_1
6/30/1993,1993,Jun,0,107.88,1.05,37544.29,4959350.7,35.93,15351.06,1.47,3.92,3244.68,ExecutiveCar,City_2
6/30/1993,1993,Jun,0,107.88,1.05,27396.47,10000.0,35.93,15351.06,2.9,3.92,3732.18,MediumFamilyCar,City_2
6/30/1993,1993,Jun,0,107.88,1.05,20984.64,10000.0,35.93,15351.06,2.8,3.92,3954.04,SmallFamilyCar,City_2
6/30/1993,1993,Jun,0,107.88,1.05,34946.29,78770127.32,35.93,15351.06,3.74,3.92,3337.52,Sports,City_2
6/30/1993,1993,Jun,0,107.88,1.05,16955.41,10000.0,35.93,15351.06,2.09,3.92,3594.16,SuperMiniCar,City_2
7/31/1993,1993,Jul,0,100.53,1.0,36248.92,173398422.57,29.77,15714.47,0.9,4.05,2793.41,ExecutiveCar,City_3
7/31/1993,1993,Jul,0,100.53,1.0,29798.72,10000.0,29.77,15714.47,2.82,4.05,3414.78,MediumFamilyCar,City_3
7/31/1993,1993,Jul,0,100.53,1.0,21259.02,10000.0,29.77,15714.47,2.27,4.05,3870.3,SmallFamilyCar,City_3
7/31/1993,1993,Jul,0,100.53,1.0,35778.05,10000.0,29.77,15714.47,1.45,4.05,3020.67,Sports,City_3
7/31/1993,1993,Jul,0,100.53,1.0,15713.17,403525574.47,29.77,15714.47,4.92,4.05,3340.08,SuperMiniCar,City_3
8/31/1993,1993,Aug,0,95.93,0.97,36572.96,61248428.01,32.11,15661.06,2.9,3.84,2871.45,ExecutiveCar,City_4
8/31/1993,1993,Aug,0,95.93,0.97,28113.1,10000.0,32.11,15661.06,3.17,3.84,3441.23,MediumFamilyCar,City_4
8/31/1993,1993,Aug,0,95.93,0.97,21439.69,257588117.24,32.11,15661.06,1.08,3.84,3666.24,SmallFamilyCar,City_4
8/31/1993,1993,Aug,0,95.93,0.97,33216.57,10000.0,32.11,15661.06,3.26,3.84,2917.96,Sports,City_4
8/31/1993,1993,Aug,0,95.93,0.97,17789.85,118373925.15,32.11,15661.06,2.71,3.84,3342.11,SuperMiniCar,City_4
9/30/1993,1993,Sep,0,106.31,1.02,36850.53,10000.0,35.56,16079.93,3.2,4.46,3115.87,ExecutiveCar,City_5
9/30/1993,1993,Sep,0,106.31,1.02,28325.53,404652755.84,35.56,16079.93,0.53,4.46,3767.17,MediumFamilyCar,City_5
9/30/1993,1993,Sep,0,106.31,1.02,20696.92,10000.0,35.56,16079.93,4.88,4.46,3916.74,SmallFamilyCar,City_5
9/30/1993,1993,Sep,0,106.31,1.02,33494.82,6411364.56,35.56,16079.93,0.5,4.46,3262.05,Sports,City_5
9/30/1993,1993,Sep,0,106.31,1.02,17697.09,10000.0,35.56,16079.93,1.67,4.46,3468.52,SuperMiniCar,City_5
10/31/1993,1993,Oct,0,108.33,1.1,36450.68,10000.0,31.69,16107.38,1.46,4.77,3334.0,ExecutiveCar,City_6
10/31/1993,1993,Oct,0,108.33,1.1,27538.22,10000.0,31.69,16107.38,2.72,4.77,3886.94,MediumFamilyCar,City_6
10/31/1993,1993,Oct,0,108.33,1.1,22089.63,10000.0,31.69,16107.38,2.8,4.77,4262.39,SmallFamilyCar,City_6
10/31/1993,1993,Oct,0,108.33,1.1,33617.93,180985031.16,31.69,16107.38,3.28,4.77,3563.13,Sports,City_6
10/31/1993,1993,Oct,0,108.33,1.1,16705.99,10000.0,31.69,16107.38,1.13,4.77,3858.98,SuperMiniCar,City_6
11/30/1993,1993,Nov,0,100.94,1.08,36367.55,78389219.16,33.48,15578.52,1.47,4.08,3372.69,ExecutiveCar,City_7
11/30/1993,1993,Nov,0,100.94,1.08,27813.74,186289992.05,33.48,15578.52,1.82,4.08,3801.8,MediumFamilyCar,City_7
11/30/1993,1993,Nov,0,100.94,1.08,20532.42,10000.0,33.48,15578.52,1.25,4.08,4212.76,SmallFamilyCar,City_7
11/30/1993,1993,Nov,0,100.94,1.08,34537.17,66523187.87,33.48,15578.52,4.74,4.08,3454.6,Sports,City_7
11/30/1993,1993,Nov,0,100.94,1.08,16664.48,10000.0,33.48,15578.52,2.97,4.08,3852.25,SuperMiniCar,City_7
12/31/1993,1993,Dec,0,107.63,1.18,38472.26,47327291.79,33.11,15570.5,2.39,4.71,3662.27,ExecutiveCar,City_8
12/31/1993,1993,Dec,0,107.63,1.18,29140.04,10000.0,33.11,15570.5,2.51,4.71,4371.39,MediumFamilyCar,City_8
12/31/1993,1993,Dec,0,107.63,1.18,21018.45,10000.0,33.11,15570.5,0.96,4.71,4562.15,SmallFamilyCar,City_8
12/31/1993,1993,Dec,0,107.63,1.18,33049.21,10000.0,33.11,15570.5,3.13,4.71,3702.02,Sports,City_8
12/31/1993,1993,Dec,0,107.63,1.18,17067.62,10000.0,33.11,15570.5,2.04,4.71,4085.8,SuperMiniCar,City_8
1/31/1994,1994,Jan,0,102.74,0.9,37317.92,10000.0,33.12,15986.81,2.33,4.51,2939.03,ExecutiveCar,City_1
1/31/1994,1994,Jan,0,102.74,0.9,28427.07,10000.0,33.12,15986.81,1.06,4.51,3217.87,MediumFamilyCar,City_1
1/31/1994,1994,Jan,0,102.74,0.9,20742.53,10000.0,33.12,15986.81,1.93,4.51,3357.15,SmallFamilyCar,City_1
1/31/1994,1994,Jan,0,102.74,0.9,34086.81,217061438.31,33.12,15986.81,2.4,4.51,2857.02,Sports,City_1
1/31/1994,1994,Jan,0,102.74,0.9,16585.72,171396269.76,33.12,15986.81,2.88,4.51,3151.23,SuperMiniCar,City_1
2/28/1994,1994,Feb,0,108.65,0.95,38182.81,10000.0,32.6,16056.45,1.87,4.55,2938.29,ExecutiveCar,City_2
2/28/1994,1994,Feb,0,108.65,0.95,28880.22,10000.0,32.6,16056.45,2.43,4.55,3443.66,MediumFamilyCar,City_2
2/28/1994,1994,Feb,0,108.65,0.95,19089.78,10000.0,32.6,16056.45,2.34,4.55,3673.2,SmallFamilyCar,City_2
2/28/1994,1994,Feb,0,108.65,0.95,35170.73,10000.0,32.6,16056.45,1.68,4.55,3053.21,Sports,City_2
2/28/1994,1994,Feb,0,108.65,0.95,16634.27,10000.0,32.6,16056.45,1.99,4.55,3075.98,SuperMiniCar,City_2
3/31/1994,1994,Mar,0,106.35,1.02,37316.19,10000.0,32.06,16116.92,0.78,4.6,3212.39,ExecutiveCar,City_3
3/31/1994,1994,Mar,0,106.35,1.02,29151.71,706913950.96,32.06,16116.92,2.56,4.6,3619.45,MediumFamilyCar,City_3
3/31/1994,1994,Mar,0,106.35,1.02,19914.03,180679880.76,32.06,16116.92,0.74,4.6,3861.9,SmallFamilyCar,City_3
3/31/1994,1994,Mar,0,106.35,1.02,34692.17,106526912.97,32.06,16116.92,2.28,4.6,3331.13,Sports,City_3
3/31/1994,1994,Mar,0,106.35,1.02,17155.75,10000.0,32.06,16116.92,4.35,4.6,3605.75,SuperMiniCar,City_3
4/30/1994,1994,Apr,0,95.12,1.08,37355.87,155008641.87,35.35,15752.08,3.06,4.57,3365.12,ExecutiveCar,City_4
4/30/1994,1994,Apr,0,95.12,1.08,28985.7,10000.0,35.35,15752.08,1.89,4.57,3730.41,MediumFamilyCar,City_4
4/30/1994,1994,Apr,0,95.12,1.08,21641.73,10000.0,35.35,15752.08,1.77,4.57,4181.48,SmallFamilyCar,City_4
4/30/1994,1994,Apr,0,95.12,1.08,34624.11,10000.0,35.35,15752.08,2.86,4.57,3334.02,Sports,City_4
4/30/1994,1994,Apr,0,95.12,1.08,16948.4,302515525.24,35.35,15752.08,2.2,4.57,3749.25,SuperMiniCar,City_4
5/31/1994,1994,May,0,110.58,1.15,37274.95,10000.0,31.27,15786.54,1.89,3.96,3585.52,ExecutiveCar,City_5
5/31/1994,1994,May,0,110.58,1.15,28709.33,10000.0,31.27,15786.54,2.81,3.96,4306.87,MediumFamilyCar,City_5
5/31/1994,1994,May,0,110.58,1.15,23625.24,93402210.9,31.27,15786.54,2.12,3.96,4473.22,SmallFamilyCar,City_5
5/31/1994,1994,May,0,110.58,1.15,32565.17,23111998.4,31.27,15786.54,4.49,3.96,3874.15,Sports,City_5
5/31/1994,1994,May,0,110.58,1.15,15632.36,10000.0,31.27,15786.54,3.95,3.96,4039.82,SuperMiniCar,City_5
6/30/1994,1994,Jun,0,102.92,1.05,38402.56,291848637.55,31.68,15934.02,2.96,4.01,3228.53,ExecutiveCar,City_6
6/30/1994,1994,Jun,0,102.92,1.05,27485.65,165686571.32,31.68,15934.02,1.15,4.01,3628.09,MediumFamilyCar,City_6
6/30/1994,1994,Jun,0,102.92,1.05,21105.32,10000.0,31.68,15934.02,1.48,4.01,4013.36,SmallFamilyCar,City_6
6/30/1994,1994,Jun,0,102.92,1.05,34440.92,259045583.77,31.68,15934.02,3.11,4.01,3353.39,Sports,City_6
6/30/1994,1994,Jun,0,102.92,1.05,16422.04,10000.0,31.68,15934.02,1.99,4.01,3649.52,SuperMiniCar,City_6
7/31/1994,1994,Jul,0,96.55,1.0,37395.37,10000.0,31.23,15942.48,4.86,4.42,3112.03,ExecutiveCar,City_7
7/31/1994,1994,Jul,0,96.55,1.0,28855.47,124168448.74,31.23,15942.48,2.13,4.42,3520.74,MediumFamilyCar,City_7
7/31/1994,1994,Jul,0,96.55,1.0,22559.34,328282007.45,31.23,15942.48,3.32,4.42,3717.32,SmallFamilyCar,City_7
7/31/1994,1994,Jul,0,96.55,1.0,33235.35,311738057.97,31.23,15942.48,1.66,4.42,3210.11,Sports,City_7
7/31/1994,1994,Jul,0,96.55,1.0,15707.49,10000.0,31.23,15942.48,2.82,4.42,3445.22,SuperMiniCar,City_7
8/31/1994,1994,Aug,0,108.43,0.97,37126.15,2568010.38,37.04,15637.73,3.39,3.6,3120.94,ExecutiveCar,City_8
8/31/1994,1994,Aug,0,108.43,0.97,28273.17,10740972.66,37.04,15637.73,2.8,3.6,3619.9,MediumFamilyCar,City_8
8/31/1994,1994,Aug,0,108.43,0.97,20755.54,10000.0,37.04,15637.73,3.88,3.6,3828.11,SmallFamilyCar,City_8
8/31/1994,1994,Aug,0,108.43,0.97,34419.93,419454750.5,37.04,15637.73,2.11,3.6,3261.14,Sports,City_8
8/31/1994,1994,Aug,0,108.43,0.97,17453.01,979392095.03,37.04,15637.73,1.31,3.6,3562.61,SuperMiniCar,City_8
9/30/1994,1994,Sep,0,107.79,1.02,38055.93,322351390.66,36.7,15667.66,3.2,4.45,3062.6,ExecutiveCar,City_1
9/30/1994,1994,Sep,0,107.79,1.02,29674.21,381791778.73,36.7,15667.66,3.1,4.45,3583.24,MediumFamilyCar,City_1
9/30/1994,1994,Sep,0,107.79,1.02,21042.89,10000.0,36.7,15667.66,3.14,4.45,3968.17,SmallFamilyCar,City_1
9/30/1994,1994,Sep,0,107.79,1.02,33359.18,10000.0,36.7,15667.66,1.75,4.45,3293.59,Sports,City_1
9/30/1994,1994,Sep,0,107.79,1.02,16997.44,64594740.88,36.7,15667.66,3.0,4.45,3585.95,SuperMiniCar,City_1
10/31/1994,1994,Oct,0,104.8,1.1,35862.79,10000.0,31.93,15683.17,3.48,4.81,3391.23,ExecutiveCar,City_2
10/31/1994,1994,Oct,0,104.8,1.1,29442.06,469285139.67,31.93,15683.17,2.13,4.81,3767.26,MediumFamilyCar,City_2
10/31/1994,1994,Oct,0,104.8,1.1,21757.27,10000.0,31.93,15683.17,3.37,4.81,4253.5,SmallFamilyCar,City_2
10/31/1994,1994,Oct,0,104.8,1.1,33655.92,10000.0,31.93,15683.17,2.84,4.81,3457.72,Sports,City_2
10/31/1994,1994,Oct,0,104.8,1.1,16871.71,10000.0,31.93,15683.17,1.42,4.81,3924.94,SuperMiniCar,City_2
11/30/1994,1994,Nov,0,107.77,1.08,37140.4,10000.0,32.03,15938.65,1.54,4.95,3374.56,ExecutiveCar,City_3
11/30/1994,1994,Nov,0,107.77,1.08,26516.63,247837947.12,32.03,15938.65,2.04,4.95,4014.84,MediumFamilyCar,City_3
11/30/1994,1994,Nov,0,107.77,1.08,22215.85,10000.0,32.03,15938.65,1.82,4.95,4131.68,SmallFamilyCar,City_3
11/30/1994,1994,Nov,0,107.77,1.08,34369.08,10000.0,32.03,15938.65,0.93,4.95,3463.17,Sports,City_3
11/30/1994,1994,Nov,0,107.77,1.08,18044.07,22513071.95,32.03,15938.65,2.95,4.95,3682.94,SuperMiniCar,City_3
12/31/1994,1994,Dec,0,113.55,1.18,38208.91,10000.0,32.42,15774.64,1.91,4.07,3621.97,ExecutiveCar,City_4
12/31/1994,1994,Dec,0,113.55,1.18,28548.22,80732607.74,32.42,15774.64,4.59,4.07,4307.89,MediumFamilyCar,City_4
12/31/1994,1994,Dec,0,113.55,1.18,18959.56,106870814.61,32.42,15774.64,2.54,4.07,4660.27,SmallFamilyCar,City_4
12/31/1994,1994,Dec,0,113.55,1.18,34234.76,10000.0,32.42,15774.64,2.45,4.07,3861.07,Sports,City_4
12/31/1994,1994,Dec,0,113.55,1.18,16585.34,10000.0,32.42,15774.64,5.52,4.07,4236.59,SuperMiniCar,City_4
1/31/1995,1995,Jan,0,99.27,0.9,37216.02,290904995.25,33.23,15721.04,2.97,4.34,2635.31,ExecutiveCar,City_5
1/31/1995,1995,Jan,0,99.27,0.9,27313.04,572579652.97,33.23,15721.04,1.31,4.34,3255.86,MediumFamilyCar,City_5
1/31/1995,1995,Jan,0,99.27,0.9,21812.24,189695133.13,33.23,15721.04,1.65,4.34,3586.01,SmallFamilyCar,City_5
1/31/1995,1995,Jan,0,99.27,0.9,33878.26,7212491.24,33.23,15721.04,2.25,4.34,2881.74,Sports,City_5
1/31/1995,1995,Jan,0,99.27,0.9,18024.93,10000.0,33.23,15721.04,2.02,4.34,2912.61,SuperMiniCar,City_5
2/28/1995,1995,Feb,0,101.98,0.95,37985.28,10000.0,28.49,15759.92,1.35,4.43,2928.23,ExecutiveCar,City_6
2/28/1995,1995,Feb,0,101.98,0.95,27558.37,10000.0,28.49,15759.92,1.75,4.43,3404.94,MediumFamilyCar,City_6
2/28/1995,1995,Feb,0,101.98,0.95,20704.91,10000.0,28.49,15759.92,4.45,4.43,3730.13,SmallFamilyCar,City_6
2/28/1995,1995,Feb,0,101.98,0.95,34526.2,10000.0,28.49,15759.92,1.9,4.43,3075.11,Sports,City_6
2/28/1995,1995,Feb,0,101.98,0.95,17902.49,134847162.86,28.49,15759.92,2.32,4.43,3087.39,SuperMiniCar,City_6
3/31/1995,1995,Mar,0,99.0,1.02,38987.21,243768239.34,31.82,15865.69,0.3,4.56,2974.15,ExecutiveCar,City_7
3/31/1995,1995,Mar,0,99.0,1.02,28624.12,10000.0,31.82,15865.69,1.18,4.56,3479.01,MediumFamilyCar,City_7
3/31/1995,1995,Mar,0,99.0,1.02,21245.03,156036980.74,31.82,15865.69,1.81,4.56,4077.93,SmallFamilyCar,City_7
3/31/1995,1995,Mar,0,99.0,1.02,33950.65,10000.0,31.82,15865.69,3.11,4.56,3312.93,Sports,City_7
3/31/1995,1995,Mar,0,99.0,1.02,18405.12,54936237.52,31.82,15865.69,3.78,4.56,3359.92,SuperMiniCar,City_7
4/30/1995,1995,Apr,0,100.77,1.08,37198.47,10000.0,33.5,15631.15,1.23,3.98,3290.67,ExecutiveCar,City_8
4/30/1995,1995,Apr,0,100.77,1.08,28357.53,10000.0,33.5,15631.15,4.05,3.98,3856.01,MediumFamilyCar,City_8
4/30/1995,1995,Apr,0,100.77,1.08,22011.03,10000.0,33.5,15631.15,2.74,3.98,4140.9,SmallFamilyCar,City_8
4/30/1995,1995,Apr,0,100.77,1.08,32896.9,349846542.42,33.5,15631.15,2.36,3.98,3452.0,Sports,City_8
4/30/1995,1995,Apr,0,100.77,1.08,16525.88,10000.0,33.5,15631.15,1.63,3.98,3816.28,SuperMiniCar,City_8
5/31/1995,1995,May,0,107.65,1.15,38182.27,10000.0,35.72,16209.0,1.8,4.41,3647.44,ExecutiveCar,City_1
5/31/1995,1995,May,0,107.65,1.15,29312.03,53314729.77,35.72,16209.0,1.11,4.41,4062.84,MediumFamilyCar,City_1
5/31/1995,1995,May,0,107.65,1.15,19799.71,10000.0,35.72,16209.0,0.84,4.41,4450.59,SmallFamilyCar,City_1
5/31/1995,1995,May,0,107.65,1.15,34557.37,467284578.44,35.72,16209.0,3.35,4.41,3774.01,Sports,City_1
5/31/1995,1995,May,0,107.65,1.15,17781.96,10000.0,35.72,16209.0,1.54,4.41,3993.91,SuperMiniCar,City_1
6/30/1995,1995,Jun,0,105.83,1.05,36707.81,118164465.75,30.96,15983.29,2.52,3.54,3241.76,ExecutiveCar,City_2
6/30/1995,1995,Jun,0,105.83,1.05,28735.39,10000.0,30.96,15983.29,2.25,3.54,3932.21,MediumFamilyCar,City_2
6/30/1995,1995,Jun,0,105.83,1.05,21319.91,193807037.99,30.96,15983.29,4.97,3.54,3955.0,SmallFamilyCar,City_2
6/30/1995,1995,Jun,0,105.83,1.05,34040.76,10000.0,30.96,15983.29,2.71,3.54,3343.17,Sports,City_2
6/30/1995,1995,Jun,0,105.83,1.05,17084.8,326578616.5,30.96,15983.29,1.88,3.54,3722.03,SuperMiniCar,City_2
7/31/1995,1995,Jul,0,105.95,1.0,36916.39,83016771.49,32.37,16146.54,1.75,4.49,3295.18,ExecutiveCar,City_3
7/31/1995,1995,Jul,0,105.95,1.0,29439.46,10000.0,32.37,16146.54,3.01,4.49,3771.94,MediumFamilyCar,City_3
7/31/1995,1995,Jul,0,105.95,1.0,20581.7,249069748.96,32.37,16146.54,2.89,4.49,3895.62,SmallFamilyCar,City_3
7/31/1995,1995,Jul,0,105.95,1.0,34221.46,105650844.26,32.37,16146.54,2.73,4.49,3246.44,Sports,City_3
7/31/1995,1995,Jul,0,105.95,1.0,16614.69,509119907.21,32.37,16146.54,1.45,4.49,3500.39,SuperMiniCar,City_3
8/31/1995,1995,Aug,0,113.92,0.97,36794.15,90120681.53,31.19,16006.91,1.13,4.19,2953.99,ExecutiveCar,City_4
8/31/1995,1995,Aug,0,113.92,0.97,27008.11,75055425.63,31.19,16006.91,2.0,4.19,3508.88,MediumFamilyCar,City_4
8/31/1995,1995,Aug,0,113.92,0.97,21863.49,10000.0,31.19,16006.91,3.3,4.19,3678.22,SmallFamilyCar,City_4
8/31/1995,1995,Aug,0,113.92,0.97,35536.26,183637492.33,31.19,16006.91,1.49,4.19,3116.39,Sports,City_4
8/31/1995,1995,Aug,0,113.92,0.97,17611.92,10000.0,31.19,16006.91,2.33,4.19,3361.11,SuperMiniCar,City_4
9/30/1995,1995,Sep,0,106.41,1.02,37442.31,10000.0,34.91,16218.06,0.76,4.04,3212.62,ExecutiveCar,City_5
9/30/1995,1995,Sep,0,106.41,1.02,28984.69,10000.0,34.91,16218.06,2.57,4.04,3585.54,MediumFamilyCar,City_5
9/30/1995,1995,Sep,0,106.41,1.02,20045.14,10000.0,34.91,16218.06,2.69,4.04,4059.68,SmallFamilyCar,City_5
9/30/1995,1995,Sep,0,106.41,1.02,35400.18,222579601.33,34.91,16218.06,2.79,4.04,3233.9,Sports,City_5
9/30/1995,1995,Sep,0,106.41,1.02,15928.38,10000.0,34.91,16218.06,2.87,4.04,3746.31,SuperMiniCar,City_5
10/31/1995,1995,Oct,0,101.02,1.1,37787.87,10000.0,34.38,15671.36,1.53,4.41,3440.26,ExecutiveCar,City_6
10/31/1995,1995,Oct,0,101.02,1.1,28746.96,10000.0,34.38,15671.36,3.74,4.41,3979.33,MediumFamilyCar,City_6
10/31/1995,1995,Oct,0,101.02,1.1,20339.74,326817960.17,34.38,15671.36,1.82,4.41,4231.63,SmallFamilyCar,City_6
10/31/1995,1995,Oct,0,101.02,1.1,34541.68,436208897.77,34.38,15671.36,4.12,4.41,3450.14,Sports,City_6
10/31/1995,1995,Oct,0,101.02,1.1,17497.41,237980760.32,34.38,15671.36,1.24,4.41,3842.68,SuperMiniCar,City_6
11/30/1995,1995,Nov,0,107.43,1.08,37664.48,10000.0,32.55,16061.04,2.68,4.04,3374.41,ExecutiveCar,City_7
11/30/1995,1995,Nov,0,107.43,1.08,29086.74,10000.0,32.55,16061.04,4.14,4.04,3971.45,MediumFamilyCar,City_7
11/30/1995,1995,Nov,0,107.43,1.08,21345.14,343082197.41,32.55,16061.04,2.86,4.04,4231.85,SmallFamilyCar,City_7
11/30/1995,1995,Nov,0,107.43,1.08,32304.33,10000.0,32.55,16061.04,3.26,4.04,3416.58,Sports,City_7
11/30/1995,1995,Nov,0,107.43,1.08,17768.44,44821479.98,32.55,16061.04,3.79,4.04,3760.17,SuperMiniCar,City_7
12/31/1995,1995,Dec,0,108.28,1.18,37203.27,236218474.72,36.0,15826.2,4.05,4.46,3471.22,ExecutiveCar,City_8
12/31/1995,1995,Dec,0,108.28,1.18,28495.84,236081501.02,36.0,15826.2,3.37,4.46,4293.58,MediumFamilyCar,City_8
12/31/1995,1995,Dec,0,108.28,1.18,21259.25,387748683.42,36.0,15826.2,4.39,4.46,4555.32,SmallFamilyCar,City_8
12/31/1995,1995,Dec,0,108.28,1.18,34290.31,10000.0,36.0,15826.2,3.06,4.46,3895.12,Sports,City_8
12/31/1995,1995,Dec,0,108.28,1.18,17279.21,10000.0,36.0,15826.2,3.8,4.46,4132.3,SuperMiniCar,City_8
1/31/1996,1996,Jan,0,106.44,0.9,37275.19,10000.0,37.18,15674.95,4.16,4.15,2735.77,ExecutiveCar,City_1
1/31/1996,1996,Jan,0,106.44,0.9,28109.81,854520940.3,37.18,15674.95,3.09,4.15,2995.75,MediumFamilyCar,City_1
1/31/1996,1996,Jan,0,106.44,0.9,21094.47,22368373.94,37.18,15674.95,3.35,4.15,3401.36,SmallFamilyCar,City_1
1/31/1996,1996,Jan,0,106.44,0.9,34782.84,10000.0,37.18,15674.95,3.29,4.15,3096.78,Sports,City_1
1/31/1996,1996,Jan,0,106.44,0.9,16409.33,10000.0,37.18,15674.95,0.93,4.15,3099.19,SuperMiniCar,City_1
2/29/1996,1996,Feb,0,107.41,0.95,36972.87,10000.0,30.8,15735.89,1.89,3.89,2640.84,ExecutiveCar,City_2
2/29/1996,1996,Feb,0,107.41,0.95,28421.17,275697711.15,30.8,15735.89,2.48,3.89,3599.55,MediumFamilyCar,City_2
2/29/1996,1996,Feb,0,107.41,0.95,20459.7,10000.0,30.8,15735.89,1.73,3.89,3709.02,SmallFamilyCar,City_2
2/29/1996,1996,Feb,0,107.41,0.95,34283.0,10000.0,30.8,15735.89,3.49,3.89,3110.35,Sports,City_2
2/29/1996,1996,Feb,0,107.41,0.95,16877.55,44013191.87,30.8,15735.89,2.42,3.89,3392.6,SuperMiniCar,City_2
3/31/1996,1996,Mar,0,103.21,1.02,37521.11,158472434.66,31.31,15743.1,1.81,4.32,2969.16,ExecutiveCar,City_3
3/31/1996,1996,Mar,0,103.21,1.02,29620.55,408146967.75,31.31,15743.1,3.3,4.32,3910.74,MediumFamilyCar,City_3
3/31/1996,1996,Mar,0,103.21,1.02,20498.4,10000.0,31.31,15743.1,2.05,4.32,4121.27,SmallFamilyCar,City_3
3/31/1996,1996,Mar,0,103.21,1.02,34593.21,67810186.12,31.31,15743.1,3.82,4.32,3340.74,Sports,City_3
3/31/1996,1996,Mar,0,103.21,1.02,17875.13,10000.0,31.31,15743.1,1.4,4.32,3597.98,SuperMiniCar,City_3
4/30/1996,1996,Apr,0,103.2,1.08,37240.83,10000.0,31.96,16363.53,1.0,4.34,3245.14,ExecutiveCar,City_4
4/30/1996,1996,Apr,0,103.2,1.08,28437.66,346469522.77,31.96,16363.53,2.79,4.34,3868.42,MediumFamilyCar,City_4
4/30/1996,1996,Apr,0,103.2,1.08,20533.5,10000.0,31.96,16363.53,2.86,4.34,4202.22,SmallFamilyCar,City_4
4/30/1996,1996,Apr,0,103.2,1.08,34396.89,265335374.77,31.96,16363.53,2.51,4.34,3548.89,Sports,City_4
4/30/1996,1996,Apr,0,103.2,1.08,16844.12,10000.0,31.96,16363.53,2.77,4.34,3846.24,SuperMiniCar,City_4
5/31/1996,1996,May,0,107.9,1.15,38249.38,119225745.14,32.5,16141.33,1.94,4.5,3474.41,ExecutiveCar,City_5
5/31/1996,1996,May,0,107.9,1.15,28205.71,10000.0,32.5,16141.33,4.14,4.5,4279.44,MediumFamilyCar,City_5
5/31/1996,1996,May,0,107.9,1.15,20841.59,94853608.52,32.5,16141.33,2.65,4.5,4568.05,SmallFamilyCar,City_5
5/31/1996,1996,May,0,107.9,1.15,33746.82,10000.0,32.5,16141.33,2.14,4.5,3477.12,Sports,City_5
5/31/1996,1996,May,0,107.9,1.15,18139.59,10000.0,32.5,16141.33,1.44,4.5,4072.92,SuperMiniCar,City_5
6/30/1996,1996,Jun,0,105.3,1.05,36015.44,10000.0,32.62,16041.21,2.5,4.19,3443.69,ExecutiveCar,City_6
6/30/1996,1996,Jun,0,105.3,1.05,29631.86,254532022.38,32.62,16041.21,2.45,4.19,3723.3,MediumFamilyCar,City_6
6/30/1996,1996,Jun,0,105.3,1.05,21038.43,10000.0,32.62,16041.21,2.42,4.19,4055.2,SmallFamilyCar,City_6
6/30/1996,1996,Jun,0,105.3,1.05,34673.96,185231194.99,32.62,16041.21,1.27,4.19,3382.9,Sports,City_6
6/30/1996,1996,Jun,0,105.3,1.05,15837.19,261470871.2,32.62,16041.21,2.75,4.19,3584.34,SuperMiniCar,City_6
7/31/1996,1996,Jul,0,114.03,1.0,38491.51,10000.0,31.98,16086.32,1.95,3.8,3151.68,ExecutiveCar,City_7
7/31/1996,1996,Jul,0,114.03,1.0,31197.98,94328020.28,31.98,16086.32,4.11,3.8,3702.85,MediumFamilyCar,City_7
7/31/1996,1996,Jul,0,114.03,1.0,21422.41,10000.0,31.98,16086.32,3.56,3.8,4075.43,SmallFamilyCar,City_7
7/31/1996,1996,Jul,0,114.03,1.0,35752.7,49261333.96,31.98,16086.32,-0.15,3.8,3158.42,Sports,City_7
7/31/1996,1996,Jul,0,114.03,1.0,17759.16,10000.0,31.98,16086.32,3.22,3.8,3543.45,SuperMiniCar,City_7
8/31/1996,1996,Aug,0,105.68,0.97,38789.83,10000.0,33.26,15747.49,2.81,3.84,2958.75,ExecutiveCar,City_8
8/31/1996,1996,Aug,0,105.68,0.97,27666.63,10000.0,33.26,15747.49,2.51,3.84,3523.19,MediumFamilyCar,City_8
8/31/1996,1996,Aug,0,105.68,0.97,21591.42,10000.0,33.26,15747.49,-0.61,3.84,3967.39,SmallFamilyCar,City_8
8/31/1996,1996,Aug,0,105.68,0.97,34395.03,280607849.39,33.26,15747.49,1.62,3.84,3218.96,Sports,City_8
8/31/1996,1996,Aug,0,105.68,0.97,17912.94,10000.0,33.26,15747.49,2.07,3.84,3445.03,SuperMiniCar,City_8
9/30/1996,1996,Sep,0,105.94,1.02,36745.28,552286749.75,35.15,15966.32,1.9,4.49,3093.77,ExecutiveCar,City_1
9/30/1996,1996,Sep,0,105.94,1.02,28859.36,21146958.97,35.15,15966.32,2.11,4.49,3634.12,MediumFamilyCar,City_1
9/30/1996,1996,Sep,0,105.94,1.02,21096.19,57754589.62,35.15,15966.32,0.14,4.49,3961.7,SmallFamilyCar,City_1
9/30/1996,1996,Sep,0,105.94,1.02,34354.17,142811175.81,35.15,15966.32,1.12,4.49,3481.48,Sports,City_1
9/30/1996,1996,Sep,0,105.94,1.02,16698.15,443460287.02,35.15,15966.32,1.91,4.49,3533.28,SuperMiniCar,City_1
10/31/1996,1996,Oct,0,103.96,1.1,36296.12,10000.0,32.71,16149.52,0.55,4.07,3499.52,ExecutiveCar,City_2
10/31/1996,1996,Oct,0,103.96,1.1,28262.72,10000.0,32.71,16149.52,1.77,4.07,3866.79,MediumFamilyCar,City_2
10/31/1996,1996,Oct,0,103.96,1.1,20313.61,395767092.26,32.71,16149.52,2.9,4.07,4074.98,SmallFamilyCar,City_2
10/31/1996,1996,Oct,0,103.96,1.1,33669.78,10000.0,32.71,16149.52,1.36,4.07,3573.13,Sports,City_2
10/31/1996,1996,Oct,0,103.96,1.1,17930.54,272321614.23,32.71,16149.52,3.13,4.07,3847.49,SuperMiniCar,City_2
11/30/1996,1996,Nov,0,104.55,1.08,36398.4,10000.0,32.8,15775.61,3.71,4.31,3509.67,ExecutiveCar,City_3
11/30/1996,1996,Nov,0,104.55,1.08,28397.0,10000.0,32.8,15775.61,2.28,4.31,3758.66,MediumFamilyCar,City_3
11/30/1996,1996,Nov,0,104.55,1.08,21604.23,219730440.56,32.8,15775.61,3.01,4.31,4037.2,SmallFamilyCar,City_3
11/30/1996,1996,Nov,0,104.55,1.08,34541.21,10000.0,32.8,15775.61,2.17,4.31,3407.99,Sports,City_3
11/30/1996,1996,Nov,0,104.55,1.08,17312.56,10000.0,32.8,15775.61,2.68,4.31,3986.15,SuperMiniCar,City_3
12/31/1996,1996,Dec,0,101.31,1.18,38270.72,146191912.14,32.31,15622.05,1.4,3.88,3696.69,ExecutiveCar,City_4
12/31/1996,1996,Dec,0,101.31,1.18,29129.6,10000.0,32.31,15622.05,2.22,3.88,4189.17,MediumFamilyCar,City_4
12/31/1996,1996,Dec,0,101.31,1.18,20848.98,74644157.03,32.31,15622.05,4.09,3.88,4598.99,SmallFamilyCar,City_4
12/31/1996,1996,Dec,0,101.31,1.18,35415.47,137589211.55,32.31,15622.05,1.03,3.88,3781.23,Sports,City_4
12/31/1996,1996,Dec,0,101.31,1.18,16569.12,10000.0,32.31,15622.05,2.41,3.88,4009.31,SuperMiniCar,City_4
1/31/1997,1997,Jan,0,107.39,0.9,38102.47,7341299.4,32.51,16173.66,2.68,4.74,2585.65,ExecutiveCar,City_5
1/31/1997,1997,Jan,0,107.39,0.9,30086.48,246633468.52,32.51,16173.66,1.54,4.74,3471.88,MediumFamilyCar,City_5
1/31/1997,1997,Jan,0,107.39,0.9,21185.12,10000.0,32.51,16173.66,3.0,4.74,3467.22,SmallFamilyCar,City_5
1/31/1997,1997,Jan,0,107.39,0.9,33818.35,295366887.2,32.51,16173.66,2.6,4.74,2963.87,Sports,City_5
1/31/1997,1997,Jan,0,107.39,0.9,17303.43,85269083.96,32.51,16173.66,3.47,4.74,3009.86,SuperMiniCar,City_5
2/28/1997,1997,Feb,0,106.84,0.95,38944.05,335411350.71,30.77,15935.63,2.82,4.59,2802.67,ExecutiveCar,City_6
2/28/1997,1997,Feb,0,106.84,0.95,29939.29,214785200.68,30.77,15935.63,1.59,4.59,3594.49,MediumFamilyCar,City_6
2/28/1997,1997,Feb,0,106.84,0.95,21690.04,10000.0,30.77,15935.63,1.83,4.59,3874.52,SmallFamilyCar,City_6
2/28/1997,1997,Feb,0,106.84,0.95,33352.15,172718118.36,30.77,15935.63,1.55,4.59,3116.09,Sports,City_6
2/28/1997,1997,Feb,0,106.84,0.95,16927.2,10000.0,30.77,15935.63,1.74,4.59,3384.54,SuperMiniCar,City_6
3/31/1997,1997,Mar,0,112.23,1.02,38721.36,316905171.27,34.11,15979.69,1.67,4.96,3178.83,ExecutiveCar,City_7
3/31/1997,1997,Mar,0,112.23,1.02,27636.43,352777205.64,34.11,15979.69,4.57,4.96,3731.99,MediumFamilyCar,City_7
3/31/1997,1997,Mar,0,112.23,1.02,19560.99,201568104.57,34.11,15979.69,1.6,4.96,4026.01,SmallFamilyCar,City_7
3/31/1997,1997,Mar,0,112.23,1.02,35190.26,62904353.92,34.11,15979.69,2.01,4.96,3285.65,Sports,City_7
3/31/1997,1997,Mar,0,112.23,1.02,17445.17,10000.0,34.11,15979.69,1.39,4.96,3566.01,SuperMiniCar,City_7
4/30/1997,1997,Apr,0,105.2,1.08,35854.95,10000.0,30.57,15936.86,1.88,4.42,3425.0,ExecutiveCar,City_8
4/30/1997,1997,Apr,0,105.2,1.08,29543.33,353928017.09,30.57,15936.86,1.79,4.42,3929.5,MediumFamilyCar,City_8
4/30/1997,1997,Apr,0,105.2,1.08,21417.65,10000.0,30.57,15936.86,4.4,4.42,4263.35,SmallFamilyCar,City_8
4/30/1997,1997,Apr,0,105.2,1.08,35024.6,96310644.74,30.57,15936.86,2.78,4.42,3369.67,Sports,City_8
4/30/1997,1997,Apr,0,105.2,1.08,18006.3,10000.0,30.57,15936.86,2.43,4.42,3751.56,SuperMiniCar,City_8
5/31/1997,1997,May,0,107.93,1.15,38670.54,14064224.66,35.55,15879.03,1.61,4.06,3539.67,ExecutiveCar,City_1
5/31/1997,1997,May,0,107.93,1.15,28854.41,10000.0,35.55,15879.03,2.93,4.06,4174.49,MediumFamilyCar,City_1
5/31/1997,1997,May,0,107.93,1.15,19988.48,10000.0,35.55,15879.03,2.92,4.06,4534.65,SmallFamilyCar,City_1
5/31/1997,1997,May,0,107.93,1.15,34930.63,192767165.38,35.55,15879.03,1.23,4.06,3682.84,Sports,City_1
5/31/1997,1997,May,0,107.93,1.15,18684.05,106576881.95,35.55,15879.03,2.08,4.06,3939.56,SuperMiniCar,City_1
6/30/1997,1997,Jun,0,100.64,1.05,38920.83,10000.0,35.17,15786.51,1.46,4.12,3140.35,ExecutiveCar,City_2
6/30/1997,1997,Jun,0,100.64,1.05,26994.67,10000.0,35.17,15786.51,2.33,4.12,3737.52,MediumFamilyCar,City_2
6/30/1997,1997,Jun,0,100.64,1.05,19751.96,384500099.52,35.17,15786.51,3.32,4.12,4138.31,SmallFamilyCar,City_2
6/30/1997,1997,Jun,0,100.64,1.05,34646.82,250240570.92,35.17,15786.51,1.03,4.12,3502.25,Sports,City_2
6/30/1997,1997,Jun,0,100.64,1.05,16727.57,10000.0,35.17,15786.51,1.38,4.12,3732.98,SuperMiniCar,City_2
7/31/1997,1997,Jul,0,107.69,1.0,39143.91,253498113.28,29.78,16021.38,1.45,4.01,2903.6,ExecutiveCar,City_3
7/31/1997,1997,Jul,0,107.69,1.0,29909.61,131757514.04,29.78,16021.38,2.65,4.01,3650.24,MediumFamilyCar,City_3
7/31/1997,1997,Jul,0,107.69,1.0,20676.43,10453177.6,29.78,16021.38,2.48,4.01,4026.99,SmallFamilyCar,City_3
7/31/1997,1997,Jul,0,107.69,1.0,34377.16,18080794.58,29.78,16021.38,2.53,4.01,3243.22,Sports,City_3
7/31/1997,1997,Jul,0,107.69,1.0,17985.94,10000.0,29.78,16021.38,2.28,4.01,3441.96,SuperMiniCar,City_3
8/31/1997,1997,Aug,0,96.46,0.97,39021.97,10000.0,35.18,15946.18,2.45,4.43,2875.78,ExecutiveCar,City_4
8/31/1997,1997,Aug,0,96.46,0.97,28872.13,389120452.84,35.18,15946.18,2.54,4.43,3637.7,MediumFamilyCar,City_4
8/31/1997,1997,Aug,0,96.46,0.97,21316.97,280618884.54,35.18,15946.18,1.81,4.43,3753.26,SmallFamilyCar,City_4
8/31/1997,1997,Aug,0,96.46,0.97,34178.14,24702668.83,35.18,15946.18,2.28,4.43,3001.35,Sports,City_4
8/31/1997,1997,Aug,0,96.46,0.97,18388.29,10000.0,35.18,15946.18,1.77,4.43,3420.21,SuperMiniCar,City_4
9/30/1997,1997,Sep,0,107.37,1.02,38045.06,142885643.71,34.36,15660.94,2.25,5.01,3022.96,ExecutiveCar,City_5
9/30/1997,1997,Sep,0,107.37,1.02,30943.46,10000.0,34.36,15660.94,1.48,5.01,3805.15,MediumFamilyCar,City_5
9/30/1997,1997,Sep,0,107.37,1.02,22545.96,344963895.6,34.36,15660.94,2.36,5.01,3895.91,SmallFamilyCar,City_5
9/30/1997,1997,Sep,0,107.37,1.02,34035.77,219680634.76,34.36,15660.94,2.12,5.01,3319.56,Sports,City_5
9/30/1997,1997,Sep,0,107.37,1.02,17831.53,10000.0,34.36,15660.94,2.27,5.01,3567.72,SuperMiniCar,City_5
10/31/1997,1997,Oct,0,113.41,1.1,37886.12,10000.0,34.57,16022.64,3.15,4.58,3521.35,ExecutiveCar,City_6
10/31/1997,1997,Oct,0,113.41,1.1,27955.9,10000.0,34.57,16022.64,2.42,4.58,4065.69,MediumFamilyCar,City_6
10/31/1997,1997,Oct,0,113.41,1.1,22446.39,158877256.03,34.57,16022.64,3.87,4.58,4303.13,SmallFamilyCar,City_6
10/31/1997,1997,Oct,0,113.41,1.1,34754.11,10000.0,34.57,16022.64,2.51,4.58,3651.37,Sports,City_6
10/31/1997,1997,Oct,0,113.41,1.1,16250.81,10000.0,34.57,16022.64,2.18,4.58,3929.78,SuperMiniCar,City_6
11/30/1997,1997,Nov,0,103.38,1.08,35750.3,10000.0,34.34,16123.37,3.58,4.46,3301.11,ExecutiveCar,City_7
11/30/1997,1997,Nov,0,103.38,1.08,29184.15,497892220.58,34.34,16123.37,1.74,4.46,3740.81,MediumFamilyCar,City_7
11/30/1997,1997,Nov,0,103.38,1.08,20217.79,538449215.73,34.34,16123.37,2.42,4.46,4191.87,SmallFamilyCar,City_7
11/30/1997,1997,Nov,0,103.38,1.08,35772.44,163296418.61,34.34,16123.37,1.62,4.46,3497.49,Sports,City_7
11/30/1997,1997,Nov,0,103.38,1.08,17740.45,10000.0,34.34,16123.37,0.38,4.46,3722.65,SuperMiniCar,City_7
12/31/1997,1997,Dec,0,113.27,1.18,37487.09,10000.0,33.75,16006.69,1.4,3.78,3622.91,ExecutiveCar,City_8
12/31/1997,1997,Dec,0,113.27,1.18,30879.43,228216831.35,33.75,16006.69,2.41,3.78,4456.14,MediumFamilyCar,City_8
12/31/1997,1997,Dec,0,113.27,1.18,20495.8,681538659.77,33.75,16006.69,2.31,3.78,4643.9,SmallFamilyCar,City_8
12/31/1997,1997,Dec,0,113.27,1.18,35803.82,10000.0,33.75,16006.69,1.83,3.78,4105.1,Sports,City_8
12/31/1997,1997,Dec,0,113.27,1.18,17280.62,10000.0,33.75,16006.69,5.5,3.78,4165.89,SuperMiniCar,City_8
1/31/1998,1998,Jan,0,108.77,0.9,37448.15,30082277.56,33.6,15810.69,3.01,4.38,2816.92,ExecutiveCar,City_1
1/31/1998,1998,Jan,0,108.77,0.9,29732.16,445339916.72,33.6,15810.69,3.44,4.38,3329.94,MediumFamilyCar,City_1
1/31/1998,1998,Jan,0,108.77,0.9,20456.59,10000.0,33.6,15810.69,2.28,4.38,3551.77,SmallFamilyCar,City_1
1/31/1998,1998,Jan,0,108.77,0.9,34523.33,10000.0,33.6,15810.69,1.31,4.38,2978.14,Sports,City_1
1/31/1998,1998,Jan,0,108.77,0.9,17265.04,10000.0,33.6,15810.69,1.5,4.38,3043.48,SuperMiniCar,City_1
2/28/1998,1998,Feb,0,107.71,0.95,37934.38,151350362.52,35.08,15981.52,1.79,3.83,2911.94,ExecutiveCar,City_2
2/28/1998,1998,Feb,0,107.71,0.95,30233.2,278799421.46,35.08,15981.52,3.1,3.83,3409.8,MediumFamilyCar,City_2
2/28/1998,1998,Feb,0,107.71,0.95,19812.18,449682598.72,35.08,15981.52,2.89,3.83,3832.1,SmallFamilyCar,City_2
2/28/1998,1998,Feb,0,107.71,0.95,35215.73,12218862.36,35.08,15981.52,2.22,3.83,3216.16,Sports,City_2
2/28/1998,1998,Feb,0,107.71,0.95,17203.6,263884996.54,35.08,15981.52,0.91,3.83,3415.03,SuperMiniCar,City_2
3/31/1998,1998,Mar,0,103.18,1.02,38552.68,10000.0,33.12,15944.61,2.31,5.02,3052.05,ExecutiveCar,City_3
3/31/1998,1998,Mar,0,103.18,1.02,28716.99,248677611.93,33.12,15944.61,3.32,5.02,3766.7,MediumFamilyCar,City_3
3/31/1998,1998,Mar,0,103.18,1.02,21506.43,1076406286.51,33.12,15944.61,3.55,5.02,4061.35,SmallFamilyCar,City_3
3/31/1998,1998,Mar,0,103.18,1.02,34205.26,10000.0,33.12,15944.61,3.93,5.02,3331.81,Sports,City_3
3/31/1998,1998,Mar,0,103.18,1.02,18635.66,238757250.49,33.12,15944.61,1.24,5.02,3738.43,SuperMiniCar,City_3
4/30/1998,1998,Apr,0,99.31,1.08,39006.7,140013226.52,34.08,16201.79,3.03,3.87,3363.46,ExecutiveCar,City_4
4/30/1998,1998,Apr,0,99.31,1.08,29192.02,10000.0,34.08,16201.79,0.5,3.87,3801.57,MediumFamilyCar,City_4
4/30/1998,1998,Apr,0,99.31,1.08,20791.5,289855397.04,34.08,16201.79,3.61,3.87,4256.16,SmallFamilyCar,City_4
4/30/1998,1998,Apr,0,99.31,1.08,35378.25,10000.0,34.08,16201.79,0.65,3.87,3429.33,Sports,City_4
4/30/1998,1998,Apr,0,99.31,1.08,17076.3,10000.0,34.08,16201.79,4.48,3.87,3790.56,SuperMiniCar,City_4
5/31/1998,1998,May,0,101.52,1.15,38587.48,10000.0,35.42,15698.54,1.73,4.43,3562.48,ExecutiveCar,City_5
5/31/1998,1998,May,0,101.52,1.15,30692.64,151511915.71,35.42,15698.54,1.6,4.43,4242.24,MediumFamilyCar,City_5
5/31/1998,1998,May,0,101.52,1.15,23335.98,34151153.3,35.42,15698.54,3.96,4.43,4496.36,SmallFamilyCar,City_5
5/31/1998,1998,May,0,101.52,1.15,34872.33,153529662.36,35.42,15698.54,2.9,4.43,3649.8,Sports,City_5
5/31/1998,1998,May,0,101.52,1.15,16805.39,300480956.03,35.42,15698.54,3.69,4.43,3957.34,SuperMiniCar,City_5
6/30/1998,1998,Jun,0,106.61,1.05,38854.46,10000.0,32.98,16458.04,1.47,4.93,3379.79,ExecutiveCar,City_6
6/30/1998,1998,Jun,0,106.61,1.05,29134.18,10000.0,32.98,16458.04,3.57,4.93,3868.6,MediumFamilyCar,City_6
6/30/1998,1998,Jun,0,106.61,1.05,22457.9,10000.0,32.98,16458.04,2.75,4.93,4179.19,SmallFamilyCar,City_6
6/30/1998,1998,Jun,0,106.61,1.05,33684.73,10000.0,32.98,16458.04,1.66,4.93,3488.57,Sports,City_6
6/30/1998,1998,Jun,0,106.61,1.05,18755.28,614817442.01,32.98,16458.04,1.69,4.93,3709.85,SuperMiniCar,City_6
7/31/1998,1998,Jul,0,107.74,1.0,39634.06,310352265.14,34.4,16211.64,1.44,4.5,3139.08,ExecutiveCar,City_7
7/31/1998,1998,Jul,0,107.74,1.0,29989.9,99399980.52,34.4,16211.64,3.63,4.5,3731.47,MediumFamilyCar,City_7
7/31/1998,1998,Jul,0,107.74,1.0,21554.37,40397627.18,34.4,16211.64,0.48,4.5,3946.57,SmallFamilyCar,City_7
7/31/1998,1998,Jul,0,107.74,1.0,34371.4,10000.0,34.4,16211.64,3.93,4.5,3266.28,Sports,City_7
7/31/1998,1998,Jul,0,107.74,1.0,17429.14,10000.0,34.4,16211.64,2.8,4.5,3594.65,SuperMiniCar,City_7
8/31/1998,1998,Aug,0,105.98,0.97,38237.94,10000.0,35.34,16327.86,2.37,4.01,2829.72,ExecutiveCar,City_8
8/31/1998,1998,Aug,0,105.98,0.97,29386.1,606397736.16,35.34,16327.86,2.18,4.01,3494.69,MediumFamilyCar,City_8
8/31/1998,1998,Aug,0,105.98,0.97,22989.8,10000.0,35.34,16327.86,4.31,4.01,3834.41,SmallFamilyCar,City_8
8/31/1998,1998,Aug,0,105.98,0.97,36331.52,185877513.25,35.34,16327.86,2.81,4.01,3172.76,Sports,City_8
8/31/1998,1998,Aug,0,105.98,0.97,16953.77,23161239.88,35.34,16327.86,3.4,4.01,3430.37,SuperMiniCar,City_8
9/30/1998,1998,Sep,0,104.87,1.02,37750.28,10000.0,35.58,16076.72,2.88,4.19,3275.69,ExecutiveCar,City_1
9/30/1998,1998,Sep,0,104.87,1.02,30192.79,10000.0,35.58,16076.72,2.24,4.19,3858.68,MediumFamilyCar,City_1
9/30/1998,1998,Sep,0,104.87,1.02,21179.99,532887275.49,35.58,16076.72,1.08,4.19,3902.29,SmallFamilyCar,City_1
9/30/1998,1998,Sep,0,104.87,1.02,34243.16,71251502.68,35.58,16076.72,3.12,4.19,3171.79,Sports,City_1
9/30/1998,1998,Sep,0,104.87,1.02,18393.55,10000.0,35.58,16076.72,3.69,4.19,3644.27,SuperMiniCar,City_1
10/31/1998,1998,Oct,0,100.04,1.1,39208.6,10000.0,33.61,16001.98,2.53,4.56,3390.93,ExecutiveCar,City_2
10/31/1998,1998,Oct,0,100.04,1.1,29680.4,245087412.59,33.61,16001.98,3.79,4.56,3856.34,MediumFamilyCar,City_2
10/31/1998,1998,Oct,0,100.04,1.1,22135.78,452030883.97,33.61,16001.98,0.86,4.56,4204.09,SmallFamilyCar,City_2
10/31/1998,1998,Oct,0,100.04,1.1,35672.81,10000.0,33.61,16001.98,1.29,4.56,3603.94,Sports,City_2
10/31/1998,1998,Oct,0,100.04,1.1,16493.39,10000.0,33.61,16001.98,2.46,4.56,3930.83,SuperMiniCar,City_2
11/30/1998,1998,Nov,0,102.92,1.08,40113.96,10000.0,33.8,16258.88,2.82,4.08,3429.66,ExecutiveCar,City_3
11/30/1998,1998,Nov,0,102.92,1.08,30091.05,10000.0,33.8,16258.88,1.83,4.08,3815.75,MediumFamilyCar,City_3
11/30/1998,1998,Nov,0,102.92,1.08,21333.04,107458932.84,33.8,16258.88,2.98,4.08,4155.45,SmallFamilyCar,City_3
11/30/1998,1998,Nov,0,102.92,1.08,33842.09,180327937.84,33.8,16258.88,2.45,4.08,3508.98,Sports,City_3
11/30/1998,1998,Nov,0,102.92,1.08,16886.81,10000.0,33.8,16258.88,2.47,4.08,3912.35,SuperMiniCar,City_3
12/31/1998,1998,Dec,0,105.1,1.18,37460.32,10000.0,31.86,16403.99,3.07,4.36,3820.51,ExecutiveCar,City_4
12/31/1998,1998,Dec,0,105.1,1.18,30295.67,196860335.19,31.86,16403.99,3.4,4.36,4118.17,MediumFamilyCar,City_4
12/31/1998,1998,Dec,0,105.1,1.18,21265.1,10000.0,31.86,16403.99,2.36,4.36,4668.0,SmallFamilyCar,City_4
12/31/1998,1998,Dec,0,105.1,1.18,35294.92,199890291.39,31.86,16403.99,3.98,4.36,3753.16,Sports,City_4
12/31/1998,1998,Dec,0,105.1,1.18,18192.66,10000.0,31.86,16403.99,2.02,4.36,4201.61,SuperMiniCar,City_4
1/31/1999,1999,Jan,0,107.21,0.9,39030.33,250563111.0,31.68,16258.42,1.51,4.16,2727.52,ExecutiveCar,City_5
1/31/1999,1999,Jan,0,107.21,0.9,29031.81,5352912.56,31.68,16258.42,3.92,4.16,3368.19,MediumFamilyCar,City_5
1/31/1999,1999,Jan,0,107.21,0.9,22163.7,636321296.42,31.68,16258.42,1.8,4.16,3627.79,SmallFamilyCar,City_5
1/31/1999,1999,Jan,0,107.21,0.9,34545.3,10000.0,31.68,16258.42,0.15,4.16,2865.58,Sports,City_5
1/31/1999,1999,Jan,0,107.21,0.9,17125.84,239209681.14,31.68,16258.42,2.85,4.16,3186.13,SuperMiniCar,City_5
2/28/1999,1999,Feb,0,109.25,0.95,36741.71,10000.0,32.26,15989.83,1.76,4.51,2927.54,ExecutiveCar,City_6
2/28/1999,1999,Feb,0,109.25,0.95,28701.69,10000.0,32.26,15989.83,1.27,4.51,3503.25,MediumFamilyCar,City_6
2/28/1999,1999,Feb,0,109.25,0.95,21867.57,134244064.98,32.26,15989.83,2.51,4.51,3773.37,SmallFamilyCar,City_6
2/28/1999,1999,Feb,0,109.25,0.95,34627.04,10000.0,32.26,15989.83,2.1,4.51,2984.53,Sports,City_6
2/28/1999,1999,Feb,0,109.25,0.95,18701.93,247854210.52,32.26,15989.83,1.51,4.51,3398.96,SuperMiniCar,City_6
3/31/1999,1999,Mar,0,102.37,1.02,37394.04,128690864.53,35.5,16309.6,2.72,4.52,3134.98,ExecutiveCar,City_7
3/31/1999,1999,Mar,0,102.37,1.02,29428.04,10000.0,35.5,16309.6,3.11,4.52,3681.26,MediumFamilyCar,City_7
3/31/1999,1999,Mar,0,102.37,1.02,21660.16,119172437.99,35.5,16309.6,1.35,4.52,3975.1,SmallFamilyCar,City_7
3/31/1999,1999,Mar,0,102.37,1.02,33355.04,140474669.17,35.5,16309.6,1.29,4.52,3231.06,Sports,City_7
3/31/1999,1999,Mar,0,102.37,1.02,17858.29,183873687.45,35.5,16309.6,1.3,4.52,3604.95,SuperMiniCar,City_7
4/30/1999,1999,Apr,0,113.71,1.08,37717.91,203094210.93,35.77,16123.71,2.34,4.88,3436.74,ExecutiveCar,City_8
4/30/1999,1999,Apr,0,113.71,1.08,28951.73,10000.0,35.77,16123.71,2.66,4.88,4055.24,MediumFamilyCar,City_8
4/30/1999,1999,Apr,0,113.71,1.08,21921.98,10000.0,35.77,16123.71,1.16,4.88,4324.05,SmallFamilyCar,City_8
4/30/1999,1999,Apr,0,113.71,1.08,37114.4,111314291.19,35.77,16123.71,1.18,4.88,3738.23,Sports,City_8
4/30/1999,1999,Apr,0,113.71,1.08,17968.79,409231048.35,35.77,16123.71,1.29,4.88,3809.08,SuperMiniCar,City_8
5/31/1999,1999,May,0,109.89,1.15,39018.96,317818944.06,33.11,16108.92,2.42,4.37,3458.92,ExecutiveCar,City_1
5/31/1999,1999,May,0,109.89,1.15,29078.41,10000.0,33.11,16108.92,3.53,4.37,4278.87,MediumFamilyCar,City_1
5/31/1999,1999,May,0,109.89,1.15,21919.29,500783441.76,33.11,16108.92,1.45,4.37,4593.63,SmallFamilyCar,City_1
5/31/1999,1999,May,0,109.89,1.15,35249.35,10000.0,33.11,16108.92,3.28,4.37,3744.91,Sports,City_1
5/31/1999,1999,May,0,109.89,1.15,16767.47,20193336.03,33.11,16108.92,2.67,4.37,4095.99,SuperMiniCar,City_1
6/30/1999,1999,Jun,0,108.08,1.05,37949.02,81701586.33,34.44,16373.67,2.17,4.44,3263.11,ExecutiveCar,City_2
6/30/1999,1999,Jun,0,108.08,1.05,30531.75,200328359.65,34.44,16373.67,2.88,4.44,4017.13,MediumFamilyCar,City_2
6/30/1999,1999,Jun,0,108.08,1.05,20518.1,10000.0,34.44,16373.67,2.6,4.44,4136.05,SmallFamilyCar,City_2
6/30/1999,1999,Jun,0,108.08,1.05,35498.63,229107039.3,34.44,16373.67,1.81,4.44,3475.47,Sports,City_2
6/30/1999,1999,Jun,0,108.08,1.05,18722.19,235313579.27,34.44,16373.67,2.11,4.44,3676.58,SuperMiniCar,City_2
7/31/1999,1999,Jul,0,106.14,1.0,38673.81,187269476.59,34.75,16113.2,0.81,4.26,3356.38,ExecutiveCar,City_3
7/31/1999,1999,Jul,0,106.14,1.0,30441.05,127402924.64,34.75,16113.2,-1.89,4.26,3616.08,MediumFamilyCar,City_3
7/31/1999,1999,Jul,0,106.14,1.0,23061.53,10000.0,34.75,16113.2,4.02,4.26,3999.47,SmallFamilyCar,City_3
7/31/1999,1999,Jul,0,106.14,1.0,35873.4,10000.0,34.75,16113.2,0.15,4.26,3016.2,Sports,City_3
7/31/1999,1999,Jul,0,106.14,1.0,18482.17,111130394.29,34.75,16113.2,3.08,4.26,3595.21,SuperMiniCar,City_3
8/31/1999,1999,Aug,0,109.11,0.97,36931.7,10000.0,37.3,16037.08,1.65,3.65,3156.23,ExecutiveCar,City_4
8/31/1999,1999,Aug,0,109.11,0.97,29493.35,124587214.34,37.3,16037.08,1.07,3.65,3432.49,MediumFamilyCar,City_4
8/31/1999,1999,Aug,0,109.11,0.97,22007.88,10000.0,37.3,16037.08,2.33,3.65,3925.09,SmallFamilyCar,City_4
8/31/1999,1999,Aug,0,109.11,0.97,34857.19,1939674.88,37.3,16037.08,2.67,3.65,3024.16,Sports,City_4
8/31/1999,1999,Aug,0,109.11,0.97,17756.89,10000.0,37.3,16037.08,2.79,3.65,3512.83,SuperMiniCar,City_4
9/30/1999,1999,Sep,0,107.43,1.02,38940.3,10000.0,33.43,16390.51,2.89,4.27,3124.44,ExecutiveCar,City_5
9/30/1999,1999,Sep,0,107.43,1.02,29214.85,10000.0,33.43,16390.51,1.99,4.27,3747.49,MediumFamilyCar,City_5
9/30/1999,1999,Sep,0,107.43,1.02,21833.32,77312721.8,33.43,16390.51,3.35,4.27,3867.92,SmallFamilyCar,City_5
9/30/1999,1999,Sep,0,107.43,1.02,36639.31,10000.0,33.43,16390.51,1.62,4.27,3303.07,Sports,City_5
9/30/1999,1999,Sep,0,107.43,1.02,16174.36,467650371.42,33.43,16390.51,3.87,4.27,3538.62,SuperMiniCar,City_5
10/31/1999,1999,Oct,0,114.15,1.1,39671.81,186229053.39,33.1,16290.19,4.7,3.99,3460.27,ExecutiveCar,City_6
10/31/1999,1999,Oct,0,114.15,1.1,29140.38,10000.0,33.1,16290.19,0.65,3.99,4121.0,MediumFamilyCar,City_6
10/31/1999,1999,Oct,0,114.15,1.1,22442.67,199727355.62,33.1,16290.19,2.52,3.99,4376.68,SmallFamilyCar,City_6
10/31/1999,1999,Oct,0,114.15,1.1,35304.5,251846311.05,33.1,16290.19,2.93,3.99,3574.77,Sports,City_6
10/31/1999,1999,Oct,0,114.15,1.1,16923.93,264659683.17,33.1,16290.19,-0.63,3.99,3990.9,SuperMiniCar,City_6
11/30/1999,1999,Nov,0,99.21,1.08,38151.93,292843437.65,33.32,16235.71,2.97,5.2,3302.65,ExecutiveCar,City_7
11/30/1999,1999,Nov,0,99.21,1.08,30095.82,5432863.09,33.32,16235.71,5.68,5.2,3897.42,MediumFamilyCar,City_7
11/30/1999,1999,Nov,0,99.21,1.08,21683.23,10000.0,33.32,16235.71,1.96,5.2,4187.1,SmallFamilyCar,City_7
11/30/1999,1999,Nov,0,99.21,1.08,34054.63,10000.0,33.32,16235.71,2.53,5.2,3586.27,Sports,City_7
11/30/1999,1999,Nov,0,99.21,1.08,17595.4,10000.0,33.32,16235.71,0.64,5.2,3897.26,SuperMiniCar,City_7
12/31/1999,1999,Dec,0,97.98,1.18,39427.85,164937324.83,36.07,16253.06,3.15,4.53,3685.2,ExecutiveCar,City_8
12/31/1999,1999,Dec,0,97.98,1.18,30152.78,10000.0,36.07,16253.06,1.0,4.53,4295.7,MediumFamilyCar,City_8
12/31/1999,1999,Dec,0,97.98,1.18,21423.14,129504925.22,36.07,16253.06,2.82,4.53,4493.19,SmallFamilyCar,City_8
12/31/1999,1999,Dec,0,97.98,1.18,36041.8,10000.0,36.07,16253.06,2.74,4.53,3908.72,Sports,City_8
12/31/1999,1999,Dec,0,97.98,1.18,17410.9,98291485.61,36.07,16253.06,-0.91,4.53,4038.93,SuperMiniCar,City_8
1/31/2000,2000,Jan,1,93.32,0.9,38866.02,10000.0,37.85,15668.81,4.15,6.7,725.7,ExecutiveCar,City_1
1/31/2000,2000,Jan,1,93.32,0.9,29759.59,275297038.24,37.85,15668.81,3.09,6.7,1518.85,MediumFamilyCar,City_1
1/31/2000,2000,Jan,1,93.32,0.9,22548.31,611523330.64,37.85,15668.81,2.82,6.7,1706.2,SmallFamilyCar,City_1
1/31/2000,2000,Jan,1,93.32,0.9,35476.5,235461409.59,37.85,15668.81,1.9,6.7,781.21,Sports,City_1
1/31/2000,2000,Jan,1,93.32,0.9,16440.05,10000.0,37.85,15668.81,1.98,6.7,1827.54,SuperMiniCar,City_1
2/29/2000,2000,Feb,1,98.41,0.95,39859.8,230049026.52,32.18,15052.02,2.53,7.12,738.31,ExecutiveCar,City_2
2/29/2000,2000,Feb,1,98.41,0.95,30539.95,10000.0,32.18,15052.02,2.89,7.12,1585.05,MediumFamilyCar,City_2
2/29/2000,2000,Feb,1,98.41,0.95,21824.28,10000.0,32.18,15052.02,2.91,7.12,2037.27,SmallFamilyCar,City_2
2/29/2000,2000,Feb,1,98.41,0.95,34224.71,125999100.45,32.18,15052.02,3.62,7.12,774.96,Sports,City_2
2/29/2000,2000,Feb,1,98.41,0.95,17368.21,10000.0,32.18,15052.02,2.35,7.12,1943.61,SuperMiniCar,City_2
3/31/2000,2000,Mar,1,104.51,1.02,39466.72,157469806.26,34.93,14925.41,2.09,6.15,936.35,ExecutiveCar,City_3
3/31/2000,2000,Mar,1,104.51,1.02,29424.78,100335299.44,34.93,14925.41,2.84,6.15,1803.11,MediumFamilyCar,City_3
3/31/2000,2000,Mar,1,104.51,1.02,20596.56,35324246.08,34.93,14925.41,2.3,6.15,1953.07,SmallFamilyCar,City_3
3/31/2000,2000,Mar,1,104.51,1.02,35746.13,173475742.57,34.93,14925.41,5.03,6.15,715.65,Sports,City_3
3/31/2000,2000,Mar,1,104.51,1.02,17239.03,10000.0,34.93,14925.41,2.71,6.15,2118.04,SuperMiniCar,City_3
4/30/2000,2000,Apr,1,95.21,1.08,38143.46,10000.0,30.04,15116.58,1.07,6.22,1004.22,ExecutiveCar,City_4
4/30/2000,2000,Apr,1,95.21,1.08,29416.33,10000.0,30.04,15116.58,2.98,6.22,1790.89,MediumFamilyCar,City_4
4/30/2000,2000,Apr,1,95.21,1.08,22246.17,231850423.95,30.04,15116.58,3.95,6.22,2203.36,SmallFamilyCar,City_4
4/30/2000,2000,Apr,1,95.21,1.08,35310.63,181338349.18,30.04,15116.58,3.57,6.22,984.12,Sports,City_4
4/30/2000,2000,Apr,1,95.21,1.08,16506.3,10000.0,30.04,15116.58,2.23,6.22,2300.49,SuperMiniCar,City_4
5/31/2000,2000,May,1,101.12,1.15,39724.43,10000.0,36.63,15260.91,2.98,6.49,1099.85,ExecutiveCar,City_5
5/31/2000,2000,May,1,101.12,1.15,28320.75,10000.0,36.63,15260.91,3.82,6.49,1928.97,MediumFamilyCar,City_5
5/31/2000,2000,May,1,101.12,1.15,23274.25,42790543.4,36.63,15260.91,4.95,6.49,2267.68,SmallFamilyCar,City_5
5/31/2000,2000,May,1,101.12,1.15,35357.98,10000.0,36.63,15260.91,3.61,6.49,1017.62,Sports,City_5
5/31/2000,2000,May,1,101.12,1.15,17152.36,282540676.82,36.63,15260.91,3.66,6.49,2361.53,SuperMiniCar,City_5
6/30/2000,2000,Jun,1,95.77,1.05,40002.85,75232213.49,33.88,15349.01,4.47,6.37,965.4,ExecutiveCar,City_6
6/30/2000,2000,Jun,1,95.77,1.05,29452.16,189551836.16,33.88,15349.01,4.21,6.37,1880.76,MediumFamilyCar,City_6
6/30/2000,2000,Jun,1,95.77,1.05,22609.51,6285633.58,33.88,15349.01,2.28,6.37,2199.76,SmallFamilyCar,City_6
6/30/2000,2000,Jun,1,95.77,1.05,36679.18,77991840.84,33.88,15349.01,2.95,6.37,959.19,Sports,City_6
6/30/2000,2000,Jun,1,95.77,1.05,17407.69,10000.0,33.88,15349.01,2.64,6.37,2182.29,SuperMiniCar,City_6
7/31/2000,2000,Jul,1,96.24,1.0,39853.34,331678230.72,32.27,15495.52,2.7,6.42,917.33,ExecutiveCar,City_7
7/31/2000,2000,Jul,1,96.24,1.0,29517.16,120808691.7,32.27,15495.52,2.81,6.42,1765.84,MediumFamilyCar,City_7
7/31/2000,2000,Jul,1,96.24,1.0,21770.2,108951886.13,32.27,15495.52,2.21,6.42,1921.14,SmallFamilyCar,City_7
7/31/2000,2000,Jul,1,96.24,1.0,36705.89,486959032.43,32.27,15495.52,1.3,6.42,838.98,Sports,City_7
7/31/2000,2000,Jul,1,96.24,1.0,16904.28,10000.0,32.27,15495.52,3.4,6.42,1955.59,SuperMiniCar,City_7
8/31/2000,2000,Aug,1,98.38,0.97,38743.92,10000.0,32.62,15213.81,1.34,6.56,803.56,ExecutiveCar,City_8
8/31/2000,2000,Aug,1,98.38,0.97,30251.29,56187418.07,32.62,15213.81,3.11,6.56,1559.39,MediumFamilyCar,City_8
8/31/2000,2000,Aug,1,98.38,0.97,20473.15,159844004.92,32.62,15213.81,-0.28,6.56,1690.09,SmallFamilyCar,City_8
8/31/2000,2000,Aug,1,98.38,0.97,33881.35,151561559.42,32.62,15213.81,1.61,6.56,955.53,Sports,City_8
8/31/2000,2000,Aug,1,98.38,0.97,20236.53,10000.0,32.62,15213.81,3.2,6.56,2119.91,SuperMiniCar,City_8
9/30/2000,2000,Sep,1,95.07,1.02,39384.43,10000.0,34.26,14613.96,3.74,6.65,776.55,ExecutiveCar,City_1
9/30/2000,2000,Sep,1,95.07,1.02,28517.85,364721725.85,34.26,14613.96,2.43,6.65,1700.42,MediumFamilyCar,City_1
9/30/2000,2000,Sep,1,95.07,1.02,22637.08,10000.0,34.26,14613.96,2.42,6.65,2128.2,SmallFamilyCar,City_1
9/30/2000,2000,Sep,1,95.07,1.02,36561.04,78664968.23,34.26,14613.96,2.68,6.65,887.64,Sports,City_1
9/30/2000,2000,Sep,1,95.07,1.02,17629.55,287689568.64,34.26,14613.96,2.5,6.65,2090.23,SuperMiniCar,City_1
10/31/2000,2000,Oct,1,93.51,1.1,39958.74,10000.0,31.2,14967.25,3.2,6.3,858.26,ExecutiveCar,City_2
10/31/2000,2000,Oct,1,93.51,1.1,30094.65,10000.0,31.2,14967.25,2.02,6.3,1637.58,MediumFamilyCar,City_2
10/31/2000,2000,Oct,1,93.51,1.1,21263.34,10000.0,31.2,14967.25,3.42,6.3,2113.9,SmallFamilyCar,City_2
10/31/2000,2000,Oct,1,93.51,1.1,35088.85,10000.0,31.2,14967.25,1.03,6.3,966.61,Sports,City_2
10/31/2000,2000,Oct,1,93.51,1.1,18960.75,44881439.16,31.2,14967.25,1.12,6.3,2292.71,SuperMiniCar,City_2
11/30/2000,2000,Nov,1,99.89,1.08,39196.19,10000.0,35.21,15122.28,1.08,6.48,640.03,ExecutiveCar,City_3
11/30/2000,2000,Nov,1,99.89,1.08,29968.78,10000.0,35.21,15122.28,3.2,6.48,1843.36,MediumFamilyCar,City_3
11/30/2000,2000,Nov,1,99.89,1.08,21697.58,10000.0,35.21,15122.28,1.52,6.48,2156.02,SmallFamilyCar,City_3
11/30/2000,2000,Nov,1,99.89,1.08,34131.02,191282162.76,35.21,15122.28,2.33,6.48,1035.04,Sports,City_3
11/30/2000,2000,Nov,1,99.89,1.08,16303.53,10000.0,35.21,15122.28,3.11,6.48,2248.02,SuperMiniCar,City_3
12/31/2000,2000,Dec,1,96.4,1.18,36998.19,70851674.5,32.71,14731.9,4.12,6.67,1082.33,ExecutiveCar,City_4
12/31/2000,2000,Dec,1,96.4,1.18,29951.85,10000.0,32.71,14731.9,1.86,6.67,2154.12,MediumFamilyCar,City_4
12/31/2000,2000,Dec,1,96.4,1.18,22095.05,10000.0,32.71,14731.9,3.26,6.67,2229.42,SmallFamilyCar,City_4
12/31/2000,2000,Dec,1,96.4,1.18,35290.49,10000.0,32.71,14731.9,1.16,6.67,1218.84,Sports,City_4
12/31/2000,2000,Dec,1,96.4,1.18,17622.2,193391196.37,32.71,14731.9,1.97,6.67,2520.16,SuperMiniCar,City_4
1/31/2001,2001,Jan,1,92.7,0.9,40589.49,10000.0,33.4,15329.46,3.14,6.44,647.82,ExecutiveCar,City_5
1/31/2001,2001,Jan,1,92.7,0.9,28980.46,10000.0,33.4,15329.46,3.6,6.44,1483.54,MediumFamilyCar,City_5
1/31/2001,2001,Jan,1,92.7,0.9,21096.57,37684622.72,33.4,15329.46,3.0,6.44,1668.3,SmallFamilyCar,City_5
1/31/2001,2001,Jan,1,92.7,0.9,35840.0,116181007.73,33.4,15329.46,3.22,6.44,929.07,Sports,City_5
1/31/2001,2001,Jan,1,92.7,0.9,17007.83,10000.0,33.4,15329.46,1.17,6.44,1751.38,SuperMiniCar,City_5
2/28/2001,2001,Feb,1,96.36,0.95,38282.58,420452828.35,29.01,15320.66,1.05,6.6,1004.48,ExecutiveCar,City_6
2/28/2001,2001,Feb,1,96.36,0.95,28059.72,83189517.31,29.01,15320.66,1.4,6.6,1553.42,MediumFamilyCar,City_6
2/28/2001,2001,Feb,1,96.36,0.95,20694.99,188029500.12,29.01,15320.66,3.21,6.6,1723.36,SmallFamilyCar,City_6
2/28/2001,2001,Feb,1,96.36,0.95,35008.43,39526498.55,29.01,15320.66,1.21,6.6,993.53,Sports,City_6
2/28/2001,2001,Feb,1,96.36,0.95,17363.42,102859510.67,29.01,15320.66,3.52,6.6,1945.57,SuperMiniCar,City_6
3/31/2001,2001,Mar,1,100.49,1.02,38431.19,10000.0,34.11,15369.57,4.24,6.21,847.05,ExecutiveCar,City_7
3/31/2001,2001,Mar,1,100.49,1.02,29961.69,10000.0,34.11,15369.57,4.95,6.21,1798.18,MediumFamilyCar,City_7
3/31/2001,2001,Mar,1,100.49,1.02,21216.15,10000.0,34.11,15369.57,2.29,6.21,2104.17,SmallFamilyCar,City_7
3/31/2001,2001,Mar,1,100.49,1.02,34996.02,79190483.56,34.11,15369.57,3.95,6.21,904.95,Sports,City_7
3/31/2001,2001,Mar,1,100.49,1.02,16875.98,10000.0,34.11,15369.57,2.06,6.21,2020.42,SuperMiniCar,City_7
4/30/2001,2001,Apr,1,100.25,1.08,37836.64,160246514.48,33.67,15621.42,2.99,6.85,898.86,ExecutiveCar,City_8
4/30/2001,2001,Apr,1,100.25,1.08,29653.34,10000.0,33.67,15621.42,2.67,6.85,1988.21,MediumFamilyCar,City_8
4/30/2001,2001,Apr,1,100.25,1.08,20616.83,178046589.18,33.67,15621.42,2.48,6.85,2173.58,SmallFamilyCar,City_8
4/30/2001,2001,Apr,1,100.25,1.08,33889.32,10000.0,33.67,15621.42,3.95,6.85,839.41,Sports,City_8
4/30/2001,2001,Apr,1,100.25,1.08,18062.8,434218941.98,33.67,15621.42,2.46,6.85,2422.01,SuperMiniCar,City_8
5/31/2001,2001,May,1,93.68,1.15,40027.67,10000.0,32.84,15360.13,1.7,6.34,779.8,ExecutiveCar,City_1
5/31/2001,2001,May,1,93.68,1.15,29658.51,404750671.13,32.84,15360.13,4.59,6.34,1853.66,MediumFamilyCar,City_1
5/31/2001,2001,May,1,93.68,1.15,21509.44,10000.0,32.84,15360.13,3.49,6.34,2042.7,SmallFamilyCar,City_1
5/31/2001,2001,May,1,93.68,1.15,35047.74,13161068.48,32.84,15360.13,2.02,6.34,1017.44,Sports,City_1
5/31/2001,2001,May,1,93.68,1.15,18216.07,148303461.99,32.84,15360.13,-0.17,6.34,2537.21,SuperMiniCar,City_1
6/30/2001,2001,Jun,1,101.97,1.05,38036.78,350650100.95,30.51,15105.1,2.74,7.23,871.96,ExecutiveCar,City_2
6/30/2001,2001,Jun,1,101.97,1.05,29849.33,10000.0,30.51,15105.1,1.42,7.23,1744.09,MediumFamilyCar,City_2
6/30/2001,2001,Jun,1,101.97,1.05,22469.54,10000.0,30.51,15105.1,2.12,7.23,2037.45,SmallFamilyCar,City_2
6/30/2001,2001,Jun,1,101.97,1.05,34395.84,41395657.72,30.51,15105.1,2.57,7.23,1011.21,Sports,City_2
6/30/2001,2001,Jun,1,101.97,1.05,17594.39,10000.0,30.51,15105.1,3.35,7.23,2366.35,SuperMiniCar,City_2
7/31/2001,2001,Jul,1,93.95,1.0,39441.33,10000.0,33.92,14790.21,2.64,6.42,929.01,ExecutiveCar,City_3
7/31/2001,2001,Jul,1,93.95,1.0,29156.91,33406505.69,33.92,14790.21,2.31,6.42,1851.17,MediumFamilyCar,City_3
7/31/2001,2001,Jul,1,93.95,1.0,20488.47,341158648.18,33.92,14790.21,1.73,6.42,1907.72,SmallFamilyCar,City_3
7/31/2001,2001,Jul,1,93.95,1.0,35059.9,10000.0,33.92,14790.21,3.71,6.42,958.65,Sports,City_3
7/31/2001,2001,Jul,1,93.95,1.0,17945.43,168509730.2,33.92,14790.21,2.21,6.42,2167.6,SuperMiniCar,City_3
8/31/2001,2001,Aug,1,100.07,0.97,38745.33,4287514.63,32.81,15119.71,3.26,6.27,974.96,ExecutiveCar,City_4
8/31/2001,2001,Aug,1,100.07,0.97,29583.67,10000.0,32.81,15119.71,3.39,6.27,1682.55,MediumFamilyCar,City_4
8/31/2001,2001,Aug,1,100.07,0.97,21692.01,2588100.63,32.81,15119.71,3.36,6.27,1817.95,SmallFamilyCar,City_4
8/31/2001,2001,Aug,1,100.07,0.97,37003.64,10000.0,32.81,15119.71,2.26,6.27,836.93,Sports,City_4
8/31/2001,2001,Aug,1,100.07,0.97,16725.19,10000.0,32.81,15119.71,1.97,6.27,2021.41,SuperMiniCar,City_4
9/30/2001,2001,Sep,1,93.82,1.02,40002.31,10000.0,36.65,15405.76,2.0,6.49,1012.22,ExecutiveCar,City_5
9/30/2001,2001,Sep,1,93.82,1.02,30014.91,10000.0,36.65,15405.76,3.22,6.49,1915.03,MediumFamilyCar,City_5
9/30/2001,2001,Sep,1,93.82,1.02,21335.84,53152147.48,36.65,15405.76,3.43,6.49,2046.5,SmallFamilyCar,City_5
9/30/2001,2001,Sep,1,93.82,1.02,35566.88,10000.0,36.65,15405.76,1.52,6.49,767.64,Sports,City_5
9/30/2001,2001,Sep,1,93.82,1.02,18160.2,10000.0,36.65,15405.76,1.85,6.49,2059.88,SuperMiniCar,City_5
10/31/2001,2001,Oct,1,97.93,1.1,38835.88,76595833.23,36.46,15134.69,0.47,6.1,934.84,ExecutiveCar,City_6
10/31/2001,2001,Oct,1,97.93,1.1,32303.51,10000.0,36.46,15134.69,2.38,6.1,1949.91,MediumFamilyCar,City_6
10/31/2001,2001,Oct,1,97.93,1.1,23109.27,235804567.83,36.46,15134.69,0.34,6.1,2196.29,SmallFamilyCar,City_6
10/31/2001,2001,Oct,1,97.93,1.1,37614.54,112296887.4,36.46,15134.69,1.35,6.1,1010.06,Sports,City_6
10/31/2001,2001,Oct,1,97.93,1.1,16753.95,272871456.55,36.46,15134.69,1.54,6.1,2329.55,SuperMiniCar,City_6
11/30/2001,2001,Nov,1,93.54,1.08,38550.64,10000.0,37.17,15140.36,0.63,6.2,926.39,ExecutiveCar,City_7
11/30/2001,2001,Nov,1,93.54,1.08,29911.57,225022646.38,37.17,15140.36,1.94,6.2,1728.03,MediumFamilyCar,City_7
11/30/2001,2001,Nov,1,93.54,1.08,21219.0,10000.0,37.17,15140.36,1.42,6.2,2216.63,SmallFamilyCar,City_7
11/30/2001,2001,Nov,1,93.54,1.08,37235.01,10000.0,37.17,15140.36,2.15,6.2,1024.47,Sports,City_7
11/30/2001,2001,Nov,1,93.54,1.08,16620.94,125481566.5,37.17,15140.36,3.72,6.2,2359.87,SuperMiniCar,City_7
12/31/2001,2001,Dec,1,103.92,1.18,38572.1,10000.0,38.1,15141.36,3.48,6.69,1014.22,ExecutiveCar,City_8
12/31/2001,2001,Dec,1,103.92,1.18,29619.94,23661335.65,38.1,15141.36,2.0,6.69,1925.24,MediumFamilyCar,City_8
12/31/2001,2001,Dec,1,103.92,1.18,23844.61,10000.0,38.1,15141.36,2.06,6.69,2327.58,SmallFamilyCar,City_8
12/31/2001,2001,Dec,1,103.92,1.18,35748.67,259576133.07,38.1,15141.36,2.66,6.69,1131.91,Sports,City_8
12/31/2001,2001,Dec,1,103.92,1.18,16351.52,10000.0,38.1,15141.36,0.66,6.69,2469.15,SuperMiniCar,City_8
1/31/2002,2002,Jan,0,111.65,0.9,38560.92,177835908.11,34.46,16414.83,1.7,3.82,2848.97,ExecutiveCar,City_1
1/31/2002,2002,Jan,0,111.65,0.9,30954.68,113566446.69,34.46,16414.83,2.27,3.82,3282.44,MediumFamilyCar,City_1
1/31/2002,2002,Jan,0,111.65,0.9,21933.15,129218691.14,34.46,16414.83,1.68,3.82,3688.93,SmallFamilyCar,City_1
1/31/2002,2002,Jan,0,111.65,0.9,35310.3,391175023.87,34.46,16414.83,2.31,3.82,3220.02,Sports,City_1
1/31/2002,2002,Jan,0,111.65,0.9,18474.38,353872444.54,34.46,16414.83,1.66,3.82,3351.95,SuperMiniCar,City_1
2/28/2002,2002,Feb,0,104.84,0.95,38958.85,488901732.18,34.47,16588.91,1.5,4.95,2925.31,ExecutiveCar,City_2
2/28/2002,2002,Feb,0,104.84,0.95,31292.72,199909260.58,34.47,16588.91,4.62,4.95,3407.48,MediumFamilyCar,City_2
2/28/2002,2002,Feb,0,104.84,0.95,22027.02,10000.0,34.47,16588.91,2.64,4.95,3715.16,SmallFamilyCar,City_2
2/28/2002,2002,Feb,0,104.84,0.95,36321.96,81403149.56,34.47,16588.91,2.44,4.95,2963.08,Sports,City_2
2/28/2002,2002,Feb,0,104.84,0.95,17171.2,224590523.55,34.47,16588.91,1.33,4.95,3355.51,SuperMiniCar,City_2
3/31/2002,2002,Mar,0,112.68,1.02,39573.16,10000.0,31.39,16447.97,1.1,5.03,3191.65,ExecutiveCar,City_3
3/31/2002,2002,Mar,0,112.68,1.02,29995.99,612473699.24,31.39,16447.97,2.25,5.03,3848.13,MediumFamilyCar,City_3
3/31/2002,2002,Mar,0,112.68,1.02,20912.33,10000.0,31.39,16447.97,3.22,5.03,4206.93,SmallFamilyCar,City_3
3/31/2002,2002,Mar,0,112.68,1.02,35008.09,6157085.24,31.39,16447.97,1.12,5.03,3516.26,Sports,City_3
3/31/2002,2002,Mar,0,112.68,1.02,18556.54,10000.0,31.39,16447.97,2.25,5.03,3680.54,SuperMiniCar,City_3
4/30/2002,2002,Apr,0,113.91,1.08,38984.18,10000.0,34.55,16037.55,1.49,4.07,3362.34,ExecutiveCar,City_4
4/30/2002,2002,Apr,0,113.91,1.08,29890.01,604927012.72,34.55,16037.55,2.4,4.07,4193.38,MediumFamilyCar,City_4
4/30/2002,2002,Apr,0,113.91,1.08,22438.72,10000.0,34.55,16037.55,2.7,4.07,4364.03,SmallFamilyCar,City_4
4/30/2002,2002,Apr,0,113.91,1.08,36962.83,242557304.79,34.55,16037.55,1.37,4.07,3634.88,Sports,City_4
4/30/2002,2002,Apr,0,113.91,1.08,17677.15,10000.0,34.55,16037.55,2.7,4.07,4060.83,SuperMiniCar,City_4
5/31/2002,2002,May,0,107.53,1.15,40110.3,223919280.53,34.81,16269.31,3.92,4.84,3708.08,ExecutiveCar,City_5
5/31/2002,2002,May,0,107.53,1.15,30138.12,396512711.32,34.81,16269.31,2.41,4.84,4315.88,MediumFamilyCar,City_5
5/31/2002,2002,May,0,107.53,1.15,23303.26,546744971.92,34.81,16269.31,2.49,4.84,4578.98,SmallFamilyCar,City_5
5/31/2002,2002,May,0,107.53,1.15,36944.54,201274610.79,34.81,16269.31,2.82,4.84,3770.09,Sports,City_5
5/31/2002,2002,May,0,107.53,1.15,18152.36,10000.0,34.81,16269.31,1.84,4.84,4100.37,SuperMiniCar,City_5
6/30/2002,2002,Jun,0,104.31,1.05,40011.92,10000.0,36.21,16352.26,3.26,4.39,3416.23,ExecutiveCar,City_6
6/30/2002,2002,Jun,0,104.31,1.05,29015.4,215322277.74,36.21,16352.26,2.65,4.39,3879.06,MediumFamilyCar,City_6
6/30/2002,2002,Jun,0,104.31,1.05,23091.82,239805509.46,36.21,16352.26,2.75,4.39,4406.97,SmallFamilyCar,City_6
6/30/2002,2002,Jun,0,104.31,1.05,34971.05,10000.0,36.21,16352.26,1.63,4.39,3482.7,Sports,City_6
6/30/2002,2002,Jun,0,104.31,1.05,16202.57,10000.0,36.21,16352.26,2.25,4.39,3751.55,SuperMiniCar,City_6
7/31/2002,2002,Jul,0,104.46,1.0,38787.76,10000.0,37.85,16266.14,2.47,4.07,3205.83,ExecutiveCar,City_7
7/31/2002,2002,Jul,0,104.46,1.0,29388.7,323372685.67,37.85,16266.14,2.08,4.07,3621.36,MediumFamilyCar,City_7
7/31/2002,2002,Jul,0,104.46,1.0,21891.49,39911774.24,37.85,16266.14,0.53,4.07,3866.01,SmallFamilyCar,City_7
7/31/2002,2002,Jul,0,104.46,1.0,36468.38,113512136.76,37.85,16266.14,4.73,4.07,3304.47,Sports,City_7
7/31/2002,2002,Jul,0,104.46,1.0,19046.15,863810454.92,37.85,16266.14,3.26,4.07,3702.89,SuperMiniCar,City_7
8/31/2002,2002,Aug,0,103.48,0.97,39554.39,10000.0,34.62,16360.77,1.81,4.64,2972.6,ExecutiveCar,City_8
8/31/2002,2002,Aug,0,103.48,0.97,29893.83,10000.0,34.62,16360.77,1.04,4.64,3605.72,MediumFamilyCar,City_8
8/31/2002,2002,Aug,0,103.48,0.97,21219.62,139805116.37,34.62,16360.77,2.72,4.64,3723.6,SmallFamilyCar,City_8
8/31/2002,2002,Aug,0,103.48,0.97,36376.24,269504482.34,34.62,16360.77,3.11,4.64,3295.03,Sports,City_8
8/31/2002,2002,Aug,0,103.48,0.97,18766.48,283720214.81,34.62,16360.77,2.88,4.64,3479.9,SuperMiniCar,City_8
9/30/2002,2002,Sep,0,104.69,1.02,40493.12,10000.0,33.79,16637.77,3.91,3.48,3326.06,ExecutiveCar,City_1
9/30/2002,2002,Sep,0,104.69,1.02,29091.03,10000.0,33.79,16637.77,2.18,3.48,3669.58,MediumFamilyCar,City_1
9/30/2002,2002,Sep,0,104.69,1.02,22445.9,229105865.32,33.79,16637.77,3.55,3.48,3914.97,SmallFamilyCar,City_1
9/30/2002,2002,Sep,0,104.69,1.02,35742.33,10000.0,33.79,16637.77,4.19,3.48,3344.67,Sports,City_1
9/30/2002,2002,Sep,0,104.69,1.02,17121.44,1838856.8,33.79,16637.77,1.41,3.48,3398.75,SuperMiniCar,City_1
10/31/2002,2002,Oct,0,103.04,1.1,39046.99,10000.0,34.53,16255.42,2.33,4.26,3503.99,ExecutiveCar,City_2
10/31/2002,2002,Oct,0,103.04,1.1,28611.74,147773800.57,34.53,16255.42,2.05,4.26,4047.87,MediumFamilyCar,City_2
10/31/2002,2002,Oct,0,103.04,1.1,22398.84,394464630.15,34.53,16255.42,1.49,4.26,4470.56,SmallFamilyCar,City_2
10/31/2002,2002,Oct,0,103.04,1.1,34780.03,10000.0,34.53,16255.42,3.75,4.26,3590.31,Sports,City_2
10/31/2002,2002,Oct,0,103.04,1.1,16968.49,10000.0,34.53,16255.42,2.42,4.26,4069.04,SuperMiniCar,City_2
11/30/2002,2002,Nov,0,98.79,1.08,38878.56,46414286.44,35.38,16466.4,2.92,3.68,3177.61,ExecutiveCar,City_3
11/30/2002,2002,Nov,0,98.79,1.08,29711.39,270289939.87,35.38,16466.4,2.79,3.68,3939.27,MediumFamilyCar,City_3
11/30/2002,2002,Nov,0,98.79,1.08,21956.18,129273647.77,35.38,16466.4,4.22,3.68,4186.24,SmallFamilyCar,City_3
11/30/2002,2002,Nov,0,98.79,1.08,36745.65,10000.0,35.38,16466.4,1.98,3.68,3614.46,Sports,City_3
11/30/2002,2002,Nov,0,98.79,1.08,17772.14,10000.0,35.38,16466.4,3.77,3.68,3812.38,SuperMiniCar,City_3
12/31/2002,2002,Dec,0,108.89,1.18,38160.55,10000.0,34.85,16540.84,2.44,4.19,3807.13,ExecutiveCar,City_4
12/31/2002,2002,Dec,0,108.89,1.18,29501.25,10000.0,34.85,16540.84,1.42,4.19,4453.91,MediumFamilyCar,City_4
12/31/2002,2002,Dec,0,108.89,1.18,21977.11,567580557.13,34.85,16540.84,3.08,4.19,4716.83,SmallFamilyCar,City_4
12/31/2002,2002,Dec,0,108.89,1.18,35748.09,277619568.4,34.85,16540.84,1.91,4.19,3943.27,Sports,City_4
12/31/2002,2002,Dec,0,108.89,1.18,17015.59,437790501.89,34.85,16540.84,2.89,4.19,4250.16,SuperMiniCar,City_4
1/31/2003,2003,Jan,0,108.29,0.9,38950.58,97282674.82,34.1,16203.12,2.14,4.26,2807.03,ExecutiveCar,City_5
1/31/2003,2003,Jan,0,108.29,0.9,29117.15,25059907.78,34.1,16203.12,2.32,4.26,3316.07,MediumFamilyCar,City_5
1/31/2003,2003,Jan,0,108.29,0.9,22218.02,253150232.12,34.1,16203.12,3.2,4.26,3579.3,SmallFamilyCar,City_5
1/31/2003,2003,Jan,0,108.29,0.9,35798.46,10000.0,34.1,16203.12,1.46,4.26,3060.72,Sports,City_5
1/31/2003,2003,Jan,0,108.29,0.9,18011.22,10000.0,34.1,16203.12,2.6,4.26,3202.55,SuperMiniCar,City_5
2/28/2003,2003,Feb,0,109.69,0.95,38598.92,121383081.86,33.65,16138.64,3.87,3.72,2953.3,ExecutiveCar,City_6
2/28/2003,2003,Feb,0,109.69,0.95,30013.55,344179457.0,33.65,16138.64,0.69,3.72,3526.6,MediumFamilyCar,City_6
2/28/2003,2003,Feb,0,109.69,0.95,24014.28,10000.0,33.65,16138.64,2.4,3.72,4017.78,SmallFamilyCar,City_6
2/28/2003,2003,Feb,0,109.69,0.95,35779.18,10000.0,33.65,16138.64,3.31,3.72,3124.14,Sports,City_6
2/28/2003,2003,Feb,0,109.69,0.95,17266.77,10000.0,33.65,16138.64,3.01,3.72,3447.78,SuperMiniCar,City_6
3/31/2003,2003,Mar,0,114.97,1.02,39155.76,157229962.7,33.32,16084.07,4.27,3.72,3276.68,ExecutiveCar,City_7
3/31/2003,2003,Mar,0,114.97,1.02,28971.31,10000.0,33.32,16084.07,2.1,3.72,3921.96,MediumFamilyCar,City_7
3/31/2003,2003,Mar,0,114.97,1.02,20681.44,277281942.56,33.32,16084.07,1.41,3.72,4129.96,SmallFamilyCar,City_7
3/31/2003,2003,Mar,0,114.97,1.02,37447.51,10000.0,33.32,16084.07,2.94,3.72,3604.73,Sports,City_7
3/31/2003,2003,Mar,0,114.97,1.02,18494.44,10000.0,33.32,16084.07,1.41,3.72,3634.41,SuperMiniCar,City_7
4/30/2003,2003,Apr,0,104.54,1.08,40862.02,10000.0,36.5,16307.67,4.12,4.14,3331.57,ExecutiveCar,City_8
4/30/2003,2003,Apr,0,104.54,1.08,30185.19,10000.0,36.5,16307.67,2.16,4.14,3907.18,MediumFamilyCar,City_8
4/30/2003,2003,Apr,0,104.54,1.08,23258.86,402834556.01,36.5,16307.67,2.1,4.14,4378.67,SmallFamilyCar,City_8
4/30/2003,2003,Apr,0,104.54,1.08,35365.34,10000.0,36.5,16307.67,1.35,4.14,3602.95,Sports,City_8
4/30/2003,2003,Apr,0,104.54,1.08,18195.18,10000.0,36.5,16307.67,2.45,4.14,3842.67,SuperMiniCar,City_8
5/31/2003,2003,May,0,103.37,1.15,37620.06,318347790.22,31.81,16759.01,2.29,4.69,3652.31,ExecutiveCar,City_1
5/31/2003,2003,May,0,103.37,1.15,28804.43,294905775.76,31.81,16759.01,2.4,4.69,4415.69,MediumFamilyCar,City_1
5/31/2003,2003,May,0,103.37,1.15,20963.13,201654035.42,31.81,16759.01,3.18,4.69,4526.82,SmallFamilyCar,City_1
5/31/2003,2003,May,0,103.37,1.15,36797.44,10000.0,31.81,16759.01,1.5,4.69,3968.14,Sports,City_1
5/31/2003,2003,May,0,103.37,1.15,19174.08,10000.0,31.81,16759.01,3.98,4.69,3985.1,SuperMiniCar,City_1
6/30/2003,2003,Jun,0,104.62,1.05,39178.63,199630738.39,35.92,16511.27,2.36,4.42,3306.08,ExecutiveCar,City_2
6/30/2003,2003,Jun,0,104.62,1.05,30665.86,10000.0,35.92,16511.27,2.99,4.42,3811.98,MediumFamilyCar,City_2
6/30/2003,2003,Jun,0,104.62,1.05,21091.7,587026302.83,35.92,16511.27,4.05,4.42,4134.84,SmallFamilyCar,City_2
6/30/2003,2003,Jun,0,104.62,1.05,35680.75,10000.0,35.92,16511.27,3.88,4.42,3565.59,Sports,City_2
6/30/2003,2003,Jun,0,104.62,1.05,17489.46,579740798.96,35.92,16511.27,2.45,4.42,3738.15,SuperMiniCar,City_2
7/31/2003,2003,Jul,0,108.33,1.0,39262.8,10000.0,38.74,16822.11,3.58,3.81,3185.4,ExecutiveCar,City_3
7/31/2003,2003,Jul,0,108.33,1.0,30110.15,10000.0,38.74,16822.11,4.06,3.81,3667.75,MediumFamilyCar,City_3
7/31/2003,2003,Jul,0,108.33,1.0,22033.73,10000.0,38.74,16822.11,4.04,3.81,4129.8,SmallFamilyCar,City_3
7/31/2003,2003,Jul,0,108.33,1.0,35106.84,10000.0,38.74,16822.11,1.85,3.81,3315.31,Sports,City_3
7/31/2003,2003,Jul,0,108.33,1.0,17497.24,230585569.04,38.74,16822.11,2.12,3.81,3491.06,SuperMiniCar,City_3
8/31/2003,2003,Aug,0,106.29,0.97,39781.54,10000.0,38.44,16468.92,4.02,4.05,3038.11,ExecutiveCar,City_4
8/31/2003,2003,Aug,0,106.29,0.97,31026.43,10000.0,38.44,16468.92,3.11,4.05,3564.69,MediumFamilyCar,City_4
8/31/2003,2003,Aug,0,106.29,0.97,21697.05,369475734.02,38.44,16468.92,1.74,4.05,3943.18,SmallFamilyCar,City_4
8/31/2003,2003,Aug,0,106.29,0.97,35678.84,88282334.8,38.44,16468.92,2.04,4.05,3306.76,Sports,City_4
8/31/2003,2003,Aug,0,106.29,0.97,17135.75,76768839.38,38.44,16468.92,2.54,4.05,3507.01,SuperMiniCar,City_4
9/30/2003,2003,Sep,0,106.6,1.02,38669.56,672524997.94,33.37,16244.96,3.56,4.28,3215.55,ExecutiveCar,City_5
9/30/2003,2003,Sep,0,106.6,1.02,31123.69,10000.0,33.37,16244.96,-0.06,4.28,3820.0,MediumFamilyCar,City_5
9/30/2003,2003,Sep,0,106.6,1.02,20956.15,10000.0,33.37,16244.96,2.71,4.28,4039.27,SmallFamilyCar,City_5
9/30/2003,2003,Sep,0,106.6,1.02,35080.39,100913787.49,33.37,16244.96,2.51,4.28,3485.1,Sports,City_5
9/30/2003,2003,Sep,0,106.6,1.02,17579.68,428324014.97,33.37,16244.96,2.4,4.28,3713.82,SuperMiniCar,City_5
10/31/2003,2003,Oct,0,109.34,1.1,39979.85,10000.0,34.48,16823.55,-0.16,4.02,3472.97,ExecutiveCar,City_6
10/31/2003,2003,Oct,0,109.34,1.1,31203.94,395108141.74,34.48,16823.55,4.39,4.02,3827.89,MediumFamilyCar,City_6
10/31/2003,2003,Oct,0,109.34,1.1,21024.89,10000.0,34.48,16823.55,2.51,4.02,4424.57,SmallFamilyCar,City_6
10/31/2003,2003,Oct,0,109.34,1.1,37309.86,565026035.24,34.48,16823.55,2.98,4.02,3592.86,Sports,City_6
10/31/2003,2003,Oct,0,109.34,1.1,16959.53,478879361.21,34.48,16823.55,2.58,4.02,3994.88,SuperMiniCar,City_6
11/30/2003,2003,Nov,0,103.36,1.08,40343.67,10000.0,34.89,16307.71,3.66,4.47,3255.69,ExecutiveCar,City_7
11/30/2003,2003,Nov,0,103.36,1.08,30077.04,10000.0,34.89,16307.71,3.26,4.47,3968.83,MediumFamilyCar,City_7
11/30/2003,2003,Nov,0,103.36,1.08,21669.86,497353.68,34.89,16307.71,2.62,4.47,4202.34,SmallFamilyCar,City_7
11/30/2003,2003,Nov,0,103.36,1.08,35806.36,200705166.16,34.89,16307.71,2.12,4.47,3409.21,Sports,City_7
11/30/2003,2003,Nov,0,103.36,1.08,18125.42,10000.0,34.89,16307.71,1.47,4.47,3847.55,SuperMiniCar,City_7
12/31/2003,2003,Dec,0,101.27,1.18,40227.11,10000.0,33.85,16370.91,1.65,4.65,3556.93,ExecutiveCar,City_8
12/31/2003,2003,Dec,0,101.27,1.18,29223.12,10000.0,33.85,16370.91,1.04,4.65,4344.0,MediumFamilyCar,City_8
12/31/2003,2003,Dec,0,101.27,1.18,23144.87,10000.0,33.85,16370.91,2.97,4.65,4557.42,SmallFamilyCar,City_8
12/31/2003,2003,Dec,0,101.27,1.18,36598.63,10000.0,33.85,16370.91,2.54,4.65,3802.85,Sports,City_8
12/31/2003,2003,Dec,0,101.27,1.18,19857.74,195300574.93,33.85,16370.91,1.91,4.65,4210.85,SuperMiniCar,City_8
1/31/2004,2004,Jan,0,98.67,0.9,39378.33,10000.0,33.12,16611.26,1.2,5.05,2780.56,ExecutiveCar,City_1
1/31/2004,2004,Jan,0,98.67,0.9,29229.91,10000.0,33.12,16611.26,3.55,5.05,3428.2,MediumFamilyCar,City_1
1/31/2004,2004,Jan,0,98.67,0.9,21408.48,10000.0,33.12,16611.26,2.27,5.05,3537.84,SmallFamilyCar,City_1
1/31/2004,2004,Jan,0,98.67,0.9,36372.18,10000.0,33.12,16611.26,3.31,5.05,2878.68,Sports,City_1
1/31/2004,2004,Jan,0,98.67,0.9,18255.87,447894870.08,33.12,16611.26,2.06,5.05,3207.45,SuperMiniCar,City_1
2/29/2004,2004,Feb,0,105.13,0.95,38093.53,10000.0,34.62,16258.55,2.86,4.11,2932.2,ExecutiveCar,City_2
2/29/2004,2004,Feb,0,105.13,0.95,31327.64,630239385.77,34.62,16258.55,3.26,4.11,3552.33,MediumFamilyCar,City_2
2/29/2004,2004,Feb,0,105.13,0.95,22805.42,580628763.95,34.62,16258.55,4.35,4.11,3934.86,SmallFamilyCar,City_2
2/29/2004,2004,Feb,0,105.13,0.95,36773.1,10000.0,34.62,16258.55,2.46,4.11,3259.96,Sports,City_2
2/29/2004,2004,Feb,0,105.13,0.95,18601.0,10000.0,34.62,16258.55,2.31,4.11,3401.64,SuperMiniCar,City_2
3/31/2004,2004,Mar,0,105.01,1.02,39952.23,415658747.25,35.71,15851.21,1.26,4.9,3358.02,ExecutiveCar,City_3
3/31/2004,2004,Mar,0,105.01,1.02,31237.69,67545655.8,35.71,15851.21,3.93,4.9,4012.11,MediumFamilyCar,City_3
3/31/2004,2004,Mar,0,105.01,1.02,21961.11,490445645.78,35.71,15851.21,0.63,4.9,3955.75,SmallFamilyCar,City_3
3/31/2004,2004,Mar,0,105.01,1.02,36633.74,498667251.86,35.71,15851.21,0.92,4.9,3442.22,Sports,City_3
3/31/2004,2004,Mar,0,105.01,1.02,17656.42,10000.0,35.71,15851.21,1.28,4.9,3824.31,SuperMiniCar,City_3
4/30/2004,2004,Apr,0,100.99,1.08,38741.57,10000.0,36.28,16168.04,2.84,4.44,3326.64,ExecutiveCar,City_4
4/30/2004,2004,Apr,0,100.99,1.08,30395.37,224471118.38,36.28,16168.04,3.58,4.44,3957.95,MediumFamilyCar,City_4
4/30/2004,2004,Apr,0,100.99,1.08,21356.62,25976680.75,36.28,16168.04,2.97,4.44,4252.17,SmallFamilyCar,City_4
4/30/2004,2004,Apr,0,100.99,1.08,35495.51,10000.0,36.28,16168.04,2.29,4.44,3429.26,Sports,City_4
4/30/2004,2004,Apr,0,100.99,1.08,18669.63,10000.0,36.28,16168.04,0.92,4.44,3793.06,SuperMiniCar,City_4
5/31/2004,2004,May,0,99.45,1.15,39397.36,43818862.94,33.59,16356.53,1.84,4.24,3563.8,ExecutiveCar,City_5
5/31/2004,2004,May,0,99.45,1.15,30758.56,10000.0,33.59,16356.53,2.59,4.24,4374.2,MediumFamilyCar,City_5
5/31/2004,2004,May,0,99.45,1.15,23163.78,10000.0,33.59,16356.53,3.27,4.24,4561.54,SmallFamilyCar,City_5
5/31/2004,2004,May,0,99.45,1.15,37401.25,326930587.39,33.59,16356.53,2.7,4.24,3795.44,Sports,City_5
5/31/2004,2004,May,0,99.45,1.15,18509.28,10000.0,33.59,16356.53,4.18,4.24,4082.51,SuperMiniCar,City_5
6/30/2004,2004,Jun,0,103.93,1.05,39055.99,316058661.55,32.37,16459.62,1.21,4.16,3372.25,ExecutiveCar,City_6
6/30/2004,2004,Jun,0,103.93,1.05,31288.18,10000.0,32.37,16459.62,4.52,4.16,3913.81,MediumFamilyCar,City_6
6/30/2004,2004,Jun,0,103.93,1.05,22304.88,194142274.87,32.37,16459.62,3.23,4.16,4152.5,SmallFamilyCar,City_6
6/30/2004,2004,Jun,0,103.93,1.05,37005.91,131523087.09,32.37,16459.62,4.26,4.16,3520.1,Sports,City_6
6/30/2004,2004,Jun,0,103.93,1.05,19675.71,280110735.08,32.37,16459.62,0.69,4.16,3834.88,SuperMiniCar,City_6
7/31/2004,2004,Jul,0,112.73,1.0,39161.22,180147539.05,34.85,17092.78,2.25,4.1,3318.0,ExecutiveCar,City_7
7/31/2004,2004,Jul,0,112.73,1.0,30718.93,301718515.73,34.85,17092.78,0.34,4.1,3931.62,MediumFamilyCar,City_7
7/31/2004,2004,Jul,0,112.73,1.0,22520.44,76056714.25,34.85,17092.78,3.46,4.1,4055.7,SmallFamilyCar,City_7
7/31/2004,2004,Jul,0,112.73,1.0,36247.03,299164601.23,34.85,17092.78,0.22,4.1,3351.76,Sports,City_7
7/31/2004,2004,Jul,0,112.73,1.0,17836.89,10000.0,34.85,17092.78,2.84,4.1,3724.72,SuperMiniCar,City_7
8/31/2004,2004,Aug,0,105.39,0.97,39642.1,10000.0,36.55,16746.86,1.86,4.66,3150.13,ExecutiveCar,City_8
8/31/2004,2004,Aug,0,105.39,0.97,30334.28,10000.0,36.55,16746.86,0.82,4.66,3685.44,MediumFamilyCar,City_8
8/31/2004,2004,Aug,0,105.39,0.97,21754.58,112304194.35,36.55,16746.86,3.74,4.66,3953.96,SmallFamilyCar,City_8
8/31/2004,2004,Aug,0,105.39,0.97,36171.89,10000.0,36.55,16746.86,2.88,4.66,3104.77,Sports,City_8
8/31/2004,2004,Aug,0,105.39,0.97,17040.44,177175467.29,36.55,16746.86,3.53,4.66,3615.93,SuperMiniCar,City_8
9/30/2004,2004,Sep,0,107.88,1.02,40161.02,10000.0,35.49,16393.41,3.49,4.25,3303.54,ExecutiveCar,City_1
9/30/2004,2004,Sep,0,107.88,1.02,30516.87,10000.0,35.49,16393.41,2.39,4.25,3928.93,MediumFamilyCar,City_1
9/30/2004,2004,Sep,0,107.88,1.02,21276.32,10000.0,35.49,16393.41,1.09,4.25,4121.49,SmallFamilyCar,City_1
9/30/2004,2004,Sep,0,107.88,1.02,36340.76,10000.0,35.49,16393.41,2.85,4.25,3476.87,Sports,City_1
9/30/2004,2004,Sep,0,107.88,1.02,18517.13,10000.0,35.49,16393.41,1.7,4.25,3698.74,SuperMiniCar,City_1
10/31/2004,2004,Oct,0,106.08,1.1,39373.34,10000.0,35.1,16247.29,5.01,4.11,3474.92,ExecutiveCar,City_2
10/31/2004,2004,Oct,0,106.08,1.1,29921.62,1061495469.19,35.1,16247.29,2.92,4.11,4032.63,MediumFamilyCar,City_2
10/31/2004,2004,Oct,0,106.08,1.1,22866.15,10000.0,35.1,16247.29,3.41,4.11,4281.16,SmallFamilyCar,City_2
10/31/2004,2004,Oct,0,106.08,1.1,35856.16,407509296.77,35.1,16247.29,3.07,4.11,3656.84,Sports,City_2
10/31/2004,2004,Oct,0,106.08,1.1,18451.94,10000.0,35.1,16247.29,3.11,4.11,4075.72,SuperMiniCar,City_2
11/30/2004,2004,Nov,0,114.11,1.08,39913.19,39604876.64,36.5,16742.3,1.25,4.35,3499.82,ExecutiveCar,City_3
11/30/2004,2004,Nov,0,114.11,1.08,30544.95,10000.0,36.5,16742.3,2.84,4.35,4081.6,MediumFamilyCar,City_3
11/30/2004,2004,Nov,0,114.11,1.08,22810.95,225261040.27,36.5,16742.3,2.67,4.35,4397.41,SmallFamilyCar,City_3
11/30/2004,2004,Nov,0,114.11,1.08,37640.58,10000.0,36.5,16742.3,2.42,4.35,3532.94,Sports,City_3
11/30/2004,2004,Nov,0,114.11,1.08,17713.27,479895035.45,36.5,16742.3,3.89,4.35,3935.52,SuperMiniCar,City_3
12/31/2004,2004,Dec,0,108.79,1.18,39982.48,10000.0,34.95,16551.1,2.75,4.26,3746.14,ExecutiveCar,City_4
12/31/2004,2004,Dec,0,108.79,1.18,30850.35,10000.0,34.95,16551.1,3.21,4.26,4444.0,MediumFamilyCar,City_4
12/31/2004,2004,Dec,0,108.79,1.18,21733.95,10000.0,34.95,16551.1,1.43,4.26,4668.69,SmallFamilyCar,City_4
12/31/2004,2004,Dec,0,108.79,1.18,35432.76,10000.0,34.95,16551.1,3.76,4.26,4058.81,Sports,City_4
12/31/2004,2004,Dec,0,108.79,1.18,17953.49,10000.0,34.95,16551.1,3.33,4.26,4238.31,SuperMiniCar,City_4
1/31/2005,2005,Jan,0,108.42,0.9,39298.02,372580340.85,35.15,16711.68,3.26,4.56,2825.42,ExecutiveCar,City_5
1/31/2005,2005,Jan,0,108.42,0.9,30581.87,10000.0,35.15,16711.68,1.37,4.56,3313.8,MediumFamilyCar,City_5
1/31/2005,2005,Jan,0,108.42,0.9,21992.61,10000.0,35.15,16711.68,1.02,4.56,3648.75,SmallFamilyCar,City_5
1/31/2005,2005,Jan,0,108.42,0.9,36127.86,10000.0,35.15,16711.68,1.62,4.56,2878.0,Sports,City_5
1/31/2005,2005,Jan,0,108.42,0.9,18160.06,180031413.71,35.15,16711.68,2.32,4.56,3340.6,SuperMiniCar,City_5
2/28/2005,2005,Feb,0,100.32,0.95,40684.59,10000.0,36.08,16303.22,3.56,4.34,2900.94,ExecutiveCar,City_6
2/28/2005,2005,Feb,0,100.32,0.95,30007.78,123329543.01,36.08,16303.22,3.67,4.34,3407.88,MediumFamilyCar,City_6
2/28/2005,2005,Feb,0,100.32,0.95,22358.09,626308303.1,36.08,16303.22,2.21,4.34,3935.14,SmallFamilyCar,City_6
2/28/2005,2005,Feb,0,100.32,0.95,35671.26,106879162.59,36.08,16303.22,0.16,4.34,3251.72,Sports,City_6
2/28/2005,2005,Feb,0,100.32,0.95,18585.84,10000.0,36.08,16303.22,2.93,4.34,3303.07,SuperMiniCar,City_6
3/31/2005,2005,Mar,0,101.64,1.02,39869.03,29600173.94,34.05,16726.61,2.19,4.12,3130.43,ExecutiveCar,City_7
3/31/2005,2005,Mar,0,101.64,1.02,29974.48,450125576.89,34.05,16726.61,1.46,4.12,3946.54,MediumFamilyCar,City_7
3/31/2005,2005,Mar,0,101.64,1.02,23271.48,385625042.78,34.05,16726.61,2.08,4.12,4077.04,SmallFamilyCar,City_7
3/31/2005,2005,Mar,0,101.64,1.02,36761.94,10000.0,34.05,16726.61,3.12,4.12,3444.5,Sports,City_7
3/31/2005,2005,Mar,0,101.64,1.02,18589.86,176749463.29,34.05,16726.61,3.17,4.12,3851.36,SuperMiniCar,City_7
4/30/2005,2005,Apr,0,101.42,1.08,39747.39,10000.0,33.82,16134.76,3.65,4.46,3609.95,ExecutiveCar,City_8
4/30/2005,2005,Apr,0,101.42,1.08,30192.06,404080334.01,33.82,16134.76,2.54,4.46,3911.83,MediumFamilyCar,City_8
4/30/2005,2005,Apr,0,101.42,1.08,22760.19,10000.0,33.82,16134.76,4.04,4.46,4152.16,SmallFamilyCar,City_8
4/30/2005,2005,Apr,0,101.42,1.08,37265.98,451312405.14,33.82,16134.76,1.65,4.46,3526.17,Sports,City_8
4/30/2005,2005,Apr,0,101.42,1.08,18523.4,10000.0,33.82,16134.76,2.77,4.46,3864.05,SuperMiniCar,City_8
5/31/2005,2005,May,0,106.22,1.15,39470.94,10000.0,35.14,16443.77,2.38,4.21,3679.83,ExecutiveCar,City_1
5/31/2005,2005,May,0,106.22,1.15,30198.92,104899848.65,35.14,16443.77,0.69,4.21,4302.87,MediumFamilyCar,City_1
5/31/2005,2005,May,0,106.22,1.15,22101.06,10000.0,35.14,16443.77,4.13,4.21,4559.15,SmallFamilyCar,City_1
5/31/2005,2005,May,0,106.22,1.15,36566.42,10000.0,35.14,16443.77,2.48,4.21,3858.91,Sports,City_1
5/31/2005,2005,May,0,106.22,1.15,18076.65,10000.0,35.14,16443.77,2.22,4.21,4063.1,SuperMiniCar,City_1
6/30/2005,2005,Jun,0,112.59,1.05,41060.18,194446971.23,36.66,15860.02,2.05,3.91,3517.95,ExecutiveCar,City_2
6/30/2005,2005,Jun,0,112.59,1.05,31467.4,21017757.72,36.66,15860.02,4.99,3.91,3889.3,MediumFamilyCar,City_2
6/30/2005,2005,Jun,0,112.59,1.05,23903.32,10000.0,36.66,15860.02,3.84,3.91,4250.76,SmallFamilyCar,City_2
6/30/2005,2005,Jun,0,112.59,1.05,35606.64,10000.0,36.66,15860.02,1.47,3.91,3732.39,Sports,City_2
6/30/2005,2005,Jun,0,112.59,1.05,18746.15,10000.0,36.66,15860.02,2.55,3.91,3751.96,SuperMiniCar,City_2
7/31/2005,2005,Jul,0,111.79,1.0,40446.57,395938781.92,34.3,16639.06,2.4,3.65,3280.67,ExecutiveCar,City_3
7/31/2005,2005,Jul,0,111.79,1.0,30595.7,65044425.93,34.3,16639.06,1.47,3.65,3595.03,MediumFamilyCar,City_3
7/31/2005,2005,Jul,0,111.79,1.0,22036.19,10000.0,34.3,16639.06,3.17,3.65,4094.12,SmallFamilyCar,City_3
7/31/2005,2005,Jul,0,111.79,1.0,36099.9,10000.0,34.3,16639.06,3.74,3.65,3346.54,Sports,City_3
7/31/2005,2005,Jul,0,111.79,1.0,18275.78,10000.0,34.3,16639.06,2.96,3.65,3679.55,SuperMiniCar,City_3
8/31/2005,2005,Aug,0,109.09,0.97,39249.1,10000.0,36.21,16837.33,1.77,4.53,2972.31,ExecutiveCar,City_4
8/31/2005,2005,Aug,0,109.09,0.97,29052.26,10000.0,36.21,16837.33,2.24,4.53,3546.77,MediumFamilyCar,City_4
8/31/2005,2005,Aug,0,109.09,0.97,21690.56,27034488.72,36.21,16837.33,2.07,4.53,3913.53,SmallFamilyCar,City_4
8/31/2005,2005,Aug,0,109.09,0.97,36295.7,177044094.04,36.21,16837.33,2.7,4.53,3370.38,Sports,City_4
8/31/2005,2005,Aug,0,109.09,0.97,18139.97,10000.0,36.21,16837.33,2.39,4.53,3405.81,SuperMiniCar,City_4
9/30/2005,2005,Sep,0,99.96,1.02,40676.08,10000.0,35.03,16313.72,2.52,4.43,3260.87,ExecutiveCar,City_5
9/30/2005,2005,Sep,0,99.96,1.02,31787.7,10000.0,35.03,16313.72,1.59,4.43,3786.53,MediumFamilyCar,City_5
9/30/2005,2005,Sep,0,99.96,1.02,22106.52,10000.0,35.03,16313.72,1.92,4.43,4316.73,SmallFamilyCar,City_5
9/30/2005,2005,Sep,0,99.96,1.02,36617.74,205873232.87,35.03,16313.72,1.59,4.43,3112.21,Sports,City_5
9/30/2005,2005,Sep,0,99.96,1.02,18951.42,10000.0,35.03,16313.72,1.18,4.43,3611.81,SuperMiniCar,City_5
10/31/2005,2005,Oct,0,104.68,1.1,39830.61,158701185.21,32.47,16442.97,2.7,4.04,3517.73,ExecutiveCar,City_6
10/31/2005,2005,Oct,0,104.68,1.1,29392.95,159441229.4,32.47,16442.97,2.17,4.04,4130.58,MediumFamilyCar,City_6
10/31/2005,2005,Oct,0,104.68,1.1,23163.61,10000.0,32.47,16442.97,3.85,4.04,4401.91,SmallFamilyCar,City_6
10/31/2005,2005,Oct,0,104.68,1.1,37027.23,10000.0,32.47,16442.97,0.31,4.04,3818.67,Sports,City_6
10/31/2005,2005,Oct,0,104.68,1.1,18301.61,10000.0,32.47,16442.97,3.67,4.04,4090.72,SuperMiniCar,City_6
11/30/2005,2005,Nov,0,108.36,1.08,40821.31,61080426.22,32.77,16284.61,3.75,4.15,3446.39,ExecutiveCar,City_7
11/30/2005,2005,Nov,0,108.36,1.08,30556.19,10000.0,32.77,16284.61,1.39,4.15,4170.93,MediumFamilyCar,City_7
11/30/2005,2005,Nov,0,108.36,1.08,21084.8,10000.0,32.77,16284.61,2.84,4.15,4438.99,SmallFamilyCar,City_7
11/30/2005,2005,Nov,0,108.36,1.08,35964.98,10000.0,32.77,16284.61,2.45,4.15,3778.33,Sports,City_7
11/30/2005,2005,Nov,0,108.36,1.08,18089.1,327346309.52,32.77,16284.61,1.7,4.15,3975.29,SuperMiniCar,City_7
12/31/2005,2005,Dec,0,104.2,1.18,40581.08,56170915.2,36.68,16530.04,2.88,4.46,3754.58,ExecutiveCar,City_8
12/31/2005,2005,Dec,0,104.2,1.18,30045.38,396107978.09,36.68,16530.04,3.14,4.46,4336.57,MediumFamilyCar,City_8
12/31/2005,2005,Dec,0,104.2,1.18,22469.69,10000.0,36.68,16530.04,1.93,4.46,4627.57,SmallFamilyCar,City_8
12/31/2005,2005,Dec,0,104.2,1.18,36324.88,30070160.88,36.68,16530.04,-0.52,4.46,4028.59,Sports,City_8
12/31/2005,2005,Dec,0,104.2,1.18,18483.12,145233869.96,36.68,16530.04,3.46,4.46,4228.14,SuperMiniCar,City_8
1/31/2006,2006,Jan,0,100.01,0.9,38709.7,10000.0,34.79,16507.44,4.01,4.24,2722.67,ExecutiveCar,City_1
1/31/2006,2006,Jan,0,100.01,0.9,30907.9,10000.0,34.79,16507.44,0.71,4.24,3315.51,MediumFamilyCar,City_1
1/31/2006,2006,Jan,0,100.01,0.9,20720.24,10000.0,34.79,16507.44,2.45,4.24,3679.49,SmallFamilyCar,City_1
1/31/2006,2006,Jan,0,100.01,0.9,36060.82,10000.0,34.79,16507.44,1.7,4.24,3014.03,Sports,City_1
1/31/2006,2006,Jan,0,100.01,0.9,17702.53,303743019.14,34.79,16507.44,1.29,4.24,3170.34,SuperMiniCar,City_1
2/28/2006,2006,Feb,0,110.32,0.95,40050.22,126008090.6,34.93,16635.24,1.0,4.36,3135.58,ExecutiveCar,City_2
2/28/2006,2006,Feb,0,110.32,0.95,31034.04,140087367.09,34.93,16635.24,2.98,4.36,3346.7,MediumFamilyCar,City_2
2/28/2006,2006,Feb,0,110.32,0.95,23649.78,10000.0,34.93,16635.24,2.92,4.36,3815.93,SmallFamilyCar,City_2
2/28/2006,2006,Feb,0,110.32,0.95,38016.99,10000.0,34.93,16635.24,1.85,4.36,3277.99,Sports,City_2
2/28/2006,2006,Feb,0,110.32,0.95,19562.89,132025698.64,34.93,16635.24,2.95,4.36,3347.63,SuperMiniCar,City_2
3/31/2006,2006,Mar,0,100.14,1.02,39871.31,10000.0,34.81,17339.18,1.91,4.41,3127.03,ExecutiveCar,City_3
3/31/2006,2006,Mar,0,100.14,1.02,32006.0,97135484.45,34.81,17339.18,2.27,4.41,3652.12,MediumFamilyCar,City_3
3/31/2006,2006,Mar,0,100.14,1.02,22834.85,94420204.18,34.81,17339.18,3.18,4.41,4138.88,SmallFamilyCar,City_3
3/31/2006,2006,Mar,0,100.14,1.02,37178.18,192169025.52,34.81,17339.18,2.66,4.41,3401.81,Sports,City_3
3/31/2006,2006,Mar,0,100.14,1.02,19545.32,10000.0,34.81,17339.18,2.89,4.41,3650.57,SuperMiniCar,City_3
4/30/2006,2006,Apr,0,102.36,1.08,39021.5,10000.0,34.49,16663.48,2.77,4.09,3382.94,ExecutiveCar,City_4
4/30/2006,2006,Apr,0,102.36,1.08,31175.51,10000.0,34.49,16663.48,3.14,4.09,4151.67,MediumFamilyCar,City_4
4/30/2006,2006,Apr,0,102.36,1.08,22820.46,10000.0,34.49,16663.48,2.31,4.09,4279.23,SmallFamilyCar,City_4
4/30/2006,2006,Apr,0,102.36,1.08,36624.06,342963459.76,34.49,16663.48,2.48,4.09,3600.5,Sports,City_4
4/30/2006,2006,Apr,0,102.36,1.08,19072.92,208907038.49,34.49,16663.48,0.71,4.09,4014.19,SuperMiniCar,City_4
5/31/2006,2006,May,0,109.22,1.15,41769.11,10000.0,33.25,16839.16,3.65,4.14,3588.07,ExecutiveCar,City_5
5/31/2006,2006,May,0,109.22,1.15,30395.9,10000.0,33.25,16839.16,1.2,4.14,4361.14,MediumFamilyCar,City_5
5/31/2006,2006,May,0,109.22,1.15,21591.81,10000.0,33.25,16839.16,3.43,4.14,4673.2,SmallFamilyCar,City_5
5/31/2006,2006,May,0,109.22,1.15,35456.26,217258548.3,33.25,16839.16,2.49,4.14,3919.57,Sports,City_5
5/31/2006,2006,May,0,109.22,1.15,18918.34,10000.0,33.25,16839.16,1.33,4.14,4168.53,SuperMiniCar,City_5
6/30/2006,2006,Jun,0,105.63,1.05,39768.1,10000.0,34.39,17021.95,1.82,4.29,3464.7,ExecutiveCar,City_6
6/30/2006,2006,Jun,0,105.63,1.05,31397.71,10000.0,34.39,17021.95,3.87,4.29,4066.83,MediumFamilyCar,City_6
6/30/2006,2006,Jun,0,105.63,1.05,22244.73,10000.0,34.39,17021.95,2.83,4.29,4305.93,SmallFamilyCar,City_6
6/30/2006,2006,Jun,0,105.63,1.05,36645.6,78785932.43,34.39,17021.95,0.81,4.29,3450.03,Sports,City_6
6/30/2006,2006,Jun,0,105.63,1.05,18078.56,321900920.41,34.39,17021.95,0.66,4.29,3805.16,SuperMiniCar,City_6
7/31/2006,2006,Jul,0,110.32,1.0,40717.77,10000.0,35.11,16464.62,2.74,4.13,3395.64,ExecutiveCar,City_7
7/31/2006,2006,Jul,0,110.32,1.0,31419.52,10000.0,35.11,16464.62,1.68,4.13,3757.16,MediumFamilyCar,City_7
7/31/2006,2006,Jul,0,110.32,1.0,23438.61,10000.0,35.11,16464.62,3.87,4.13,4116.99,SmallFamilyCar,City_7
7/31/2006,2006,Jul,0,110.32,1.0,35134.9,10000.0,35.11,16464.62,0.97,4.13,3381.43,Sports,City_7
7/31/2006,2006,Jul,0,110.32,1.0,18268.28,198313058.14,35.11,16464.62,1.95,4.13,3675.77,SuperMiniCar,City_7
8/31/2006,2006,Aug,0,106.15,0.97,40909.16,10000.0,35.66,16282.99,1.63,4.16,3027.47,ExecutiveCar,City_8
8/31/2006,2006,Aug,0,106.15,0.97,31591.87,10000.0,35.66,16282.99,1.81,4.16,3595.2,MediumFamilyCar,City_8
8/31/2006,2006,Aug,0,106.15,0.97,24172.2,71847126.88,35.66,16282.99,3.73,4.16,4006.86,SmallFamilyCar,City_8
8/31/2006,2006,Aug,0,106.15,0.97,36157.49,6899159.29,35.66,16282.99,1.22,4.16,3364.16,Sports,City_8
8/31/2006,2006,Aug,0,106.15,0.97,17820.05,10000.0,35.66,16282.99,1.75,4.16,3518.4,SuperMiniCar,City_8
9/30/2006,2006,Sep,0,105.46,1.02,38972.48,70850601.33,31.47,16488.23,3.0,4.49,3181.75,ExecutiveCar,City_1
9/30/2006,2006,Sep,0,105.46,1.02,30102.08,80259442.48,31.47,16488.23,2.03,4.49,3847.64,MediumFamilyCar,City_1
9/30/2006,2006,Sep,0,105.46,1.02,23051.54,279879941.23,31.47,16488.23,3.45,4.49,4000.46,SmallFamilyCar,City_1
9/30/2006,2006,Sep,0,105.46,1.02,37585.49,10000.0,31.47,16488.23,3.15,4.49,3366.03,Sports,City_1
9/30/2006,2006,Sep,0,105.46,1.02,18141.81,10000.0,31.47,16488.23,2.2,4.49,3660.61,SuperMiniCar,City_1
10/31/2006,2006,Oct,0,113.9,1.1,39464.1,10000.0,32.88,16582.77,3.53,4.16,3518.33,ExecutiveCar,City_2
10/31/2006,2006,Oct,0,113.9,1.1,30171.37,10000.0,32.88,16582.77,1.34,4.16,4338.93,MediumFamilyCar,City_2
10/31/2006,2006,Oct,0,113.9,1.1,23354.8,10000.0,32.88,16582.77,1.1,4.16,4635.94,SmallFamilyCar,City_2
10/31/2006,2006,Oct,0,113.9,1.1,36778.5,140202483.49,32.88,16582.77,0.43,4.16,3635.73,Sports,City_2
10/31/2006,2006,Oct,0,113.9,1.1,19615.64,10000.0,32.88,16582.77,3.99,4.16,4042.67,SuperMiniCar,City_2
11/30/2006,2006,Nov,0,104.68,1.08,39412.11,436784181.36,34.94,16722.26,1.52,3.92,3357.79,ExecutiveCar,City_3
11/30/2006,2006,Nov,0,104.68,1.08,30382.81,10000.0,34.94,16722.26,3.06,3.92,4155.69,MediumFamilyCar,City_3
11/30/2006,2006,Nov,0,104.68,1.08,22912.32,10000.0,34.94,16722.26,2.94,3.92,4298.86,SmallFamilyCar,City_3
11/30/2006,2006,Nov,0,104.68,1.08,36460.52,217960389.24,34.94,16722.26,3.12,3.92,3395.26,Sports,City_3
11/30/2006,2006,Nov,0,104.68,1.08,17385.27,10000.0,34.94,16722.26,2.69,3.92,3808.9,SuperMiniCar,City_3
12/31/2006,2006,Dec,0,107.4,1.18,40366.98,10000.0,34.63,16052.02,0.56,4.3,3830.7,ExecutiveCar,City_4
12/31/2006,2006,Dec,0,107.4,1.18,29969.54,10000.0,34.63,16052.02,2.98,4.3,4456.76,MediumFamilyCar,City_4
12/31/2006,2006,Dec,0,107.4,1.18,22427.55,189616314.75,34.63,16052.02,1.06,4.3,4910.38,SmallFamilyCar,City_4
12/31/2006,2006,Dec,0,107.4,1.18,36594.08,313591480.77,34.63,16052.02,1.96,4.3,4003.11,Sports,City_4
12/31/2006,2006,Dec,0,107.4,1.18,19168.05,10000.0,34.63,16052.02,1.39,4.3,4288.47,SuperMiniCar,City_4
1/31/2007,2007,Jan,0,105.71,0.9,40274.21,10000.0,36.09,17257.91,2.27,3.92,2915.2,ExecutiveCar,City_5
1/31/2007,2007,Jan,0,105.71,0.9,32634.18,10000.0,36.09,17257.91,3.1,3.92,3290.75,MediumFamilyCar,City_5
1/31/2007,2007,Jan,0,105.71,0.9,22307.19,10000.0,36.09,17257.91,0.95,3.92,3618.46,SmallFamilyCar,City_5
1/31/2007,2007,Jan,0,105.71,0.9,36533.39,299955829.44,36.09,17257.91,1.3,3.92,3026.62,Sports,City_5
1/31/2007,2007,Jan,0,105.71,0.9,17710.75,453255435.39,36.09,17257.91,1.63,3.92,3240.54,SuperMiniCar,City_5
2/28/2007,2007,Feb,0,105.34,0.95,41113.81,10000.0,32.65,16760.57,2.89,4.64,2907.78,ExecutiveCar,City_6
2/28/2007,2007,Feb,0,105.34,0.95,31215.71,153755858.66,32.65,16760.57,1.57,4.64,3581.11,MediumFamilyCar,City_6
2/28/2007,2007,Feb,0,105.34,0.95,23162.94,10000.0,32.65,16760.57,-0.25,4.64,3744.0,SmallFamilyCar,City_6
2/28/2007,2007,Feb,0,105.34,0.95,36029.99,119669479.94,32.65,16760.57,3.89,4.64,3258.86,Sports,City_6
2/28/2007,2007,Feb,0,105.34,0.95,19226.11,48441921.14,32.65,16760.57,4.09,4.64,3465.26,SuperMiniCar,City_6
3/31/2007,2007,Mar,0,109.03,1.02,40080.37,601998989.13,35.02,16354.47,4.62,4.3,3399.9,ExecutiveCar,City_7
3/31/2007,2007,Mar,0,109.03,1.02,31356.08,388326429.94,35.02,16354.47,1.31,4.3,3894.51,MediumFamilyCar,City_7
3/31/2007,2007,Mar,0,109.03,1.02,23596.14,94178085.68,35.02,16354.47,2.27,4.3,4031.71,SmallFamilyCar,City_7
3/31/2007,2007,Mar,0,109.03,1.02,34950.17,10000.0,35.02,16354.47,1.75,4.3,3464.68,Sports,City_7
3/31/2007,2007,Mar,0,109.03,1.02,19225.52,181277822.64,35.02,16354.47,2.9,4.3,3839.47,SuperMiniCar,City_7
4/30/2007,2007,Apr,0,108.83,1.08,39071.95,10000.0,37.89,16245.66,1.76,4.51,3680.31,ExecutiveCar,City_8
4/30/2007,2007,Apr,0,108.83,1.08,30924.72,10000.0,37.89,16245.66,3.53,4.51,4105.83,MediumFamilyCar,City_8
4/30/2007,2007,Apr,0,108.83,1.08,21758.1,10000.0,37.89,16245.66,2.14,4.51,4289.99,SmallFamilyCar,City_8
4/30/2007,2007,Apr,0,108.83,1.08,36820.14,10000.0,37.89,16245.66,1.71,4.51,3545.47,Sports,City_8
4/30/2007,2007,Apr,0,108.83,1.08,18381.9,333929599.43,37.89,16245.66,2.3,4.51,4050.38,SuperMiniCar,City_8
5/31/2007,2007,May,0,105.97,1.15,40840.73,10000.0,36.82,16613.95,3.26,4.1,3652.03,ExecutiveCar,City_1
5/31/2007,2007,May,0,105.97,1.15,31595.34,20002001.0,36.82,16613.95,4.02,4.1,4283.58,MediumFamilyCar,City_1
5/31/2007,2007,May,0,105.97,1.15,21410.06,10000.0,36.82,16613.95,1.12,4.1,4552.81,SmallFamilyCar,City_1
5/31/2007,2007,May,0,105.97,1.15,37356.24,10000.0,36.82,16613.95,2.02,4.1,3754.01,Sports,City_1
5/31/2007,2007,May,0,105.97,1.15,17951.71,518544476.52,36.82,16613.95,1.76,4.1,4172.39,SuperMiniCar,City_1
6/30/2007,2007,Jun,0,105.03,1.05,41102.79,314879832.3,39.48,16289.47,1.98,4.58,3306.04,ExecutiveCar,City_2
6/30/2007,2007,Jun,0,105.03,1.05,31507.09,187409659.39,39.48,16289.47,1.09,4.58,3874.22,MediumFamilyCar,City_2
6/30/2007,2007,Jun,0,105.03,1.05,20561.86,204483386.11,39.48,16289.47,2.24,4.58,4131.99,SmallFamilyCar,City_2
6/30/2007,2007,Jun,0,105.03,1.05,35505.84,10000.0,39.48,16289.47,2.02,4.58,3517.25,Sports,City_2
6/30/2007,2007,Jun,0,105.03,1.05,18523.77,183410398.8,39.48,16289.47,4.77,4.58,3763.18,SuperMiniCar,City_2
7/31/2007,2007,Jul,0,102.27,1.0,39147.82,4389847.67,32.05,16615.0,1.72,4.69,3143.53,ExecutiveCar,City_3
7/31/2007,2007,Jul,0,102.27,1.0,32302.82,10000.0,32.05,16615.0,0.86,4.69,3548.71,MediumFamilyCar,City_3
7/31/2007,2007,Jul,0,102.27,1.0,22008.11,374292398.52,32.05,16615.0,1.77,4.69,4098.37,SmallFamilyCar,City_3
7/31/2007,2007,Jul,0,102.27,1.0,37134.87,151940812.21,32.05,16615.0,3.27,4.69,3292.82,Sports,City_3
7/31/2007,2007,Jul,0,102.27,1.0,18852.39,234347296.31,32.05,16615.0,2.7,4.69,3614.36,SuperMiniCar,City_3
8/31/2007,2007,Aug,0,108.7,0.97,41448.21,10000.0,35.48,16584.34,4.14,3.79,3095.52,ExecutiveCar,City_4
8/31/2007,2007,Aug,0,108.7,0.97,31168.01,10000.0,35.48,16584.34,0.83,3.79,3682.66,MediumFamilyCar,City_4
8/31/2007,2007,Aug,0,108.7,0.97,22858.8,232226335.3,35.48,16584.34,2.3,3.79,3946.5,SmallFamilyCar,City_4
8/31/2007,2007,Aug,0,108.7,0.97,35625.67,525317509.69,35.48,16584.34,1.41,3.79,3091.51,Sports,City_4
8/31/2007,2007,Aug,0,108.7,0.97,17682.23,10000.0,35.48,16584.34,3.13,3.79,3710.35,SuperMiniCar,City_4
9/30/2007,2007,Sep,0,106.34,1.02,40952.98,459314258.07,36.32,16414.95,2.37,4.86,3238.68,ExecutiveCar,City_5
9/30/2007,2007,Sep,0,106.34,1.02,30424.72,249042889.45,36.32,16414.95,2.99,4.86,4001.07,MediumFamilyCar,City_5
9/30/2007,2007,Sep,0,106.34,1.02,22762.05,2672431.79,36.32,16414.95,1.65,4.86,4021.56,SmallFamilyCar,City_5
9/30/2007,2007,Sep,0,106.34,1.02,36976.03,10000.0,36.32,16414.95,2.43,4.86,3469.91,Sports,City_5
9/30/2007,2007,Sep,0,106.34,1.02,18135.34,44056587.11,36.32,16414.95,1.86,4.86,3713.67,SuperMiniCar,City_5
10/31/2007,2007,Oct,1,93.37,1.1,39369.89,89282030.95,34.39,16120.8,2.75,6.01,1148.65,ExecutiveCar,City_6
10/31/2007,2007,Oct,1,93.37,1.1,31903.07,285261814.4,34.39,16120.8,2.05,6.01,1955.66,MediumFamilyCar,City_6
10/31/2007,2007,Oct,1,93.37,1.1,21099.72,24591265.83,34.39,16120.8,1.71,6.01,2172.13,SmallFamilyCar,City_6
10/31/2007,2007,Oct,1,93.37,1.1,35510.7,74689037.28,34.39,16120.8,0.8,6.01,951.46,Sports,City_6
10/31/2007,2007,Oct,1,93.37,1.1,17448.3,10000.0,34.39,16120.8,3.65,6.01,2347.26,SuperMiniCar,City_6
11/30/2007,2007,Nov,1,103.02,1.08,39253.6,156330986.42,33.85,15603.58,2.01,6.9,1094.0,ExecutiveCar,City_7
11/30/2007,2007,Nov,1,103.02,1.08,31405.58,221729549.38,33.85,15603.58,3.42,6.9,1829.13,MediumFamilyCar,City_7
11/30/2007,2007,Nov,1,103.02,1.08,22696.57,130296554.15,33.85,15603.58,2.8,6.9,2166.88,SmallFamilyCar,City_7
11/30/2007,2007,Nov,1,103.02,1.08,37022.2,155388349.09,33.85,15603.58,0.87,6.9,1017.34,Sports,City_7
11/30/2007,2007,Nov,1,103.02,1.08,17322.42,62676013.75,33.85,15603.58,4.14,6.9,2312.87,SuperMiniCar,City_7
12/31/2007,2007,Dec,1,99.4,1.18,40717.61,10000.0,31.26,15338.08,1.52,6.54,984.44,ExecutiveCar,City_8
12/31/2007,2007,Dec,1,99.4,1.18,31716.4,87893332.17,31.26,15338.08,3.38,6.54,2188.2,MediumFamilyCar,City_8
12/31/2007,2007,Dec,1,99.4,1.18,23035.32,10000.0,31.26,15338.08,2.62,6.54,2352.85,SmallFamilyCar,City_8
12/31/2007,2007,Dec,1,99.4,1.18,37869.79,280475588.68,31.26,15338.08,3.88,6.54,989.51,Sports,City_8
12/31/2007,2007,Dec,1,99.4,1.18,17666.48,288903314.58,31.26,15338.08,3.04,6.54,2488.01,SuperMiniCar,City_8
1/31/2008,2008,Jan,1,97.92,0.9,41767.11,342881009.76,33.43,15594.55,3.21,6.28,850.44,ExecutiveCar,City_1
1/31/2008,2008,Jan,1,97.92,0.9,31253.86,503753670.19,33.43,15594.55,1.63,6.28,1461.0,MediumFamilyCar,City_1
1/31/2008,2008,Jan,1,97.92,0.9,23854.82,153151293.79,33.43,15594.55,4.98,6.28,1776.79,SmallFamilyCar,City_1
1/31/2008,2008,Jan,1,97.92,0.9,36284.2,226476293.55,33.43,15594.55,1.3,6.28,732.46,Sports,City_1
1/31/2008,2008,Jan,1,97.92,0.9,18485.48,235244806.77,33.43,15594.55,3.11,6.28,1912.26,SuperMiniCar,City_1
2/29/2008,2008,Feb,1,101.47,0.95,40743.74,10000.0,43.65,15626.67,1.86,6.36,905.42,ExecutiveCar,City_2
2/29/2008,2008,Feb,1,101.47,0.95,30668.32,10000.0,43.65,15626.67,4.28,6.36,1671.83,MediumFamilyCar,City_2
2/29/2008,2008,Feb,1,101.47,0.95,22596.93,10000.0,43.65,15626.67,3.84,6.36,2012.66,SmallFamilyCar,City_2
2/29/2008,2008,Feb,1,101.47,0.95,35694.8,131839719.76,43.65,15626.67,3.53,6.36,847.72,Sports,City_2
2/29/2008,2008,Feb,1,101.47,0.95,17878.36,10000.0,43.65,15626.67,3.23,6.36,1821.57,SuperMiniCar,City_2
3/31/2008,2008,Mar,1,99.27,1.02,39774.79,10000.0,34.66,15383.46,3.26,6.21,949.83,ExecutiveCar,City_3
3/31/2008,2008,Mar,1,99.27,1.02,31833.96,10000.0,34.66,15383.46,1.7,6.21,1834.17,MediumFamilyCar,City_3
3/31/2008,2008,Mar,1,99.27,1.02,21505.63,310464410.97,34.66,15383.46,3.82,6.21,2155.59,SmallFamilyCar,City_3
3/31/2008,2008,Mar,1,99.27,1.02,36525.75,10000.0,34.66,15383.46,2.29,6.21,993.55,Sports,City_3
3/31/2008,2008,Mar,1,99.27,1.02,17768.64,146438231.69,34.66,15383.46,3.15,6.21,2072.15,SuperMiniCar,City_3
4/30/2008,2008,Apr,1,98.04,1.08,41510.86,100355386.23,38.62,15250.01,3.48,6.74,1000.36,ExecutiveCar,City_4
4/30/2008,2008,Apr,1,98.04,1.08,30998.6,10000.0,38.62,15250.01,2.26,6.74,1784.55,MediumFamilyCar,City_4
4/30/2008,2008,Apr,1,98.04,1.08,23231.5,97384017.6,38.62,15250.01,2.32,6.74,2176.67,SmallFamilyCar,City_4
4/30/2008,2008,Apr,1,98.04,1.08,37953.75,64760598.94,38.62,15250.01,1.48,6.74,890.63,Sports,City_4
4/30/2008,2008,Apr,1,98.04,1.08,17143.36,8124531.52,38.62,15250.01,2.3,6.74,2293.98,SuperMiniCar,City_4
5/31/2008,2008,May,1,90.8,1.15,41525.81,10000.0,37.01,15368.78,1.37,7.05,1198.95,ExecutiveCar,City_5
5/31/2008,2008,May,1,90.8,1.15,30766.76,10000.0,37.01,15368.78,1.78,7.05,1867.94,MediumFamilyCar,City_5
5/31/2008,2008,May,1,90.8,1.15,22642.2,120437356.29,37.01,15368.78,1.26,7.05,2204.83,SmallFamilyCar,City_5
5/31/2008,2008,May,1,90.8,1.15,36948.26,10000.0,37.01,15368.78,4.34,7.05,941.31,Sports,City_5
5/31/2008,2008,May,1,90.8,1.15,17247.13,95016101.73,37.01,15368.78,3.05,7.05,2444.21,SuperMiniCar,City_5
6/30/2008,2008,Jun,1,103.91,1.05,40824.04,126359842.36,33.46,15481.12,4.21,6.08,996.8,ExecutiveCar,City_6
6/30/2008,2008,Jun,1,103.91,1.05,30649.07,260436820.42,33.46,15481.12,1.87,6.08,1935.45,MediumFamilyCar,City_6
6/30/2008,2008,Jun,1,103.91,1.05,21689.53,10000.0,33.46,15481.12,2.55,6.08,2122.36,SmallFamilyCar,City_6
6/30/2008,2008,Jun,1,103.91,1.05,35714.09,92050272.56,33.46,15481.12,1.68,6.08,983.04,Sports,City_6
6/30/2008,2008,Jun,1,103.91,1.05,18256.43,10000.0,33.46,15481.12,2.58,6.08,2403.96,SuperMiniCar,City_6
7/31/2008,2008,Jul,1,96.0,1.0,39860.04,10000.0,35.3,15283.34,2.91,6.94,927.88,ExecutiveCar,City_7
7/31/2008,2008,Jul,1,96.0,1.0,30215.99,197061325.59,35.3,15283.34,3.03,6.94,1651.95,MediumFamilyCar,City_7
7/31/2008,2008,Jul,1,96.0,1.0,22228.69,10000.0,35.3,15283.34,4.28,6.94,1847.03,SmallFamilyCar,City_7
7/31/2008,2008,Jul,1,96.0,1.0,36739.32,106643641.31,35.3,15283.34,1.14,6.94,970.83,Sports,City_7
7/31/2008,2008,Jul,1,96.0,1.0,18621.89,102743318.86,35.3,15283.34,2.4,6.94,2066.08,SuperMiniCar,City_7
8/31/2008,2008,Aug,1,95.26,0.97,40849.55,86428309.11,35.01,15574.4,2.7,6.53,805.53,ExecutiveCar,City_8
8/31/2008,2008,Aug,1,95.26,0.97,30296.86,93990634.92,35.01,15574.4,3.97,6.53,1592.81,MediumFamilyCar,City_8
8/31/2008,2008,Aug,1,95.26,0.97,22394.67,55739899.77,35.01,15574.4,1.36,6.53,1922.81,SmallFamilyCar,City_8
8/31/2008,2008,Aug,1,95.26,0.97,37225.28,10000.0,35.01,15574.4,2.33,6.53,983.1,Sports,City_8
8/31/2008,2008,Aug,1,95.26,0.97,19587.34,10000.0,35.01,15574.4,2.66,6.53,2017.29,SuperMiniCar,City_8
9/30/2008,2008,Sep,1,96.87,1.02,40866.16,10000.0,36.15,15655.83,2.63,6.24,746.21,ExecutiveCar,City_1
9/30/2008,2008,Sep,1,96.87,1.02,31303.34,314893812.52,36.15,15655.83,1.32,6.24,1804.52,MediumFamilyCar,City_1
9/30/2008,2008,Sep,1,96.87,1.02,23257.29,119373126.43,36.15,15655.83,2.96,6.24,1983.69,SmallFamilyCar,City_1
9/30/2008,2008,Sep,1,96.87,1.02,37567.31,209242328.64,36.15,15655.83,2.19,6.24,1168.88,Sports,City_1
9/30/2008,2008,Sep,1,96.87,1.02,18286.55,161697258.7,36.15,15655.83,2.91,6.24,2089.88,SuperMiniCar,City_1
10/31/2008,2008,Oct,1,94.32,1.1,41336.58,10000.0,35.24,15613.21,3.26,6.42,1026.89,ExecutiveCar,City_2
10/31/2008,2008,Oct,1,94.32,1.1,31471.14,10000.0,35.24,15613.21,4.07,6.42,1868.72,MediumFamilyCar,City_2
10/31/2008,2008,Oct,1,94.32,1.1,22866.89,150539186.72,35.24,15613.21,1.63,6.42,2121.33,SmallFamilyCar,City_2
10/31/2008,2008,Oct,1,94.32,1.1,36862.73,10000.0,35.24,15613.21,2.06,6.42,965.55,Sports,City_2
10/31/2008,2008,Oct,1,94.32,1.1,18059.16,128660316.97,35.24,15613.21,2.81,6.42,2446.78,SuperMiniCar,City_2
11/30/2008,2008,Nov,1,89.64,1.08,40670.69,10000.0,36.86,15163.15,2.62,6.68,882.27,ExecutiveCar,City_3
11/30/2008,2008,Nov,1,89.64,1.08,30450.43,10000.0,36.86,15163.15,2.95,6.68,1962.95,MediumFamilyCar,City_3
11/30/2008,2008,Nov,1,89.64,1.08,20776.66,499922183.96,36.86,15163.15,3.03,6.68,2144.32,SmallFamilyCar,City_3
11/30/2008,2008,Nov,1,89.64,1.08,36961.17,10000.0,36.86,15163.15,3.17,6.68,1010.65,Sports,City_3
11/30/2008,2008,Nov,1,89.64,1.08,18973.15,10000.0,36.86,15163.15,2.74,6.68,2219.96,SuperMiniCar,City_3
12/31/2008,2008,Dec,1,90.65,1.18,41970.16,268154651.25,40.09,15318.65,2.42,6.8,1230.7,ExecutiveCar,City_4
12/31/2008,2008,Dec,1,90.65,1.18,31019.06,10000.0,40.09,15318.65,4.0,6.8,2162.31,MediumFamilyCar,City_4
12/31/2008,2008,Dec,1,90.65,1.18,22698.93,10000.0,40.09,15318.65,1.91,6.8,2403.68,SmallFamilyCar,City_4
12/31/2008,2008,Dec,1,90.65,1.18,37832.06,10000.0,40.09,15318.65,2.79,6.8,860.39,Sports,City_4
12/31/2008,2008,Dec,1,90.65,1.18,17396.64,54199148.77,40.09,15318.65,2.17,6.8,2407.66,SuperMiniCar,City_4
1/31/2009,2009,Jan,1,92.59,0.9,42340.55,439568620.42,31.02,15777.75,2.59,6.06,577.89,ExecutiveCar,City_5
1/31/2009,2009,Jan,1,92.59,0.9,31039.24,206466970.61,31.02,15777.75,1.99,6.06,1504.35,MediumFamilyCar,City_5
1/31/2009,2009,Jan,1,92.59,0.9,22846.8,10000.0,31.02,15777.75,1.97,6.06,1794.16,SmallFamilyCar,City_5
1/31/2009,2009,Jan,1,92.59,0.9,36511.49,83924108.29,31.02,15777.75,2.03,6.06,825.08,Sports,City_5
1/31/2009,2009,Jan,1,92.59,0.9,19753.67,10000.0,31.02,15777.75,3.42,6.06,1931.32,SuperMiniCar,City_5
2/28/2009,2009,Feb,1,96.12,0.95,40825.03,307338805.42,39.65,15120.19,1.71,6.34,647.64,ExecutiveCar,City_6
2/28/2009,2009,Feb,1,96.12,0.95,31543.39,43686102.23,39.65,15120.19,4.07,6.34,1659.99,MediumFamilyCar,City_6
2/28/2009,2009,Feb,1,96.12,0.95,23919.22,10000.0,39.65,15120.19,1.76,6.34,1923.43,SmallFamilyCar,City_6
2/28/2009,2009,Feb,1,96.12,0.95,36365.72,89823700.77,39.65,15120.19,2.11,6.34,824.93,Sports,City_6
2/28/2009,2009,Feb,1,96.12,0.95,19045.43,10000.0,39.65,15120.19,3.27,6.34,1973.74,SuperMiniCar,City_6
3/31/2009,2009,Mar,1,94.23,1.02,41497.12,23279195.1,37.06,15448.62,0.84,6.91,906.3,ExecutiveCar,City_7
3/31/2009,2009,Mar,1,94.23,1.02,31207.85,186610643.43,37.06,15448.62,3.19,6.91,1887.7,MediumFamilyCar,City_7
3/31/2009,2009,Mar,1,94.23,1.02,22125.16,163216273.96,37.06,15448.62,2.2,6.91,1932.36,SmallFamilyCar,City_7
3/31/2009,2009,Mar,1,94.23,1.02,37150.44,190036387.83,37.06,15448.62,2.92,6.91,991.58,Sports,City_7
3/31/2009,2009,Mar,1,94.23,1.02,18347.29,53042384.4,37.06,15448.62,3.69,6.91,2200.33,SuperMiniCar,City_7
4/30/2009,2009,Apr,1,96.21,1.08,41863.38,16837433.35,36.05,15554.65,2.71,6.69,1110.14,ExecutiveCar,City_8
4/30/2009,2009,Apr,1,96.21,1.08,31139.62,73190523.82,36.05,15554.65,3.35,6.69,1840.38,MediumFamilyCar,City_8
4/30/2009,2009,Apr,1,96.21,1.08,21969.59,243266874.86,36.05,15554.65,2.41,6.69,2205.94,SmallFamilyCar,City_8
4/30/2009,2009,Apr,1,96.21,1.08,38362.11,271682331.49,36.05,15554.65,2.76,6.69,866.88,Sports,City_8
4/30/2009,2009,Apr,1,96.21,1.08,19260.46,318050397.28,36.05,15554.65,3.23,6.69,2380.0,SuperMiniCar,City_8
5/31/2009,2009,May,1,100.8,1.15,41305.85,10000.0,34.78,15236.28,2.83,7.2,916.68,ExecutiveCar,City_1
5/31/2009,2009,May,1,100.8,1.15,30824.85,10000.0,34.78,15236.28,2.89,7.2,2114.88,MediumFamilyCar,City_1
5/31/2009,2009,May,1,100.8,1.15,22973.88,10000.0,34.78,15236.28,2.25,7.2,2237.67,SmallFamilyCar,City_1
5/31/2009,2009,May,1,100.8,1.15,37777.75,10000.0,34.78,15236.28,1.33,7.2,1097.68,Sports,City_1
5/31/2009,2009,May,1,100.8,1.15,19095.33,92395096.09,34.78,15236.28,1.99,7.2,2480.54,SuperMiniCar,City_1
6/30/2009,2009,Jun,1,96.92,1.05,42537.17,10000.0,32.53,15642.66,2.53,7.03,939.17,ExecutiveCar,City_2
6/30/2009,2009,Jun,1,96.92,1.05,31354.71,45988825.21,32.53,15642.66,3.64,7.03,1832.07,MediumFamilyCar,City_2
6/30/2009,2009,Jun,1,96.92,1.05,23878.81,10000.0,32.53,15642.66,2.15,7.03,2082.95,SmallFamilyCar,City_2
6/30/2009,2009,Jun,1,96.92,1.05,35839.33,51266977.04,32.53,15642.66,4.55,7.03,870.13,Sports,City_2
6/30/2009,2009,Jun,1,96.92,1.05,19195.9,10000.0,32.53,15642.66,2.26,7.03,2291.34,SuperMiniCar,City_2
7/31/2009,2009,Jul,1,102.7,1.0,41069.78,10000.0,37.41,15814.36,1.05,7.2,888.9,ExecutiveCar,City_3
7/31/2009,2009,Jul,1,102.7,1.0,31317.84,10000.0,37.41,15814.36,1.03,7.2,1677.39,MediumFamilyCar,City_3
7/31/2009,2009,Jul,1,102.7,1.0,22602.26,10000.0,37.41,15814.36,2.13,7.2,1993.96,SmallFamilyCar,City_3
7/31/2009,2009,Jul,1,102.7,1.0,36799.69,172080098.01,37.41,15814.36,0.6,7.2,868.39,Sports,City_3
7/31/2009,2009,Jul,1,102.7,1.0,18649.13,21993248.93,37.41,15814.36,2.9,7.2,1975.31,SuperMiniCar,City_3
8/31/2009,2009,Aug,1,95.97,0.97,40642.62,10000.0,34.92,15433.46,4.98,6.18,999.14,ExecutiveCar,City_4
8/31/2009,2009,Aug,1,95.97,0.97,31722.93,152779766.61,34.92,15433.46,3.23,6.18,1697.89,MediumFamilyCar,City_4
8/31/2009,2009,Aug,1,95.97,0.97,23012.07,25076468.77,34.92,15433.46,1.92,6.18,1948.84,SmallFamilyCar,City_4
8/31/2009,2009,Aug,1,95.97,0.97,38915.92,224796181.22,34.92,15433.46,2.8,6.18,895.53,Sports,City_4
8/31/2009,2009,Aug,1,95.97,0.97,17951.16,10000.0,34.92,15433.46,3.45,6.18,2162.75,SuperMiniCar,City_4
9/30/2009,2009,Sep,1,93.82,1.02,42360.69,43719929.61,40.16,15939.99,2.75,6.23,900.72,ExecutiveCar,City_5
9/30/2009,2009,Sep,1,93.82,1.02,32032.04,320853824.3,40.16,15939.99,1.46,6.23,1767.53,MediumFamilyCar,City_5
9/30/2009,2009,Sep,1,93.82,1.02,23589.06,10000.0,40.16,15939.99,2.01,6.23,1977.58,SmallFamilyCar,City_5
9/30/2009,2009,Sep,1,93.82,1.02,38175.76,10000.0,40.16,15939.99,2.71,6.23,1000.88,Sports,City_5
9/30/2009,2009,Sep,1,93.82,1.02,17930.12,28380438.98,40.16,15939.99,2.53,6.23,2063.85,SuperMiniCar,City_5
10/31/2009,2009,Oct,1,91.21,1.1,40092.74,10000.0,36.71,15326.48,2.92,6.25,769.35,ExecutiveCar,City_6
10/31/2009,2009,Oct,1,91.21,1.1,31303.38,387412922.71,36.71,15326.48,4.17,6.25,1755.68,MediumFamilyCar,City_6
10/31/2009,2009,Oct,1,91.21,1.1,23095.73,10000.0,36.71,15326.48,1.31,6.25,1985.46,SmallFamilyCar,City_6
10/31/2009,2009,Oct,1,91.21,1.1,38275.63,111383254.54,36.71,15326.48,1.78,6.25,959.88,Sports,City_6
10/31/2009,2009,Oct,1,91.21,1.1,16851.53,10000.0,36.71,15326.48,1.68,6.25,2403.75,SuperMiniCar,City_6
11/30/2009,2009,Nov,1,95.36,1.08,41334.1,31586760.39,35.45,15587.78,2.22,6.43,948.15,ExecutiveCar,City_7
11/30/2009,2009,Nov,1,95.36,1.08,31938.9,10000.0,35.45,15587.78,2.44,6.43,1944.44,MediumFamilyCar,City_7
11/30/2009,2009,Nov,1,95.36,1.08,21974.79,449278237.51,35.45,15587.78,1.16,6.43,2244.27,SmallFamilyCar,City_7
11/30/2009,2009,Nov,1,95.36,1.08,36532.85,406186507.69,35.45,15587.78,2.0,6.43,927.44,Sports,City_7
11/30/2009,2009,Nov,1,95.36,1.08,18349.9,21874524.86,35.45,15587.78,2.17,6.43,2264.13,SuperMiniCar,City_7
12/31/2009,2009,Dec,1,96.26,1.18,41949.25,10000.0,35.84,15534.98,3.32,5.26,1140.28,ExecutiveCar,City_8
12/31/2009,2009,Dec,1,96.26,1.18,31891.87,10000.0,35.84,15534.98,1.32,5.26,1994.24,MediumFamilyCar,City_8
12/31/2009,2009,Dec,1,96.26,1.18,23977.38,45156851.9,35.84,15534.98,4.0,5.26,2331.87,SmallFamilyCar,City_8
12/31/2009,2009,Dec,1,96.26,1.18,38131.28,10000.0,35.84,15534.98,2.73,5.26,986.15,Sports,City_8
12/31/2009,2009,Dec,1,96.26,1.18,19175.69,57215506.95,35.84,15534.98,1.76,5.26,2565.88,SuperMiniCar,City_8
1/31/2010,2010,Jan,0,103.37,0.9,40875.06,10000.0,32.33,17020.08,3.06,4.91,2940.96,ExecutiveCar,City_1
1/31/2010,2010,Jan,0,103.37,0.9,31244.92,10000.0,32.33,17020.08,3.97,4.91,3357.81,MediumFamilyCar,City_1
1/31/2010,2010,Jan,0,103.37,0.9,22001.46,10000.0,32.33,17020.08,2.64,4.91,3657.84,SmallFamilyCar,City_1
1/31/2010,2010,Jan,0,103.37,0.9,36260.16,164533499.09,32.33,17020.08,3.18,4.91,2938.52,Sports,City_1
1/31/2010,2010,Jan,0,103.37,0.9,18989.93,59864472.78,32.33,17020.08,3.1,4.91,3264.66,SuperMiniCar,City_1
2/28/2010,2010,Feb,0,104.92,0.95,41168.96,220828686.61,37.04,16951.19,2.58,3.39,3047.67,ExecutiveCar,City_2
2/28/2010,2010,Feb,0,104.92,0.95,32361.59,10000.0,37.04,16951.19,2.3,3.39,3771.44,MediumFamilyCar,City_2
2/28/2010,2010,Feb,0,104.92,0.95,22728.8,10000.0,37.04,16951.19,2.72,3.39,3628.17,SmallFamilyCar,City_2
2/28/2010,2010,Feb,0,104.92,0.95,38066.68,361454729.46,37.04,16951.19,2.47,3.39,3263.65,Sports,City_2
2/28/2010,2010,Feb,0,104.92,0.95,18940.96,10000.0,37.04,16951.19,1.94,3.39,3736.52,SuperMiniCar,City_2
3/31/2010,2010,Mar,0,101.74,1.02,40781.5,238679837.41,35.4,16706.81,3.14,4.51,3259.88,ExecutiveCar,City_3
3/31/2010,2010,Mar,0,101.74,1.02,31195.18,396106838.5,35.4,16706.81,1.14,4.51,3960.59,MediumFamilyCar,City_3
3/31/2010,2010,Mar,0,101.74,1.02,22018.96,3341704.34,35.4,16706.81,3.7,4.51,4005.17,SmallFamilyCar,City_3
3/31/2010,2010,Mar,0,101.74,1.02,37128.65,10000.0,35.4,16706.81,3.07,4.51,3390.35,Sports,City_3
3/31/2010,2010,Mar,0,101.74,1.02,18328.27,10000.0,35.4,16706.81,1.93,4.51,3689.47,SuperMiniCar,City_3
4/30/2010,2010,Apr,0,102.67,1.08,42275.96,412784872.3,38.47,17094.37,2.56,4.33,3421.7,ExecutiveCar,City_4
4/30/2010,2010,Apr,0,102.67,1.08,33291.6,127661611.1,38.47,17094.37,2.18,4.33,3944.98,MediumFamilyCar,City_4
4/30/2010,2010,Apr,0,102.67,1.08,23551.84,454937548.89,38.47,17094.37,1.84,4.33,4483.2,SmallFamilyCar,City_4
4/30/2010,2010,Apr,0,102.67,1.08,36561.3,172503525.17,38.47,17094.37,2.48,4.33,3690.56,Sports,City_4
4/30/2010,2010,Apr,0,102.67,1.08,18637.92,10000.0,38.47,17094.37,1.63,4.33,3992.03,SuperMiniCar,City_4
5/31/2010,2010,May,0,103.49,1.15,41146.48,10000.0,37.11,16997.61,1.2,4.82,3740.79,ExecutiveCar,City_5
5/31/2010,2010,May,0,103.49,1.15,29748.8,463776632.02,37.11,16997.61,2.87,4.82,4274.62,MediumFamilyCar,City_5
5/31/2010,2010,May,0,103.49,1.15,21237.81,10000.0,37.11,16997.61,2.5,4.82,4670.51,SmallFamilyCar,City_5
5/31/2010,2010,May,0,103.49,1.15,36951.08,223592037.01,37.11,16997.61,2.02,4.82,4081.66,Sports,City_5
5/31/2010,2010,May,0,103.49,1.15,19726.75,10000.0,37.11,16997.61,1.81,4.82,4224.25,SuperMiniCar,City_5
6/30/2010,2010,Jun,0,110.91,1.05,41358.9,127951630.11,34.63,17154.52,2.63,4.32,3569.83,ExecutiveCar,City_6
6/30/2010,2010,Jun,0,110.91,1.05,31458.65,10000.0,34.63,17154.52,3.46,4.32,3991.02,MediumFamilyCar,City_6
6/30/2010,2010,Jun,0,110.91,1.05,21792.79,10000.0,34.63,17154.52,0.77,4.32,4321.17,SmallFamilyCar,City_6
6/30/2010,2010,Jun,0,110.91,1.05,36588.8,77747371.76,34.63,17154.52,2.64,4.32,3675.76,Sports,City_6
6/30/2010,2010,Jun,0,110.91,1.05,19105.72,50398532.54,34.63,17154.52,-0.21,4.32,3912.32,SuperMiniCar,City_6
7/31/2010,2010,Jul,0,113.38,1.0,40860.22,10000.0,39.37,16719.09,4.02,4.45,3156.72,ExecutiveCar,City_7
7/31/2010,2010,Jul,0,113.38,1.0,31740.47,54830013.52,39.37,16719.09,3.88,4.45,3958.98,MediumFamilyCar,City_7
7/31/2010,2010,Jul,0,113.38,1.0,23916.44,158577083.36,39.37,16719.09,2.15,4.45,4266.09,SmallFamilyCar,City_7
7/31/2010,2010,Jul,0,113.38,1.0,38162.83,10000.0,39.37,16719.09,2.15,4.45,3532.06,Sports,City_7
7/31/2010,2010,Jul,0,113.38,1.0,20086.29,10000.0,39.37,16719.09,2.24,4.45,3855.11,SuperMiniCar,City_7
8/31/2010,2010,Aug,0,103.65,0.97,41565.11,517235047.16,39.77,16887.73,2.05,4.47,3167.14,ExecutiveCar,City_8
8/31/2010,2010,Aug,0,103.65,0.97,30457.34,10000.0,39.77,16887.73,1.01,4.47,3667.24,MediumFamilyCar,City_8
8/31/2010,2010,Aug,0,103.65,0.97,23326.0,10000.0,39.77,16887.73,2.4,4.47,4020.99,SmallFamilyCar,City_8
8/31/2010,2010,Aug,0,103.65,0.97,36601.36,52930662.6,39.77,16887.73,3.2,4.47,3363.96,Sports,City_8
8/31/2010,2010,Aug,0,103.65,0.97,19302.95,10000.0,39.77,16887.73,2.38,4.47,3396.61,SuperMiniCar,City_8
9/30/2010,2010,Sep,0,100.79,1.02,40809.04,10000.0,32.7,16509.15,3.03,4.8,3276.91,ExecutiveCar,City_1
9/30/2010,2010,Sep,0,100.79,1.02,30631.01,10000.0,32.7,16509.15,3.3,4.8,3647.73,MediumFamilyCar,City_1
9/30/2010,2010,Sep,0,100.79,1.02,23872.23,10000.0,32.7,16509.15,0.07,4.8,4246.33,SmallFamilyCar,City_1
9/30/2010,2010,Sep,0,100.79,1.02,38686.46,319315123.69,32.7,16509.15,2.96,4.8,3473.18,Sports,City_1
9/30/2010,2010,Sep,0,100.79,1.02,18334.75,614158360.31,32.7,16509.15,1.08,4.8,3609.38,SuperMiniCar,City_1
10/31/2010,2010,Oct,0,104.06,1.1,41508.84,10000.0,33.64,16513.04,1.35,4.63,3691.36,ExecutiveCar,City_2
10/31/2010,2010,Oct,0,104.06,1.1,31440.44,460251799.13,33.64,16513.04,3.39,4.63,4362.85,MediumFamilyCar,City_2
10/31/2010,2010,Oct,0,104.06,1.1,22579.65,501902658.47,33.64,16513.04,3.96,4.63,4429.93,SmallFamilyCar,City_2
10/31/2010,2010,Oct,0,104.06,1.1,37949.82,10000.0,33.64,16513.04,1.47,4.63,3554.54,Sports,City_2
10/31/2010,2010,Oct,0,104.06,1.1,17675.32,10000.0,33.64,16513.04,1.7,4.63,4068.79,SuperMiniCar,City_2
11/30/2010,2010,Nov,0,101.43,1.08,42575.65,10000.0,39.15,16675.05,1.95,4.27,3516.58,ExecutiveCar,City_3
11/30/2010,2010,Nov,0,101.43,1.08,30997.55,10000.0,39.15,16675.05,3.22,4.27,4245.49,MediumFamilyCar,City_3
11/30/2010,2010,Nov,0,101.43,1.08,23559.04,202521580.74,39.15,16675.05,3.77,4.27,4265.22,SmallFamilyCar,City_3
11/30/2010,2010,Nov,0,101.43,1.08,38549.98,10000.0,39.15,16675.05,1.64,4.27,3736.89,Sports,City_3
11/30/2010,2010,Nov,0,101.43,1.08,17533.64,10000.0,39.15,16675.05,3.07,4.27,4157.14,SuperMiniCar,City_3
12/31/2010,2010,Dec,0,110.5,1.18,39640.84,229566418.52,32.01,17206.25,0.95,4.37,3810.11,ExecutiveCar,City_4
12/31/2010,2010,Dec,0,110.5,1.18,31871.22,349778191.05,32.01,17206.25,2.34,4.37,4412.94,MediumFamilyCar,City_4
12/31/2010,2010,Dec,0,110.5,1.18,23420.23,10000.0,32.01,17206.25,1.41,4.37,4926.88,SmallFamilyCar,City_4
12/31/2010,2010,Dec,0,110.5,1.18,38000.48,231412518.75,32.01,17206.25,2.81,4.37,4114.26,Sports,City_4
12/31/2010,2010,Dec,0,110.5,1.18,19307.27,10000.0,32.01,17206.25,2.02,4.37,4287.97,SuperMiniCar,City_4
1/31/2011,2011,Jan,0,110.0,0.9,41114.98,476259928.57,33.36,16786.34,3.55,4.06,2859.91,ExecutiveCar,City_5
1/31/2011,2011,Jan,0,110.0,0.9,32723.08,446061476.92,33.36,16786.34,1.33,4.06,3316.71,MediumFamilyCar,City_5
1/31/2011,2011,Jan,0,110.0,0.9,23065.22,390926994.06,33.36,16786.34,4.09,4.06,3492.2,SmallFamilyCar,City_5
1/31/2011,2011,Jan,0,110.0,0.9,39128.58,10000.0,33.36,16786.34,2.13,4.06,3027.05,Sports,City_5
1/31/2011,2011,Jan,0,110.0,0.9,19785.37,413841834.05,33.36,16786.34,3.45,4.06,3329.3,SuperMiniCar,City_5
2/28/2011,2011,Feb,0,108.29,0.95,42208.39,10000.0,32.86,16522.36,1.21,4.6,2903.38,ExecutiveCar,City_6
2/28/2011,2011,Feb,0,108.29,0.95,31933.23,10000.0,32.86,16522.36,0.95,4.6,3623.79,MediumFamilyCar,City_6
2/28/2011,2011,Feb,0,108.29,0.95,23926.37,10000.0,32.86,16522.36,2.2,4.6,4094.6,SmallFamilyCar,City_6
2/28/2011,2011,Feb,0,108.29,0.95,36823.3,83889531.88,32.86,16522.36,1.17,4.6,3297.04,Sports,City_6
2/28/2011,2011,Feb,0,108.29,0.95,17928.64,10000.0,32.86,16522.36,4.15,4.6,3528.1,SuperMiniCar,City_6
3/31/2011,2011,Mar,0,96.95,1.02,41533.31,10000.0,35.01,16874.81,2.71,4.37,3301.59,ExecutiveCar,City_7
3/31/2011,2011,Mar,0,96.95,1.02,32669.01,10000.0,35.01,16874.81,0.26,4.37,3864.14,MediumFamilyCar,City_7
3/31/2011,2011,Mar,0,96.95,1.02,22245.35,256638331.49,35.01,16874.81,-0.22,4.37,4020.4,SmallFamilyCar,City_7
3/31/2011,2011,Mar,0,96.95,1.02,38867.64,1981930.9,35.01,16874.81,3.4,4.37,3386.65,Sports,City_7
3/31/2011,2011,Mar,0,96.95,1.02,17581.91,458117147.77,35.01,16874.81,2.6,4.37,3559.04,SuperMiniCar,City_7
4/30/2011,2011,Apr,0,106.45,1.08,43560.26,142911673.04,33.91,16885.82,1.87,3.91,3635.96,ExecutiveCar,City_8
4/30/2011,2011,Apr,0,106.45,1.08,30294.43,513953270.21,33.91,16885.82,1.47,3.91,3900.61,MediumFamilyCar,City_8
4/30/2011,2011,Apr,0,106.45,1.08,23647.26,516219875.14,33.91,16885.82,2.3,3.91,4415.13,SmallFamilyCar,City_8
4/30/2011,2011,Apr,0,106.45,1.08,37784.3,10000.0,33.91,16885.82,1.93,3.91,3670.19,Sports,City_8
4/30/2011,2011,Apr,0,106.45,1.08,19011.73,679379411.73,33.91,16885.82,2.94,3.91,4056.82,SuperMiniCar,City_8
5/31/2011,2011,May,0,108.36,1.15,41928.81,14839493.72,34.75,17147.79,4.91,3.93,3802.9,ExecutiveCar,City_1
5/31/2011,2011,May,0,108.36,1.15,32583.8,252703732.24,34.75,17147.79,4.26,3.93,4561.57,MediumFamilyCar,City_1
5/31/2011,2011,May,0,108.36,1.15,24219.23,10000.0,34.75,17147.79,1.94,3.93,4619.69,SmallFamilyCar,City_1
5/31/2011,2011,May,0,108.36,1.15,38713.58,10000.0,34.75,17147.79,1.99,3.93,4016.84,Sports,City_1
5/31/2011,2011,May,0,108.36,1.15,18714.41,272276479.04,34.75,17147.79,5.94,3.93,4303.06,SuperMiniCar,City_1
6/30/2011,2011,Jun,0,100.17,1.05,41752.04,133493494.74,35.55,16964.83,2.04,4.04,3291.46,ExecutiveCar,City_2
6/30/2011,2011,Jun,0,100.17,1.05,31053.64,10000.0,35.55,16964.83,3.14,4.04,4162.48,MediumFamilyCar,City_2
6/30/2011,2011,Jun,0,100.17,1.05,24145.06,149331828.73,35.55,16964.83,3.55,4.04,4355.21,SmallFamilyCar,City_2
6/30/2011,2011,Jun,0,100.17,1.05,38461.47,235017065.23,35.55,16964.83,4.01,4.04,3495.54,Sports,City_2
6/30/2011,2011,Jun,0,100.17,1.05,18137.75,262431634.44,35.55,16964.83,-0.15,4.04,3696.78,SuperMiniCar,City_2
7/31/2011,2011,Jul,0,103.41,1.0,40960.76,10000.0,35.34,16983.0,1.82,4.67,3128.45,ExecutiveCar,City_3
7/31/2011,2011,Jul,0,103.41,1.0,31425.2,10000.0,35.34,16983.0,4.37,4.67,3727.17,MediumFamilyCar,City_3
7/31/2011,2011,Jul,0,103.41,1.0,23398.32,10000.0,35.34,16983.0,1.91,4.67,4043.18,SmallFamilyCar,City_3
7/31/2011,2011,Jul,0,103.41,1.0,36469.91,10000.0,35.34,16983.0,2.68,4.67,3238.61,Sports,City_3
7/31/2011,2011,Jul,0,103.41,1.0,17434.17,10000.0,35.34,16983.0,1.13,4.67,3786.13,SuperMiniCar,City_3
8/31/2011,2011,Aug,0,103.99,0.97,41744.32,10000.0,36.1,16793.93,2.66,4.68,3275.36,ExecutiveCar,City_4
8/31/2011,2011,Aug,0,103.99,0.97,31978.39,170435640.93,36.1,16793.93,1.13,4.68,3608.87,MediumFamilyCar,City_4
8/31/2011,2011,Aug,0,103.99,0.97,23028.94,189780146.91,36.1,16793.93,3.33,4.68,3979.31,SmallFamilyCar,City_4
8/31/2011,2011,Aug,0,103.99,0.97,37484.45,242442278.84,36.1,16793.93,1.63,4.68,3347.58,Sports,City_4
8/31/2011,2011,Aug,0,103.99,0.97,16307.27,10000.0,36.1,16793.93,1.68,4.68,3451.96,SuperMiniCar,City_4
9/30/2011,2011,Sep,0,103.09,1.02,41705.41,10000.0,37.14,16959.44,2.47,3.61,3212.52,ExecutiveCar,City_5
9/30/2011,2011,Sep,0,103.09,1.02,32404.24,30703728.16,37.14,16959.44,1.69,3.61,3947.66,MediumFamilyCar,City_5
9/30/2011,2011,Sep,0,103.09,1.02,23632.56,10000.0,37.14,16959.44,2.32,3.61,4137.99,SmallFamilyCar,City_5
9/30/2011,2011,Sep,0,103.09,1.02,37644.31,10000.0,37.14,16959.44,0.65,3.61,3447.92,Sports,City_5
9/30/2011,2011,Sep,0,103.09,1.02,19634.81,10000.0,37.14,16959.44,2.87,3.61,3824.44,SuperMiniCar,City_5
10/31/2011,2011,Oct,0,104.12,1.1,41576.23,28393107.37,34.31,17130.8,2.32,4.51,3569.16,ExecutiveCar,City_6
10/31/2011,2011,Oct,0,104.12,1.1,31980.15,155736806.15,34.31,17130.8,2.7,4.51,4083.44,MediumFamilyCar,City_6
10/31/2011,2011,Oct,0,104.12,1.1,24466.4,10000.0,34.31,17130.8,3.78,4.51,4509.24,SmallFamilyCar,City_6
10/31/2011,2011,Oct,0,104.12,1.1,38614.16,320346573.23,34.31,17130.8,2.21,4.51,3679.18,Sports,City_6
10/31/2011,2011,Oct,0,104.12,1.1,19238.73,10000.0,34.31,17130.8,2.13,4.51,4219.12,SuperMiniCar,City_6
11/30/2011,2011,Nov,0,101.24,1.08,40971.92,695793673.54,35.92,17143.19,2.73,4.62,3494.1,ExecutiveCar,City_7
11/30/2011,2011,Nov,0,101.24,1.08,32594.68,10000.0,35.92,17143.19,3.51,4.62,4078.5,MediumFamilyCar,City_7
11/30/2011,2011,Nov,0,101.24,1.08,22760.08,365390648.68,35.92,17143.19,4.07,4.62,4230.74,SmallFamilyCar,City_7
11/30/2011,2011,Nov,0,101.24,1.08,37015.14,147443942.31,35.92,17143.19,1.88,4.62,3584.18,Sports,City_7
11/30/2011,2011,Nov,0,101.24,1.08,19564.62,10000.0,35.92,17143.19,0.53,4.62,3936.94,SuperMiniCar,City_7
12/31/2011,2011,Dec,0,97.61,1.18,42689.95,638951367.95,35.61,16534.73,1.44,4.3,3642.89,ExecutiveCar,City_8
12/31/2011,2011,Dec,0,97.61,1.18,30873.68,10000.0,35.61,16534.73,4.3,4.3,4461.84,MediumFamilyCar,City_8
12/31/2011,2011,Dec,0,97.61,1.18,22894.17,10000.0,35.61,16534.73,3.65,4.3,4724.27,SmallFamilyCar,City_8
12/31/2011,2011,Dec,0,97.61,1.18,37372.76,10000.0,35.61,16534.73,1.84,4.3,3663.82,Sports,City_8
12/31/2011,2011,Dec,0,97.61,1.18,19825.12,10000.0,35.61,16534.73,4.59,4.3,4387.02,SuperMiniCar,City_8
1/31/2012,2012,Jan,0,106.67,0.9,41589.19,61835706.5,35.39,16564.19,1.58,4.75,2896.65,ExecutiveCar,City_1
1/31/2012,2012,Jan,0,106.67,0.9,31207.46,10000.0,35.39,16564.19,1.68,4.75,3428.33,MediumFamilyCar,City_1
1/31/2012,2012,Jan,0,106.67,0.9,22919.88,151251216.59,35.39,16564.19,2.62,4.75,3598.81,SmallFamilyCar,City_1
1/31/2012,2012,Jan,0,106.67,0.9,36175.64,122403633.17,35.39,16564.19,2.51,4.75,3277.61,Sports,City_1
1/31/2012,2012,Jan,0,106.67,0.9,19545.17,10000.0,35.39,16564.19,2.67,4.75,3425.04,SuperMiniCar,City_1
2/29/2012,2012,Feb,0,97.55,0.95,41226.35,10000.0,37.95,16733.98,2.34,4.51,3044.27,ExecutiveCar,City_2
2/29/2012,2012,Feb,0,97.55,0.95,34410.79,404686823.33,37.95,16733.98,1.93,4.51,3704.19,MediumFamilyCar,City_2
2/29/2012,2012,Feb,0,97.55,0.95,23794.66,10000.0,37.95,16733.98,1.24,4.51,3908.01,SmallFamilyCar,City_2
2/29/2012,2012,Feb,0,97.55,0.95,38590.17,10000.0,37.95,16733.98,1.78,4.51,3200.8,Sports,City_2
2/29/2012,2012,Feb,0,97.55,0.95,19005.38,453040979.97,37.95,16733.98,1.09,4.51,3528.45,SuperMiniCar,City_2
3/31/2012,2012,Mar,0,96.87,1.02,41585.0,10000.0,36.28,17508.04,2.3,3.76,3171.09,ExecutiveCar,City_3
3/31/2012,2012,Mar,0,96.87,1.02,32170.12,10000.0,36.28,17508.04,3.6,3.76,3774.07,MediumFamilyCar,City_3
3/31/2012,2012,Mar,0,96.87,1.02,22484.28,10000.0,36.28,17508.04,2.33,3.76,4124.59,SmallFamilyCar,City_3
3/31/2012,2012,Mar,0,96.87,1.02,36864.03,137548143.14,36.28,17508.04,0.72,3.76,3330.86,Sports,City_3
3/31/2012,2012,Mar,0,96.87,1.02,19099.77,10000.0,36.28,17508.04,1.47,3.76,3873.21,SuperMiniCar,City_3
4/30/2012,2012,Apr,0,102.91,1.08,40307.74,10000.0,36.8,17111.09,2.85,4.3,3344.51,ExecutiveCar,City_4
4/30/2012,2012,Apr,0,102.91,1.08,32663.18,10000.0,36.8,17111.09,3.07,4.3,4118.87,MediumFamilyCar,City_4
4/30/2012,2012,Apr,0,102.91,1.08,22501.56,134773594.77,36.8,17111.09,2.43,4.3,4415.77,SmallFamilyCar,City_4
4/30/2012,2012,Apr,0,102.91,1.08,37977.6,10000.0,36.8,17111.09,2.35,4.3,3629.05,Sports,City_4
4/30/2012,2012,Apr,0,102.91,1.08,17928.04,24044417.1,36.8,17111.09,1.7,4.3,3957.02,SuperMiniCar,City_4
5/31/2012,2012,May,0,109.3,1.15,41158.92,188390445.53,36.77,16664.92,0.1,4.22,3729.85,ExecutiveCar,City_5
5/31/2012,2012,May,0,109.3,1.15,30324.79,10000.0,36.77,16664.92,1.99,4.22,4519.27,MediumFamilyCar,City_5
5/31/2012,2012,May,0,109.3,1.15,24597.94,246994252.45,36.77,16664.92,2.86,4.22,4981.28,SmallFamilyCar,City_5
5/31/2012,2012,May,0,109.3,1.15,38069.41,10000.0,36.77,16664.92,1.68,4.22,3802.35,Sports,City_5
5/31/2012,2012,May,0,109.3,1.15,18595.11,278127792.89,36.77,16664.92,0.56,4.22,4325.58,SuperMiniCar,City_5
6/30/2012,2012,Jun,0,104.16,1.05,41747.39,10000.0,37.01,16938.75,1.84,3.99,3314.46,ExecutiveCar,City_6
6/30/2012,2012,Jun,0,104.16,1.05,31700.36,10000.0,37.01,16938.75,2.51,3.99,3976.01,MediumFamilyCar,City_6
6/30/2012,2012,Jun,0,104.16,1.05,22766.97,555635142.8,37.01,16938.75,2.92,3.99,4294.34,SmallFamilyCar,City_6
6/30/2012,2012,Jun,0,104.16,1.05,38060.69,10000.0,37.01,16938.75,2.06,3.99,3564.28,Sports,City_6
6/30/2012,2012,Jun,0,104.16,1.05,17974.56,124006126.84,37.01,16938.75,1.99,3.99,3870.29,SuperMiniCar,City_6
7/31/2012,2012,Jul,0,119.32,1.0,40336.05,224953868.58,35.07,16831.13,3.84,4.1,3156.92,ExecutiveCar,City_7
7/31/2012,2012,Jul,0,119.32,1.0,32847.16,246074260.27,35.07,16831.13,2.31,4.1,3877.0,MediumFamilyCar,City_7
7/31/2012,2012,Jul,0,119.32,1.0,23400.7,306728056.51,35.07,16831.13,2.9,4.1,4211.19,SmallFamilyCar,City_7
7/31/2012,2012,Jul,0,119.32,1.0,37804.63,516363294.43,35.07,16831.13,2.75,4.1,3465.65,Sports,City_7
7/31/2012,2012,Jul,0,119.32,1.0,19403.91,87550837.2,35.07,16831.13,2.61,4.1,3906.69,SuperMiniCar,City_7
8/31/2012,2012,Aug,0,107.19,0.97,41562.39,10000.0,35.01,17144.35,5.18,4.55,3206.8,ExecutiveCar,City_8
8/31/2012,2012,Aug,0,107.19,0.97,32590.81,10000.0,35.01,17144.35,2.63,4.55,3580.14,MediumFamilyCar,City_8
8/31/2012,2012,Aug,0,107.19,0.97,22486.1,10000.0,35.01,17144.35,2.48,4.55,4248.45,SmallFamilyCar,City_8
8/31/2012,2012,Aug,0,107.19,0.97,38651.25,10000.0,35.01,17144.35,3.15,4.55,3256.54,Sports,City_8
8/31/2012,2012,Aug,0,107.19,0.97,17526.53,10000.0,35.01,17144.35,0.93,4.55,3488.84,SuperMiniCar,City_8
9/30/2012,2012,Sep,0,101.33,1.02,40401.29,604157986.68,37.23,17299.57,1.5,3.76,3252.37,ExecutiveCar,City_1
9/30/2012,2012,Sep,0,101.33,1.02,31656.65,235700795.43,37.23,17299.57,2.96,3.76,3869.8,MediumFamilyCar,City_1
9/30/2012,2012,Sep,0,101.33,1.02,22995.34,10000.0,37.23,17299.57,3.25,3.76,4100.08,SmallFamilyCar,City_1
9/30/2012,2012,Sep,0,101.33,1.02,39558.49,10000.0,37.23,17299.57,2.49,3.76,3371.2,Sports,City_1
9/30/2012,2012,Sep,0,101.33,1.02,17933.47,10000.0,37.23,17299.57,1.53,3.76,3662.17,SuperMiniCar,City_1
10/31/2012,2012,Oct,0,109.13,1.1,41301.62,294105138.38,34.83,16816.44,2.71,3.96,3534.38,ExecutiveCar,City_2
10/31/2012,2012,Oct,0,109.13,1.1,30677.56,10000.0,34.83,16816.44,1.22,3.96,4244.78,MediumFamilyCar,City_2
10/31/2012,2012,Oct,0,109.13,1.1,23680.45,10000.0,34.83,16816.44,1.94,3.96,4695.88,SmallFamilyCar,City_2
10/31/2012,2012,Oct,0,109.13,1.1,37235.31,120050199.93,34.83,16816.44,2.21,3.96,3731.37,Sports,City_2
10/31/2012,2012,Oct,0,109.13,1.1,19972.29,418891689.23,34.83,16816.44,3.17,3.96,4324.97,SuperMiniCar,City_2
11/30/2012,2012,Nov,0,104.43,1.08,41825.89,37751524.87,39.66,16814.34,4.24,4.51,3549.67,ExecutiveCar,City_3
11/30/2012,2012,Nov,0,104.43,1.08,33294.63,10000.0,39.66,16814.34,1.09,4.51,3991.07,MediumFamilyCar,City_3
11/30/2012,2012,Nov,0,104.43,1.08,21935.35,228534224.83,39.66,16814.34,1.46,4.51,4363.83,SmallFamilyCar,City_3
11/30/2012,2012,Nov,0,104.43,1.08,38851.37,10000.0,39.66,16814.34,2.23,4.51,3712.09,Sports,City_3
11/30/2012,2012,Nov,0,104.43,1.08,18661.31,823277201.36,39.66,16814.34,3.28,4.51,3880.26,SuperMiniCar,City_3
12/31/2012,2012,Dec,0,105.81,1.18,42040.05,10000.0,36.66,16853.82,1.54,4.09,3815.06,ExecutiveCar,City_4
12/31/2012,2012,Dec,0,105.81,1.18,30889.09,241907122.79,36.66,16853.82,2.49,4.09,4566.33,MediumFamilyCar,City_4
12/31/2012,2012,Dec,0,105.81,1.18,23343.6,10000.0,36.66,16853.82,3.19,4.09,4695.66,SmallFamilyCar,City_4
12/31/2012,2012,Dec,0,105.81,1.18,39424.87,279261159.88,36.66,16853.82,1.44,4.09,4034.13,Sports,City_4
12/31/2012,2012,Dec,0,105.81,1.18,18367.92,10000.0,36.66,16853.82,4.33,4.09,4203.93,SuperMiniCar,City_4
1/31/2013,2013,Jan,0,104.72,0.9,42739.23,92722910.55,36.24,16977.42,1.44,4.63,2933.29,ExecutiveCar,City_5
1/31/2013,2013,Jan,0,104.72,0.9,31771.75,10000.0,36.24,16977.42,-0.33,4.63,3605.69,MediumFamilyCar,City_5
1/31/2013,2013,Jan,0,104.72,0.9,23469.81,35183497.45,36.24,16977.42,2.1,4.63,3769.4,SmallFamilyCar,City_5
1/31/2013,2013,Jan,0,104.72,0.9,37865.34,121221643.18,36.24,16977.42,3.14,4.63,3036.3,Sports,City_5
1/31/2013,2013,Jan,0,104.72,0.9,19839.65,10000.0,36.24,16977.42,2.0,4.63,3326.57,SuperMiniCar,City_5
2/28/2013,2013,Feb,0,107.05,0.95,40239.05,10000.0,33.52,17029.6,4.11,3.82,3028.47,ExecutiveCar,City_6
2/28/2013,2013,Feb,0,107.05,0.95,32520.87,783007997.28,33.52,17029.6,2.9,3.82,3663.42,MediumFamilyCar,City_6
2/28/2013,2013,Feb,0,107.05,0.95,22886.95,377358.42,33.52,17029.6,1.87,3.82,3876.07,SmallFamilyCar,City_6
2/28/2013,2013,Feb,0,107.05,0.95,38949.2,268440961.83,33.52,17029.6,0.85,3.82,3237.62,Sports,City_6
2/28/2013,2013,Feb,0,107.05,0.95,18709.3,192394968.18,33.52,17029.6,3.64,3.82,3487.13,SuperMiniCar,City_6
3/31/2013,2013,Mar,0,104.13,1.02,41741.23,10000.0,37.78,17655.49,-0.12,4.14,3267.29,ExecutiveCar,City_7
3/31/2013,2013,Mar,0,104.13,1.02,31860.11,423215908.98,37.78,17655.49,2.51,4.14,3928.39,MediumFamilyCar,City_7
3/31/2013,2013,Mar,0,104.13,1.02,23182.52,10000.0,37.78,17655.49,1.29,4.14,4089.77,SmallFamilyCar,City_7
3/31/2013,2013,Mar,0,104.13,1.02,37963.13,241338560.4,37.78,17655.49,0.53,4.14,3567.85,Sports,City_7
3/31/2013,2013,Mar,0,104.13,1.02,18700.09,306887882.81,37.78,17655.49,3.17,4.14,3776.73,SuperMiniCar,City_7
4/30/2013,2013,Apr,0,104.34,1.08,40989.3,223804397.6,39.27,17140.56,1.0,4.84,3418.16,ExecutiveCar,City_8
4/30/2013,2013,Apr,0,104.34,1.08,32087.05,356862007.26,39.27,17140.56,2.44,4.84,4188.85,MediumFamilyCar,City_8
4/30/2013,2013,Apr,0,104.34,1.08,23796.41,10000.0,39.27,17140.56,1.79,4.84,4448.31,SmallFamilyCar,City_8
4/30/2013,2013,Apr,0,104.34,1.08,38137.57,10000.0,39.27,17140.56,2.42,4.84,3747.56,Sports,City_8
4/30/2013,2013,Apr,0,104.34,1.08,18726.09,10000.0,39.27,17140.56,0.79,4.84,4162.51,SuperMiniCar,City_8
5/31/2013,2013,May,0,109.76,1.15,42438.98,330839746.65,36.82,16969.41,3.48,4.53,3882.1,ExecutiveCar,City_1
5/31/2013,2013,May,0,109.76,1.15,31870.25,10000.0,36.82,16969.41,3.16,4.53,4605.58,MediumFamilyCar,City_1
5/31/2013,2013,May,0,109.76,1.15,24645.0,449417177.98,36.82,16969.41,4.45,4.53,4863.16,SmallFamilyCar,City_1
5/31/2013,2013,May,0,109.76,1.15,38344.05,10000.0,36.82,16969.41,2.81,4.53,4049.72,Sports,City_1
5/31/2013,2013,May,0,109.76,1.15,19249.71,17631193.55,36.82,16969.41,2.97,4.53,4270.92,SuperMiniCar,City_1
6/30/2013,2013,Jun,0,93.75,1.05,43350.04,217627709.0,36.98,16955.67,4.18,4.63,3465.69,ExecutiveCar,City_2
6/30/2013,2013,Jun,0,93.75,1.05,32008.29,176334206.37,36.98,16955.67,2.5,4.63,3955.47,MediumFamilyCar,City_2
6/30/2013,2013,Jun,0,93.75,1.05,22976.81,10000.0,36.98,16955.67,3.03,4.63,4159.09,SmallFamilyCar,City_2
6/30/2013,2013,Jun,0,93.75,1.05,37872.77,10000.0,36.98,16955.67,3.01,4.63,3528.93,Sports,City_2
6/30/2013,2013,Jun,0,93.75,1.05,18176.09,10000.0,36.98,16955.67,3.45,4.63,3895.97,SuperMiniCar,City_2
7/31/2013,2013,Jul,0,113.28,1.0,42421.05,669279101.83,39.84,16636.22,0.17,4.49,3390.16,ExecutiveCar,City_3
7/31/2013,2013,Jul,0,113.28,1.0,32684.79,10000.0,39.84,16636.22,3.74,4.49,3858.42,MediumFamilyCar,City_3
7/31/2013,2013,Jul,0,113.28,1.0,23494.4,10000.0,39.84,16636.22,1.98,4.49,4190.03,SmallFamilyCar,City_3
7/31/2013,2013,Jul,0,113.28,1.0,38377.93,10000.0,39.84,16636.22,3.45,4.49,3442.83,Sports,City_3
7/31/2013,2013,Jul,0,113.28,1.0,19960.03,10000.0,39.84,16636.22,0.8,4.49,3848.09,SuperMiniCar,City_3
8/31/2013,2013,Aug,0,111.7,0.97,42436.07,10000.0,35.49,16978.95,3.87,5.31,3238.04,ExecutiveCar,City_4
8/31/2013,2013,Aug,0,111.7,0.97,31933.46,8055104.93,35.49,16978.95,3.64,5.31,3742.8,MediumFamilyCar,City_4
8/31/2013,2013,Aug,0,111.7,0.97,22023.42,113386921.81,35.49,16978.95,0.46,5.31,3967.47,SmallFamilyCar,City_4
8/31/2013,2013,Aug,0,111.7,0.97,39110.5,151537935.87,35.49,16978.95,3.54,5.31,3337.4,Sports,City_4
8/31/2013,2013,Aug,0,111.7,0.97,21008.77,10000.0,35.49,16978.95,2.9,5.31,3705.44,SuperMiniCar,City_4
9/30/2013,2013,Sep,0,105.72,1.02,42979.7,176376452.22,40.04,16870.47,2.47,4.63,3283.97,ExecutiveCar,City_5
9/30/2013,2013,Sep,0,105.72,1.02,32215.01,118604610.83,40.04,16870.47,2.29,4.63,3970.91,MediumFamilyCar,City_5
9/30/2013,2013,Sep,0,105.72,1.02,23120.94,10000.0,40.04,16870.47,3.34,4.63,4145.22,SmallFamilyCar,City_5
9/30/2013,2013,Sep,0,105.72,1.02,37986.88,169568629.82,40.04,16870.47,3.34,4.63,3392.55,Sports,City_5
9/30/2013,2013,Sep,0,105.72,1.02,19007.02,147677232.41,40.04,16870.47,2.55,4.63,3633.79,SuperMiniCar,City_5
10/31/2013,2013,Oct,0,96.78,1.1,40447.17,10000.0,38.22,17316.02,3.73,4.01,3492.46,ExecutiveCar,City_6
10/31/2013,2013,Oct,0,96.78,1.1,33874.8,10000.0,38.22,17316.02,2.59,4.01,4045.14,MediumFamilyCar,City_6
10/31/2013,2013,Oct,0,96.78,1.1,23422.29,10000.0,38.22,17316.02,1.01,4.01,4360.16,SmallFamilyCar,City_6
10/31/2013,2013,Oct,0,96.78,1.1,37764.73,10000.0,38.22,17316.02,3.47,4.01,3998.44,Sports,City_6
10/31/2013,2013,Oct,0,96.78,1.1,19981.65,10000.0,38.22,17316.02,2.71,4.01,4213.17,SuperMiniCar,City_6
11/30/2013,2013,Nov,0,98.64,1.08,42210.01,10000.0,34.99,16509.66,4.02,4.62,3481.22,ExecutiveCar,City_7
11/30/2013,2013,Nov,0,98.64,1.08,32521.78,10000.0,34.99,16509.66,4.2,4.62,4161.03,MediumFamilyCar,City_7
11/30/2013,2013,Nov,0,98.64,1.08,24779.03,709204797.75,34.99,16509.66,3.01,4.62,4321.43,SmallFamilyCar,City_7
11/30/2013,2013,Nov,0,98.64,1.08,35694.66,10000.0,34.99,16509.66,3.6,4.62,3762.81,Sports,City_7
11/30/2013,2013,Nov,0,98.64,1.08,18104.72,10000.0,34.99,16509.66,-0.04,4.62,4057.99,SuperMiniCar,City_7
12/31/2013,2013,Dec,0,111.09,1.18,42271.02,10000.0,38.97,17083.25,2.74,3.64,3872.14,ExecutiveCar,City_8
12/31/2013,2013,Dec,0,111.09,1.18,32503.99,10000.0,38.97,17083.25,0.67,3.64,4495.44,MediumFamilyCar,City_8
12/31/2013,2013,Dec,0,111.09,1.18,23220.01,95628854.02,38.97,17083.25,1.85,3.64,4936.46,SmallFamilyCar,City_8
12/31/2013,2013,Dec,0,111.09,1.18,38289.48,61008431.41,38.97,17083.25,2.7,3.64,4302.51,Sports,City_8
12/31/2013,2013,Dec,0,111.09,1.18,19541.31,141990366.29,38.97,17083.25,3.24,3.64,4562.26,SuperMiniCar,City_8
1/31/2014,2014,Jan,0,105.66,0.9,42108.01,173636174.65,36.4,16583.85,1.25,3.67,3021.2,ExecutiveCar,City_1
1/31/2014,2014,Jan,0,105.66,0.9,31115.15,129343297.7,36.4,16583.85,0.62,3.67,3485.47,MediumFamilyCar,City_1
1/31/2014,2014,Jan,0,105.66,0.9,22346.8,10000.0,36.4,16583.85,3.39,3.67,3779.77,SmallFamilyCar,City_1
1/31/2014,2014,Jan,0,105.66,0.9,37061.47,10000.0,36.4,16583.85,1.0,3.67,3143.83,Sports,City_1
1/31/2014,2014,Jan,0,105.66,0.9,19283.13,180581418.63,36.4,16583.85,2.94,3.67,3221.42,SuperMiniCar,City_1
2/28/2014,2014,Feb,0,104.77,0.95,41034.92,10000.0,34.65,17190.66,2.59,4.3,3074.08,ExecutiveCar,City_2
2/28/2014,2014,Feb,0,104.77,0.95,34639.78,10000.0,34.65,17190.66,2.37,4.3,3651.35,MediumFamilyCar,City_2
2/28/2014,2014,Feb,0,104.77,0.95,23211.77,10000.0,34.65,17190.66,3.34,4.3,3800.61,SmallFamilyCar,City_2
2/28/2014,2014,Feb,0,104.77,0.95,38224.94,10000.0,34.65,17190.66,1.1,4.3,3237.17,Sports,City_2
2/28/2014,2014,Feb,0,104.77,0.95,18883.45,23910688.11,34.65,17190.66,3.06,4.3,3491.26,SuperMiniCar,City_2
3/31/2014,2014,Mar,0,98.26,1.02,42689.7,392687875.01,37.88,16981.35,2.31,4.21,3237.74,ExecutiveCar,City_3
3/31/2014,2014,Mar,0,98.26,1.02,32174.64,116601428.57,37.88,16981.35,2.18,4.21,3786.26,MediumFamilyCar,City_3
3/31/2014,2014,Mar,0,98.26,1.02,23972.83,175233922.41,37.88,16981.35,2.15,4.21,4119.7,SmallFamilyCar,City_3
3/31/2014,2014,Mar,0,98.26,1.02,38743.1,10000.0,37.88,16981.35,2.71,4.21,3320.6,Sports,City_3
3/31/2014,2014,Mar,0,98.26,1.02,17677.84,26248364.12,37.88,16981.35,3.01,4.21,3781.91,SuperMiniCar,City_3
4/30/2014,2014,Apr,0,97.1,1.08,41129.34,10000.0,39.35,17199.29,2.73,4.34,3526.91,ExecutiveCar,City_4
4/30/2014,2014,Apr,0,97.1,1.08,31797.63,275853619.69,39.35,17199.29,0.71,4.34,4164.35,MediumFamilyCar,City_4
4/30/2014,2014,Apr,0,97.1,1.08,21870.51,10000.0,39.35,17199.29,4.01,4.34,4306.69,SmallFamilyCar,City_4
4/30/2014,2014,Apr,0,97.1,1.08,38565.67,10000.0,39.35,17199.29,2.28,4.34,3866.93,Sports,City_4
4/30/2014,2014,Apr,0,97.1,1.08,17938.62,10000.0,39.35,17199.29,3.93,4.34,4022.36,SuperMiniCar,City_4
5/31/2014,2014,May,0,106.06,1.15,42153.57,181414602.16,37.37,16778.57,4.46,4.04,3726.9,ExecutiveCar,City_5
5/31/2014,2014,May,0,106.06,1.15,32154.96,510286921.5,37.37,16778.57,1.95,4.04,4438.54,MediumFamilyCar,City_5
5/31/2014,2014,May,0,106.06,1.15,23722.2,378830062.3,37.37,16778.57,2.86,4.04,4656.85,SmallFamilyCar,City_5
5/31/2014,2014,May,0,106.06,1.15,37219.29,10000.0,37.37,16778.57,3.73,4.04,3976.33,Sports,City_5
5/31/2014,2014,May,0,106.06,1.15,18993.2,10000.0,37.37,16778.57,1.8,4.04,4200.44,SuperMiniCar,City_5
6/30/2014,2014,Jun,0,107.95,1.05,42301.91,10000.0,34.85,17101.98,4.34,4.46,3306.41,ExecutiveCar,City_6
6/30/2014,2014,Jun,0,107.95,1.05,33780.55,10000.0,34.85,17101.98,3.07,4.46,4249.31,MediumFamilyCar,City_6
6/30/2014,2014,Jun,0,107.95,1.05,24128.68,10000.0,34.85,17101.98,3.78,4.46,4456.77,SmallFamilyCar,City_6
6/30/2014,2014,Jun,0,107.95,1.05,38480.48,10000.0,34.85,17101.98,3.14,4.46,3645.07,Sports,City_6
6/30/2014,2014,Jun,0,107.95,1.05,19560.82,75855685.34,34.85,17101.98,2.68,4.46,3924.04,SuperMiniCar,City_6
7/31/2014,2014,Jul,0,105.1,1.0,41444.8,10000.0,33.89,17028.57,1.48,4.58,3331.58,ExecutiveCar,City_7
7/31/2014,2014,Jul,0,105.1,1.0,32110.78,10000.0,33.89,17028.57,2.12,4.58,3879.45,MediumFamilyCar,City_7
7/31/2014,2014,Jul,0,105.1,1.0,23160.96,10000.0,33.89,17028.57,3.54,4.58,4251.12,SmallFamilyCar,City_7
7/31/2014,2014,Jul,0,105.1,1.0,39195.4,10000.0,33.89,17028.57,4.23,4.58,3525.6,Sports,City_7
7/31/2014,2014,Jul,0,105.1,1.0,21158.18,10000.0,33.89,17028.57,0.74,4.58,3797.99,SuperMiniCar,City_7
8/31/2014,2014,Aug,0,108.94,0.97,41899.43,155999936.34,38.95,17041.8,2.24,4.2,3200.85,ExecutiveCar,City_8
8/31/2014,2014,Aug,0,108.94,0.97,33017.71,420885520.26,38.95,17041.8,3.58,4.2,3739.85,MediumFamilyCar,City_8
8/31/2014,2014,Aug,0,108.94,0.97,21810.17,10000.0,38.95,17041.8,1.74,4.2,4037.67,SmallFamilyCar,City_8
8/31/2014,2014,Aug,0,108.94,0.97,37841.13,10000.0,38.95,17041.8,1.46,4.2,3365.72,Sports,City_8
8/31/2014,2014,Aug,0,108.94,0.97,20167.15,10000.0,38.95,17041.8,2.5,4.2,3537.88,SuperMiniCar,City_8
9/30/2014,2014,Sep,0,109.58,1.02,43190.47,126867220.09,37.41,17278.63,0.66,4.62,3440.66,ExecutiveCar,City_1
9/30/2014,2014,Sep,0,109.58,1.02,32745.1,10000.0,37.41,17278.63,4.12,4.62,3913.23,MediumFamilyCar,City_1
9/30/2014,2014,Sep,0,109.58,1.02,23590.2,395918559.15,37.41,17278.63,2.32,4.62,4253.21,SmallFamilyCar,City_1
9/30/2014,2014,Sep,0,109.58,1.02,39097.3,10000.0,37.41,17278.63,2.21,4.62,3566.09,Sports,City_1
9/30/2014,2014,Sep,0,109.58,1.02,19241.48,472699179.35,37.41,17278.63,0.92,4.62,3923.89,SuperMiniCar,City_1
10/31/2014,2014,Oct,0,109.9,1.1,42688.17,10000.0,36.41,16617.5,1.79,4.57,3677.55,ExecutiveCar,City_2
10/31/2014,2014,Oct,0,109.9,1.1,32911.27,10000.0,36.41,16617.5,2.3,4.57,4296.05,MediumFamilyCar,City_2
10/31/2014,2014,Oct,0,109.9,1.1,23856.37,10000.0,36.41,16617.5,1.95,4.57,4574.08,SmallFamilyCar,City_2
10/31/2014,2014,Oct,0,109.9,1.1,37946.59,10000.0,36.41,16617.5,0.91,4.57,3949.68,Sports,City_2
10/31/2014,2014,Oct,0,109.9,1.1,19601.86,103388335.4,36.41,16617.5,3.1,4.57,4082.53,SuperMiniCar,City_2
11/30/2014,2014,Nov,0,102.63,1.08,41529.08,10000.0,33.56,17177.75,2.59,5.03,3414.69,ExecutiveCar,City_3
11/30/2014,2014,Nov,0,102.63,1.08,33419.73,168572312.71,33.56,17177.75,4.64,5.03,4250.08,MediumFamilyCar,City_3
11/30/2014,2014,Nov,0,102.63,1.08,22215.98,370736999.74,33.56,17177.75,0.66,5.03,4405.51,SmallFamilyCar,City_3
11/30/2014,2014,Nov,0,102.63,1.08,38794.09,10000.0,33.56,17177.75,2.31,5.03,3627.74,Sports,City_3
11/30/2014,2014,Nov,0,102.63,1.08,19180.36,323371820.57,33.56,17177.75,2.52,5.03,3895.58,SuperMiniCar,City_3
12/31/2014,2014,Dec,0,102.36,1.18,41451.59,10000.0,37.58,16832.44,2.92,3.86,3892.73,ExecutiveCar,City_4
12/31/2014,2014,Dec,0,102.36,1.18,32739.25,10000.0,37.58,16832.44,1.51,3.86,4452.01,MediumFamilyCar,City_4
12/31/2014,2014,Dec,0,102.36,1.18,25408.16,263715998.58,37.58,16832.44,2.64,3.86,4890.45,SmallFamilyCar,City_4
12/31/2014,2014,Dec,0,102.36,1.18,36977.11,10000.0,37.58,16832.44,-0.01,3.86,4097.34,Sports,City_4
12/31/2014,2014,Dec,0,102.36,1.18,20410.91,126647145.6,37.58,16832.44,2.64,3.86,4566.19,SuperMiniCar,City_4
1/31/2015,2015,Jan,0,114.07,0.9,40923.54,413180977.02,37.26,16712.1,2.43,4.22,2964.07,ExecutiveCar,City_5
1/31/2015,2015,Jan,0,114.07,0.9,31630.59,10000.0,37.26,16712.1,2.37,4.22,3380.25,MediumFamilyCar,City_5
1/31/2015,2015,Jan,0,114.07,0.9,23252.43,274533704.76,37.26,16712.1,2.58,4.22,3831.55,SmallFamilyCar,City_5
1/31/2015,2015,Jan,0,114.07,0.9,38309.24,802065590.84,37.26,16712.1,1.94,4.22,3277.46,Sports,City_5
1/31/2015,2015,Jan,0,114.07,0.9,18476.46,10000.0,37.26,16712.1,0.78,4.22,3355.44,SuperMiniCar,City_5
2/28/2015,2015,Feb,0,106.73,0.95,42813.63,689608363.4,34.3,17173.64,1.42,3.63,3112.95,ExecutiveCar,City_6
2/28/2015,2015,Feb,0,106.73,0.95,31790.99,10000.0,34.3,17173.64,1.79,3.63,3687.38,MediumFamilyCar,City_6
2/28/2015,2015,Feb,0,106.73,0.95,23264.56,794413655.52,34.3,17173.64,2.92,3.63,4056.19,SmallFamilyCar,City_6
2/28/2015,2015,Feb,0,106.73,0.95,38301.64,10000.0,34.3,17173.64,3.3,3.63,3218.97,Sports,City_6
2/28/2015,2015,Feb,0,106.73,0.95,18224.74,10000.0,34.3,17173.64,3.18,3.63,3435.48,SuperMiniCar,City_6
3/31/2015,2015,Mar,0,108.38,1.02,41414.4,10000.0,36.83,17408.27,2.94,4.78,3448.63,ExecutiveCar,City_7
3/31/2015,2015,Mar,0,108.38,1.02,32317.75,40235225.97,36.83,17408.27,2.75,4.78,3869.38,MediumFamilyCar,City_7
3/31/2015,2015,Mar,0,108.38,1.02,24320.66,69006039.51,36.83,17408.27,2.06,4.78,4349.9,SmallFamilyCar,City_7
3/31/2015,2015,Mar,0,108.38,1.02,38118.03,10000.0,36.83,17408.27,5.12,4.78,3560.91,Sports,City_7
3/31/2015,2015,Mar,0,108.38,1.02,19657.7,10000.0,36.83,17408.27,3.52,4.78,3863.87,SuperMiniCar,City_7
4/30/2015,2015,Apr,0,106.97,1.08,42556.48,10000.0,39.07,17290.07,3.39,4.57,3686.19,ExecutiveCar,City_8
4/30/2015,2015,Apr,0,106.97,1.08,31795.63,10000.0,39.07,17290.07,0.76,4.57,4105.0,MediumFamilyCar,City_8
4/30/2015,2015,Apr,0,106.97,1.08,22884.67,10000.0,39.07,17290.07,2.29,4.57,4582.26,SmallFamilyCar,City_8
4/30/2015,2015,Apr,0,106.97,1.08,38320.08,10000.0,39.07,17290.07,2.44,4.57,3756.77,Sports,City_8
4/30/2015,2015,Apr,0,106.97,1.08,18678.94,349658331.62,39.07,17290.07,0.4,4.57,4023.32,SuperMiniCar,City_8
5/31/2015,2015,May,0,107.88,1.15,42248.11,320347008.4,34.09,17048.57,2.83,4.14,3763.93,ExecutiveCar,City_1
5/31/2015,2015,May,0,107.88,1.15,31980.02,297111749.52,34.09,17048.57,1.3,4.14,4367.65,MediumFamilyCar,City_1
5/31/2015,2015,May,0,107.88,1.15,23647.7,10000.0,34.09,17048.57,5.2,4.14,4806.94,SmallFamilyCar,City_1
5/31/2015,2015,May,0,107.88,1.15,38954.81,10000.0,34.09,17048.57,3.03,4.14,3972.8,Sports,City_1
5/31/2015,2015,May,0,107.88,1.15,18827.13,10000.0,34.09,17048.57,1.6,4.14,4429.07,SuperMiniCar,City_1
6/30/2015,2015,Jun,0,103.51,1.05,41688.32,10000.0,32.17,16813.9,4.14,4.66,3608.84,ExecutiveCar,City_2
6/30/2015,2015,Jun,0,103.51,1.05,32239.33,10000.0,32.17,16813.9,0.87,4.66,4031.37,MediumFamilyCar,City_2
6/30/2015,2015,Jun,0,103.51,1.05,23945.25,108034619.05,32.17,16813.9,2.02,4.66,4330.88,SmallFamilyCar,City_2
6/30/2015,2015,Jun,0,103.51,1.05,37125.23,121291512.71,32.17,16813.9,2.66,4.66,3624.16,Sports,City_2
6/30/2015,2015,Jun,0,103.51,1.05,19303.48,10000.0,32.17,16813.9,2.45,4.66,4111.59,SuperMiniCar,City_2
7/31/2015,2015,Jul,0,106.12,1.0,42540.33,414022711.41,34.48,17018.05,2.58,4.45,3142.28,ExecutiveCar,City_3
7/31/2015,2015,Jul,0,106.12,1.0,33180.25,89558722.24,34.48,17018.05,1.69,4.45,3953.48,MediumFamilyCar,City_3
7/31/2015,2015,Jul,0,106.12,1.0,24620.66,187260609.72,34.48,17018.05,3.25,4.45,4184.04,SmallFamilyCar,City_3
7/31/2015,2015,Jul,0,106.12,1.0,38433.12,10000.0,34.48,17018.05,2.45,4.45,3427.29,Sports,City_3
7/31/2015,2015,Jul,0,106.12,1.0,17419.76,10005414.46,34.48,17018.05,2.42,4.45,3871.46,SuperMiniCar,City_3
8/31/2015,2015,Aug,0,102.74,0.97,43137.98,172040542.44,36.29,16757.12,2.88,4.54,3351.76,ExecutiveCar,City_4
8/31/2015,2015,Aug,0,102.74,0.97,33969.5,268994868.36,36.29,16757.12,1.75,4.54,3717.69,MediumFamilyCar,City_4
8/31/2015,2015,Aug,0,102.74,0.97,24108.47,10000.0,36.29,16757.12,1.07,4.54,3878.94,SmallFamilyCar,City_4
8/31/2015,2015,Aug,0,102.74,0.97,38379.78,139855588.28,36.29,16757.12,2.94,4.54,3384.0,Sports,City_4
8/31/2015,2015,Aug,0,102.74,0.97,19803.78,10000.0,36.29,16757.12,2.07,4.54,3564.11,SuperMiniCar,City_4
9/30/2015,2015,Sep,0,104.74,1.02,41739.02,10000.0,39.74,16966.93,3.54,4.7,3519.85,ExecutiveCar,City_5
9/30/2015,2015,Sep,0,104.74,1.02,31677.05,10000.0,39.74,16966.93,2.09,4.7,3905.72,MediumFamilyCar,City_5
9/30/2015,2015,Sep,0,104.74,1.02,23782.93,453406521.06,39.74,16966.93,2.99,4.7,4355.34,SmallFamilyCar,City_5
9/30/2015,2015,Sep,0,104.74,1.02,38282.71,148004861.89,39.74,16966.93,3.32,4.7,3497.38,Sports,City_5
9/30/2015,2015,Sep,0,104.74,1.02,19088.27,56760779.08,39.74,16966.93,3.08,4.7,3915.35,SuperMiniCar,City_5
10/31/2015,2015,Oct,0,102.37,1.1,43337.18,10000.0,36.52,17004.01,1.9,3.9,3673.37,ExecutiveCar,City_6
10/31/2015,2015,Oct,0,102.37,1.1,33005.77,10000.0,36.52,17004.01,2.07,3.9,4209.88,MediumFamilyCar,City_6
10/31/2015,2015,Oct,0,102.37,1.1,24041.73,10000.0,36.52,17004.01,1.85,3.9,4426.44,SmallFamilyCar,City_6
10/31/2015,2015,Oct,0,102.37,1.1,39496.6,10000.0,36.52,17004.01,1.66,3.9,3775.83,Sports,City_6
10/31/2015,2015,Oct,0,102.37,1.1,19358.12,216594859.08,36.52,17004.01,2.9,3.9,4236.16,SuperMiniCar,City_6
11/30/2015,2015,Nov,0,109.74,1.08,41381.62,390621264.69,39.32,17091.17,2.14,4.18,3694.71,ExecutiveCar,City_7
11/30/2015,2015,Nov,0,109.74,1.08,32234.54,278702846.07,39.32,17091.17,3.04,4.18,4150.1,MediumFamilyCar,City_7
11/30/2015,2015,Nov,0,109.74,1.08,24325.13,49536307.24,39.32,17091.17,1.93,4.18,4512.63,SmallFamilyCar,City_7
11/30/2015,2015,Nov,0,109.74,1.08,38923.19,10000.0,39.32,17091.17,1.12,4.18,3713.48,Sports,City_7
11/30/2015,2015,Nov,0,109.74,1.08,18913.28,514693923.04,39.32,17091.17,1.1,4.18,4176.29,SuperMiniCar,City_7
12/31/2015,2015,Dec,0,101.61,1.18,42444.7,10000.0,36.03,17054.82,0.67,4.06,4032.49,ExecutiveCar,City_8
12/31/2015,2015,Dec,0,101.61,1.18,31940.83,10000.0,36.03,17054.82,2.28,4.06,4378.7,MediumFamilyCar,City_8
12/31/2015,2015,Dec,0,101.61,1.18,23581.65,363057650.28,36.03,17054.82,4.12,4.06,4665.34,SmallFamilyCar,City_8
12/31/2015,2015,Dec,0,101.61,1.18,37953.89,10000.0,36.03,17054.82,2.65,4.06,3887.7,Sports,City_8
12/31/2015,2015,Dec,0,101.61,1.18,20643.31,14204094.39,36.03,17054.82,2.38,4.06,4290.76,SuperMiniCar,City_8
1/31/2016,2016,Jan,0,107.8,0.9,42079.71,656873769.24,35.7,17558.18,3.13,4.29,2860.3,ExecutiveCar,City_1
1/31/2016,2016,Jan,0,107.8,0.9,31770.9,306626365.18,35.7,17558.18,1.14,4.29,3541.23,MediumFamilyCar,City_1
1/31/2016,2016,Jan,0,107.8,0.9,23340.89,692729083.88,35.7,17558.18,4.4,4.29,3628.6,SmallFamilyCar,City_1
1/31/2016,2016,Jan,0,107.8,0.9,38272.64,10000.0,35.7,17558.18,2.58,4.29,3105.02,Sports,City_1
1/31/2016,2016,Jan,0,107.8,0.9,20037.65,295499222.34,35.7,17558.18,2.3,4.29,3425.61,SuperMiniCar,City_1
2/29/2016,2016,Feb,0,108.42,0.95,42870.8,20787254.2,36.19,17299.01,3.29,4.05,3207.81,ExecutiveCar,City_2
2/29/2016,2016,Feb,0,108.42,0.95,31700.07,10000.0,36.19,17299.01,1.06,4.05,3570.09,MediumFamilyCar,City_2
2/29/2016,2016,Feb,0,108.42,0.95,23488.3,464239808.51,36.19,17299.01,2.64,4.05,3958.18,SmallFamilyCar,City_2
2/29/2016,2016,Feb,0,108.42,0.95,39053.34,10000.0,36.19,17299.01,2.63,4.05,3428.49,Sports,City_2
2/29/2016,2016,Feb,0,108.42,0.95,20360.72,10000.0,36.19,17299.01,0.85,4.05,3677.55,SuperMiniCar,City_2
3/31/2016,2016,Mar,0,95.48,1.02,42059.47,10000.0,40.79,16730.55,3.53,4.19,3365.79,ExecutiveCar,City_3
3/31/2016,2016,Mar,0,95.48,1.02,31737.42,10000.0,40.79,16730.55,2.61,4.19,3783.82,MediumFamilyCar,City_3
3/31/2016,2016,Mar,0,95.48,1.02,24742.14,370438871.83,40.79,16730.55,2.5,4.19,4238.87,SmallFamilyCar,City_3
3/31/2016,2016,Mar,0,95.48,1.02,38275.2,10000.0,40.79,16730.55,1.83,4.19,3580.19,Sports,City_3
3/31/2016,2016,Mar,0,95.48,1.02,18900.41,10000.0,40.79,16730.55,2.04,4.19,3696.92,SuperMiniCar,City_3
4/30/2016,2016,Apr,0,98.24,1.08,43180.59,10000.0,34.62,17315.0,1.78,4.9,3435.38,ExecutiveCar,City_4
4/30/2016,2016,Apr,0,98.24,1.08,33317.11,10000.0,34.62,17315.0,1.68,4.9,4194.54,MediumFamilyCar,City_4
4/30/2016,2016,Apr,0,98.24,1.08,23601.39,10000.0,34.62,17315.0,1.99,4.9,4460.07,SmallFamilyCar,City_4
4/30/2016,2016,Apr,0,98.24,1.08,39011.9,273810294.38,34.62,17315.0,3.84,4.9,3783.2,Sports,City_4
4/30/2016,2016,Apr,0,98.24,1.08,19000.82,337540018.86,34.62,17315.0,2.97,4.9,4046.88,SuperMiniCar,City_4
5/31/2016,2016,May,0,109.14,1.15,42360.97,88489354.35,37.78,17810.84,3.02,4.41,3819.67,ExecutiveCar,City_5
5/31/2016,2016,May,0,109.14,1.15,32799.08,10000.0,37.78,17810.84,2.17,4.41,4610.52,MediumFamilyCar,City_5
5/31/2016,2016,May,0,109.14,1.15,25116.97,10000.0,37.78,17810.84,3.47,4.41,4711.06,SmallFamilyCar,City_5
5/31/2016,2016,May,0,109.14,1.15,39054.99,10000.0,37.78,17810.84,1.71,4.41,4056.89,Sports,City_5
5/31/2016,2016,May,0,109.14,1.15,20788.77,37098474.96,37.78,17810.84,3.63,4.41,4274.49,SuperMiniCar,City_5
6/30/2016,2016,Jun,0,107.91,1.05,42419.62,176554955.65,37.29,17506.23,2.0,4.16,3382.06,ExecutiveCar,City_6
6/30/2016,2016,Jun,0,107.91,1.05,32413.31,710325262.97,37.29,17506.23,0.67,4.16,4073.76,MediumFamilyCar,City_6
6/30/2016,2016,Jun,0,107.91,1.05,23585.33,10000.0,37.29,17506.23,2.22,4.16,4458.59,SmallFamilyCar,City_6
6/30/2016,2016,Jun,0,107.91,1.05,39391.62,49269148.25,37.29,17506.23,3.59,4.16,3739.18,Sports,City_6
6/30/2016,2016,Jun,0,107.91,1.05,20059.1,10000.0,37.29,17506.23,2.99,4.16,4102.64,SuperMiniCar,City_6
7/31/2016,2016,Jul,0,98.94,1.0,42806.43,10000.0,33.15,17284.8,3.55,4.01,3276.17,ExecutiveCar,City_7
7/31/2016,2016,Jul,0,98.94,1.0,33631.56,124765813.49,33.15,17284.8,1.43,4.01,3857.6,MediumFamilyCar,City_7
7/31/2016,2016,Jul,0,98.94,1.0,24324.09,10000.0,33.15,17284.8,1.06,4.01,4173.48,SmallFamilyCar,City_7
7/31/2016,2016,Jul,0,98.94,1.0,38011.32,296321248.27,33.15,17284.8,2.09,4.01,3451.15,Sports,City_7
7/31/2016,2016,Jul,0,98.94,1.0,17706.67,43853665.6,33.15,17284.8,3.93,4.01,3892.26,SuperMiniCar,City_7
8/31/2016,2016,Aug,0,104.19,0.97,41531.66,10000.0,35.83,16937.42,3.02,4.24,3224.26,ExecutiveCar,City_8
8/31/2016,2016,Aug,0,104.19,0.97,31751.84,346629293.74,35.83,16937.42,3.23,4.24,3742.17,MediumFamilyCar,City_8
8/31/2016,2016,Aug,0,104.19,0.97,22752.71,10000.0,35.83,16937.42,3.05,4.24,3944.48,SmallFamilyCar,City_8
8/31/2016,2016,Aug,0,104.19,0.97,39444.07,10000.0,35.83,16937.42,1.58,4.24,3395.67,Sports,City_8
8/31/2016,2016,Aug,0,104.19,0.97,18963.24,60637838.56,35.83,16937.42,0.95,4.24,3737.57,SuperMiniCar,City_8
9/30/2016,2016,Sep,0,102.78,1.02,42120.49,10000.0,38.83,17017.55,4.24,4.65,3128.4,ExecutiveCar,City_1
9/30/2016,2016,Sep,0,102.78,1.02,33088.79,355625737.77,38.83,17017.55,1.78,4.65,3826.47,MediumFamilyCar,City_1
9/30/2016,2016,Sep,0,102.78,1.02,23901.3,10000.0,38.83,17017.55,2.04,4.65,4195.89,SmallFamilyCar,City_1
9/30/2016,2016,Sep,0,102.78,1.02,39230.12,10000.0,38.83,17017.55,2.61,4.65,3647.38,Sports,City_1
9/30/2016,2016,Sep,0,102.78,1.02,20023.93,10000.0,38.83,17017.55,4.03,4.65,3875.18,SuperMiniCar,City_1
10/31/2016,2016,Oct,0,102.21,1.1,42616.61,10000.0,35.16,17489.09,2.99,4.54,3579.54,ExecutiveCar,City_2
10/31/2016,2016,Oct,0,102.21,1.1,33013.18,10000.0,35.16,17489.09,1.71,4.54,4366.31,MediumFamilyCar,City_2
10/31/2016,2016,Oct,0,102.21,1.1,23665.36,157143658.36,35.16,17489.09,3.1,4.54,4589.21,SmallFamilyCar,City_2
10/31/2016,2016,Oct,0,102.21,1.1,37906.3,58677957.57,35.16,17489.09,2.14,4.54,3904.33,Sports,City_2
10/31/2016,2016,Oct,0,102.21,1.1,20097.53,315745589.03,35.16,17489.09,3.9,4.54,4107.95,SuperMiniCar,City_2
11/30/2016,2016,Nov,0,104.86,1.08,42310.48,152047974.08,33.73,17266.4,3.18,4.26,3695.75,ExecutiveCar,City_3
11/30/2016,2016,Nov,0,104.86,1.08,31813.32,520460824.85,33.73,17266.4,2.79,4.26,4076.22,MediumFamilyCar,City_3
11/30/2016,2016,Nov,0,104.86,1.08,23686.92,385062354.79,33.73,17266.4,3.43,4.26,4452.39,SmallFamilyCar,City_3
11/30/2016,2016,Nov,0,104.86,1.08,40119.43,255429979.79,33.73,17266.4,2.35,4.26,3617.01,Sports,City_3
11/30/2016,2016,Nov,0,104.86,1.08,20249.21,154654126.52,33.73,17266.4,1.04,4.26,3956.1,SuperMiniCar,City_3
12/31/2016,2016,Dec,0,106.07,1.18,43985.68,254710462.88,35.72,17101.98,3.91,5.39,3790.62,ExecutiveCar,City_4
12/31/2016,2016,Dec,0,106.07,1.18,33555.22,10000.0,35.72,17101.98,2.66,5.39,4591.84,MediumFamilyCar,City_4
12/31/2016,2016,Dec,0,106.07,1.18,24893.96,113134686.67,35.72,17101.98,1.87,5.39,4936.44,SmallFamilyCar,City_4
12/31/2016,2016,Dec,0,106.07,1.18,37470.87,10000.0,35.72,17101.98,3.33,5.39,4097.06,Sports,City_4
12/31/2016,2016,Dec,0,106.07,1.18,19196.87,269634502.05,35.72,17101.98,3.9,5.39,4396.29,SuperMiniCar,City_4
1/31/2017,2017,Jan,0,108.26,0.9,41777.6,288215541.41,38.0,17353.62,0.05,4.97,3016.49,ExecutiveCar,City_5
1/31/2017,2017,Jan,0,108.26,0.9,32752.34,10000.0,38.0,17353.62,2.05,4.97,3463.16,MediumFamilyCar,City_5
1/31/2017,2017,Jan,0,108.26,0.9,24804.22,10000.0,38.0,17353.62,2.03,4.97,3956.19,SmallFamilyCar,City_5
1/31/2017,2017,Jan,0,108.26,0.9,39593.0,10000.0,38.0,17353.62,0.53,4.97,3029.89,Sports,City_5
1/31/2017,2017,Jan,0,108.26,0.9,19865.68,313597325.38,38.0,17353.62,2.43,4.97,3423.38,SuperMiniCar,City_5
2/28/2017,2017,Feb,0,106.03,0.95,43357.93,10000.0,38.84,17126.83,2.04,5.0,3094.51,ExecutiveCar,City_6
2/28/2017,2017,Feb,0,106.03,0.95,32250.02,422189724.23,38.84,17126.83,1.89,5.0,3582.87,MediumFamilyCar,City_6
2/28/2017,2017,Feb,0,106.03,0.95,25134.81,10000.0,38.84,17126.83,3.49,5.0,4041.84,SmallFamilyCar,City_6
2/28/2017,2017,Feb,0,106.03,0.95,39122.15,199085539.08,38.84,17126.83,4.34,5.0,3361.79,Sports,City_6
2/28/2017,2017,Feb,0,106.03,0.95,18747.14,10000.0,38.84,17126.83,3.49,5.0,3526.74,SuperMiniCar,City_6
3/31/2017,2017,Mar,0,96.39,1.02,42752.62,54474601.56,36.05,17502.34,1.98,4.11,3379.99,ExecutiveCar,City_7
3/31/2017,2017,Mar,0,96.39,1.02,33008.55,198080484.53,36.05,17502.34,2.66,4.11,4008.13,MediumFamilyCar,City_7
3/31/2017,2017,Mar,0,96.39,1.02,24287.86,10000.0,36.05,17502.34,2.87,4.11,4253.53,SmallFamilyCar,City_7
3/31/2017,2017,Mar,0,96.39,1.02,39953.11,110458213.55,36.05,17502.34,1.53,4.11,3578.29,Sports,City_7
3/31/2017,2017,Mar,0,96.39,1.02,19166.38,61799497.34,36.05,17502.34,2.38,4.11,3717.95,SuperMiniCar,City_7
4/30/2017,2017,Apr,0,96.56,1.08,44662.18,541587040.81,31.16,16939.07,1.52,3.9,3516.04,ExecutiveCar,City_8
4/30/2017,2017,Apr,0,96.56,1.08,31562.34,10000.0,31.16,16939.07,1.3,3.9,4161.85,MediumFamilyCar,City_8
4/30/2017,2017,Apr,0,96.56,1.08,23775.03,90009538.86,31.16,16939.07,3.16,3.9,4435.71,SmallFamilyCar,City_8
4/30/2017,2017,Apr,0,96.56,1.08,39057.96,10000.0,31.16,16939.07,1.16,3.9,3682.27,Sports,City_8
4/30/2017,2017,Apr,0,96.56,1.08,20033.9,10000.0,31.16,16939.07,0.63,3.9,3881.4,SuperMiniCar,City_8
5/31/2017,2017,May,0,113.47,1.15,43677.17,10000.0,36.24,17204.23,2.58,3.86,3950.08,ExecutiveCar,City_1
5/31/2017,2017,May,0,113.47,1.15,32826.44,122019619.59,36.24,17204.23,1.17,3.86,4619.56,MediumFamilyCar,City_1
5/31/2017,2017,May,0,113.47,1.15,23532.07,124413891.46,36.24,17204.23,3.42,3.86,4960.43,SmallFamilyCar,City_1
5/31/2017,2017,May,0,113.47,1.15,39307.98,170397688.7,36.24,17204.23,3.19,3.86,4153.37,Sports,City_1
5/31/2017,2017,May,0,113.47,1.15,19487.26,53499760.28,36.24,17204.23,3.43,3.86,4572.72,SuperMiniCar,City_1
6/30/2017,2017,Jun,0,108.22,1.05,43206.43,431399103.78,36.99,17097.4,0.87,3.83,3397.2,ExecutiveCar,City_2
6/30/2017,2017,Jun,0,108.22,1.05,30704.35,10000.0,36.99,17097.4,4.34,3.83,4225.16,MediumFamilyCar,City_2
6/30/2017,2017,Jun,0,108.22,1.05,23992.95,271419941.18,36.99,17097.4,0.78,3.83,4404.91,SmallFamilyCar,City_2
6/30/2017,2017,Jun,0,108.22,1.05,39080.37,493977083.59,36.99,17097.4,1.26,3.83,3703.6,Sports,City_2
6/30/2017,2017,Jun,0,108.22,1.05,18771.82,10000.0,36.99,17097.4,3.63,3.83,3968.57,SuperMiniCar,City_2
7/31/2017,2017,Jul,0,103.67,1.0,41794.44,10000.0,36.27,17226.66,2.14,4.11,3265.43,ExecutiveCar,City_3
7/31/2017,2017,Jul,0,103.67,1.0,32858.04,81107333.25,36.27,17226.66,1.94,4.11,3819.23,MediumFamilyCar,City_3
7/31/2017,2017,Jul,0,103.67,1.0,25647.9,754160572.79,36.27,17226.66,1.45,4.11,4167.92,SmallFamilyCar,City_3
7/31/2017,2017,Jul,0,103.67,1.0,38181.48,280429399.19,36.27,17226.66,2.1,4.11,3397.81,Sports,City_3
7/31/2017,2017,Jul,0,103.67,1.0,21112.07,10000.0,36.27,17226.66,3.21,4.11,3797.84,SuperMiniCar,City_3
8/31/2017,2017,Aug,0,110.77,0.97,42336.04,10000.0,35.7,17350.11,1.41,4.09,3383.65,ExecutiveCar,City_4
8/31/2017,2017,Aug,0,110.77,0.97,32392.59,10000.0,35.7,17350.11,2.27,4.09,3739.84,MediumFamilyCar,City_4
8/31/2017,2017,Aug,0,110.77,0.97,24553.01,150557912.04,35.7,17350.11,1.79,4.09,4065.04,SmallFamilyCar,City_4
8/31/2017,2017,Aug,0,110.77,0.97,38841.31,394168907.5,35.7,17350.11,1.68,4.09,3384.18,Sports,City_4
8/31/2017,2017,Aug,0,110.77,0.97,18611.63,10000.0,35.7,17350.11,2.81,4.09,3645.01,SuperMiniCar,City_4
9/30/2017,2017,Sep,0,110.69,1.02,42597.58,10000.0,42.19,17270.73,3.2,4.75,3405.73,ExecutiveCar,City_5
9/30/2017,2017,Sep,0,110.69,1.02,33255.01,10000.0,42.19,17270.73,2.85,4.75,4022.74,MediumFamilyCar,City_5
9/30/2017,2017,Sep,0,110.69,1.02,24032.23,10000.0,42.19,17270.73,3.69,4.75,4330.34,SmallFamilyCar,City_5
9/30/2017,2017,Sep,0,110.69,1.02,38140.72,191164689.17,42.19,17270.73,-0.38,4.75,3787.15,Sports,City_5
9/30/2017,2017,Sep,0,110.69,1.02,18018.38,10000.0,42.19,17270.73,1.19,4.75,3955.25,SuperMiniCar,City_5
10/31/2017,2017,Oct,0,97.64,1.1,44070.84,130238952.12,36.68,17166.1,1.32,4.59,3540.55,ExecutiveCar,City_6
10/31/2017,2017,Oct,0,97.64,1.1,33978.88,241249971.88,36.68,17166.1,1.58,4.59,4174.25,MediumFamilyCar,City_6
10/31/2017,2017,Oct,0,97.64,1.1,23732.91,10000.0,36.68,17166.1,0.79,4.59,4508.51,SmallFamilyCar,City_6
10/31/2017,2017,Oct,0,97.64,1.1,40140.36,10000.0,36.68,17166.1,2.4,4.59,3713.86,Sports,City_6
10/31/2017,2017,Oct,0,97.64,1.1,21289.01,3026359.55,36.68,17166.1,3.59,4.59,4106.44,SuperMiniCar,City_6
11/30/2017,2017,Nov,0,106.06,1.08,43516.44,10000.0,35.85,17070.45,2.5,4.21,3570.96,ExecutiveCar,City_7
11/30/2017,2017,Nov,0,106.06,1.08,32074.43,369858135.05,35.85,17070.45,2.57,4.21,4287.53,MediumFamilyCar,City_7
11/30/2017,2017,Nov,0,106.06,1.08,22314.48,10000.0,35.85,17070.45,2.87,4.21,4519.45,SmallFamilyCar,City_7
11/30/2017,2017,Nov,0,106.06,1.08,39483.31,298771257.63,35.85,17070.45,1.29,4.21,3945.09,Sports,City_7
11/30/2017,2017,Nov,0,106.06,1.08,20491.1,10000.0,35.85,17070.45,3.47,4.21,4082.17,SuperMiniCar,City_7
12/31/2017,2017,Dec,0,104.52,1.18,43311.49,102773405.89,35.43,17403.33,2.09,4.4,4075.95,ExecutiveCar,City_8
12/31/2017,2017,Dec,0,104.52,1.18,32865.77,135107027.23,35.43,17403.33,3.23,4.4,4596.37,MediumFamilyCar,City_8
12/31/2017,2017,Dec,0,104.52,1.18,22747.72,30121590.08,35.43,17403.33,0.75,4.4,4861.19,SmallFamilyCar,City_8
12/31/2017,2017,Dec,0,104.52,1.18,38621.65,130519007.91,35.43,17403.33,4.48,4.4,4082.19,Sports,City_8
12/31/2017,2017,Dec,0,104.52,1.18,21333.85,10000.0,35.43,17403.33,2.85,4.4,4270.94,SuperMiniCar,City_8
1/31/2018,2018,Jan,0,106.19,0.9,43103.04,255904283.52,37.48,16926.29,2.26,4.65,2812.58,ExecutiveCar,City_1
1/31/2018,2018,Jan,0,106.19,0.9,33822.32,10000.0,37.48,16926.29,4.1,4.65,3633.9,MediumFamilyCar,City_1
1/31/2018,2018,Jan,0,106.19,0.9,24093.8,35468109.74,37.48,16926.29,2.57,4.65,3789.52,SmallFamilyCar,City_1
1/31/2018,2018,Jan,0,106.19,0.9,39097.59,10000.0,37.48,16926.29,4.13,4.65,2904.48,Sports,City_1
1/31/2018,2018,Jan,0,106.19,0.9,20304.55,10000.0,37.48,16926.29,1.49,4.65,3567.89,SuperMiniCar,City_1
2/28/2018,2018,Feb,0,102.89,0.95,44244.4,501873227.0,32.89,17115.6,3.54,4.98,3235.22,ExecutiveCar,City_2
2/28/2018,2018,Feb,0,102.89,0.95,32958.35,10000.0,32.89,17115.6,2.53,4.98,3801.91,MediumFamilyCar,City_2
2/28/2018,2018,Feb,0,102.89,0.95,23945.78,10000.0,32.89,17115.6,1.54,4.98,4022.02,SmallFamilyCar,City_2
2/28/2018,2018,Feb,0,102.89,0.95,40716.52,498897296.0,32.89,17115.6,2.5,4.98,3207.31,Sports,City_2
2/28/2018,2018,Feb,0,102.89,0.95,18838.31,209996320.85,32.89,17115.6,4.26,4.98,3604.43,SuperMiniCar,City_2
3/31/2018,2018,Mar,0,108.43,1.02,44672.81,10000.0,38.66,16897.69,3.17,4.46,3570.37,ExecutiveCar,City_3
3/31/2018,2018,Mar,0,108.43,1.02,32410.31,91864025.08,38.66,16897.69,3.17,4.46,4021.3,MediumFamilyCar,City_3
3/31/2018,2018,Mar,0,108.43,1.02,23349.06,10000.0,38.66,16897.69,2.04,4.46,4333.41,SmallFamilyCar,City_3
3/31/2018,2018,Mar,0,108.43,1.02,39496.83,111376626.1,38.66,16897.69,3.48,4.46,3513.97,Sports,City_3
3/31/2018,2018,Mar,0,108.43,1.02,19161.02,507847376.36,38.66,16897.69,2.34,4.46,3812.02,SuperMiniCar,City_3
4/30/2018,2018,Apr,0,111.1,1.08,43065.25,10000.0,39.94,17287.53,4.43,4.24,3743.82,ExecutiveCar,City_4
4/30/2018,2018,Apr,0,111.1,1.08,32550.67,482373690.4,39.94,17287.53,1.96,4.24,4357.67,MediumFamilyCar,City_4
4/30/2018,2018,Apr,0,111.1,1.08,25236.63,10000.0,39.94,17287.53,3.08,4.24,4729.46,SmallFamilyCar,City_4
4/30/2018,2018,Apr,0,111.1,1.08,41337.93,10000.0,39.94,17287.53,3.93,4.24,3903.85,Sports,City_4
4/30/2018,2018,Apr,0,111.1,1.08,18629.91,10000.0,39.94,17287.53,2.5,4.24,4150.31,SuperMiniCar,City_4
5/31/2018,2018,May,0,110.31,1.15,42925.22,10000.0,38.08,17015.28,2.72,4.41,3813.21,ExecutiveCar,City_5
5/31/2018,2018,May,0,110.31,1.15,33133.55,10000.0,38.08,17015.28,1.94,4.41,4648.14,MediumFamilyCar,City_5
5/31/2018,2018,May,0,110.31,1.15,24953.3,463265151.86,38.08,17015.28,4.27,4.41,4897.48,SmallFamilyCar,City_5
5/31/2018,2018,May,0,110.31,1.15,39856.65,10000.0,38.08,17015.28,2.93,4.41,4080.5,Sports,City_5
5/31/2018,2018,May,0,110.31,1.15,19572.97,989660107.29,38.08,17015.28,2.8,4.41,4304.95,SuperMiniCar,City_5
6/30/2018,2018,Jun,0,103.67,1.05,43897.45,104617888.2,35.68,17064.05,2.11,4.44,3682.09,ExecutiveCar,City_6
6/30/2018,2018,Jun,0,103.67,1.05,34149.99,103977059.41,35.68,17064.05,-0.58,4.44,4063.69,MediumFamilyCar,City_6
6/30/2018,2018,Jun,0,103.67,1.05,24200.45,122675632.16,35.68,17064.05,3.59,4.44,4628.67,SmallFamilyCar,City_6
6/30/2018,2018,Jun,0,103.67,1.05,39843.53,10000.0,35.68,17064.05,1.27,4.44,3709.78,Sports,City_6
6/30/2018,2018,Jun,0,103.67,1.05,20768.29,10000.0,35.68,17064.05,1.77,4.44,3997.66,SuperMiniCar,City_6
7/31/2018,2018,Jul,0,104.15,1.0,41785.09,10000.0,36.85,17585.25,2.73,4.14,3318.41,ExecutiveCar,City_7
7/31/2018,2018,Jul,0,104.15,1.0,33842.39,623122321.91,36.85,17585.25,4.01,4.14,3929.05,MediumFamilyCar,City_7
7/31/2018,2018,Jul,0,104.15,1.0,23935.01,10000.0,36.85,17585.25,2.52,4.14,4286.37,SmallFamilyCar,City_7
7/31/2018,2018,Jul,0,104.15,1.0,39903.55,165922357.76,36.85,17585.25,2.38,4.14,3555.19,Sports,City_7
7/31/2018,2018,Jul,0,104.15,1.0,20631.7,287590508.79,36.85,17585.25,2.47,4.14,3865.95,SuperMiniCar,City_7
8/31/2018,2018,Aug,0,102.93,0.97,41912.37,10000.0,38.11,17071.54,2.74,4.0,3268.7,ExecutiveCar,City_8
8/31/2018,2018,Aug,0,102.93,0.97,33263.12,10000.0,38.11,17071.54,1.78,4.0,3698.64,MediumFamilyCar,City_8
8/31/2018,2018,Aug,0,102.93,0.97,24367.82,10000.0,38.11,17071.54,2.26,4.0,4071.57,SmallFamilyCar,City_8
8/31/2018,2018,Aug,0,102.93,0.97,38636.33,10000.0,38.11,17071.54,0.96,4.0,3433.19,Sports,City_8
8/31/2018,2018,Aug,0,102.93,0.97,18568.27,10000.0,38.11,17071.54,4.16,4.0,3631.44,SuperMiniCar,City_8
9/30/2018,2018,Sep,0,115.6,1.02,42918.49,129966472.46,38.42,16935.35,4.2,4.2,3431.76,ExecutiveCar,City_1
9/30/2018,2018,Sep,0,115.6,1.02,32309.91,10000.0,38.42,16935.35,2.6,4.2,4024.46,MediumFamilyCar,City_1
9/30/2018,2018,Sep,0,115.6,1.02,23682.97,10000.0,38.42,16935.35,3.57,4.2,4245.44,SmallFamilyCar,City_1
9/30/2018,2018,Sep,0,115.6,1.02,39563.54,10000.0,38.42,16935.35,2.63,4.2,3600.85,Sports,City_1
9/30/2018,2018,Sep,0,115.6,1.02,19282.48,722298501.05,38.42,16935.35,3.43,4.2,3838.95,SuperMiniCar,City_1
10/31/2018,2018,Oct,0,101.88,1.1,42848.86,10000.0,39.93,17247.9,2.76,5.42,3471.93,ExecutiveCar,City_2
10/31/2018,2018,Oct,0,101.88,1.1,32669.87,370010213.44,39.93,17247.9,1.93,5.42,4257.51,MediumFamilyCar,City_2
10/31/2018,2018,Oct,0,101.88,1.1,24710.44,10000.0,39.93,17247.9,1.75,5.42,4600.57,SmallFamilyCar,City_2
10/31/2018,2018,Oct,0,101.88,1.1,39750.12,378321255.85,39.93,17247.9,2.28,5.42,3813.05,Sports,City_2
10/31/2018,2018,Oct,0,101.88,1.1,18924.92,107908639.64,39.93,17247.9,2.2,5.42,4095.19,SuperMiniCar,City_2
11/30/2018,2018,Nov,0,108.48,1.08,43389.38,10000.0,36.47,17211.49,1.9,4.27,3545.65,ExecutiveCar,City_3
11/30/2018,2018,Nov,0,108.48,1.08,33878.61,10000.0,36.47,17211.49,1.94,4.27,4144.54,MediumFamilyCar,City_3
11/30/2018,2018,Nov,0,108.48,1.08,23577.7,10000.0,36.47,17211.49,2.6,4.27,4566.75,SmallFamilyCar,City_3
11/30/2018,2018,Nov,0,108.48,1.08,38902.63,10000.0,36.47,17211.49,1.35,4.27,3769.38,Sports,City_3
11/30/2018,2018,Nov,0,108.48,1.08,19868.28,10000.0,36.47,17211.49,3.26,4.27,4132.69,SuperMiniCar,City_3
12/31/2018,2018,Dec,0,107.35,1.18,42802.78,10000.0,38.87,17471.01,0.97,4.64,4145.65,ExecutiveCar,City_4
12/31/2018,2018,Dec,0,107.35,1.18,34331.03,10000.0,38.87,17471.01,1.77,4.64,4795.75,MediumFamilyCar,City_4
12/31/2018,2018,Dec,0,107.35,1.18,25033.41,10000.0,38.87,17471.01,0.53,4.64,4943.63,SmallFamilyCar,City_4
12/31/2018,2018,Dec,0,107.35,1.18,39495.9,121038516.71,38.87,17471.01,2.29,4.64,4351.25,Sports,City_4
12/31/2018,2018,Dec,0,107.35,1.18,18411.64,10000.0,38.87,17471.01,2.61,4.64,4535.04,SuperMiniCar,City_4
1/31/2019,2019,Jan,0,104.36,0.9,42485.29,10000.0,37.19,16772.28,2.64,4.19,2950.6,ExecutiveCar,City_5
1/31/2019,2019,Jan,0,104.36,0.9,31997.77,21394239.24,37.19,16772.28,2.21,4.19,3501.27,MediumFamilyCar,City_5
1/31/2019,2019,Jan,0,104.36,0.9,22461.48,244628203.44,37.19,16772.28,1.27,4.19,3749.4,SmallFamilyCar,City_5
1/31/2019,2019,Jan,0,104.36,0.9,38816.39,10000.0,37.19,16772.28,3.65,4.19,3167.01,Sports,City_5
1/31/2019,2019,Jan,0,104.36,0.9,20635.53,108412250.63,37.19,16772.28,2.9,4.19,3474.92,SuperMiniCar,City_5
2/28/2019,2019,Feb,0,104.99,0.95,43493.89,68632907.86,40.25,16894.72,3.66,4.19,3125.69,ExecutiveCar,City_6
2/28/2019,2019,Feb,0,104.99,0.95,33760.23,10000.0,40.25,16894.72,0.89,4.19,3717.89,MediumFamilyCar,City_6
2/28/2019,2019,Feb,0,104.99,0.95,24815.79,241370267.76,40.25,16894.72,3.4,4.19,3792.08,SmallFamilyCar,City_6
2/28/2019,2019,Feb,0,104.99,0.95,39012.16,10000.0,40.25,16894.72,3.94,4.19,3276.48,Sports,City_6
2/28/2019,2019,Feb,0,104.99,0.95,20366.55,108620759.8,40.25,16894.72,3.84,4.19,3780.14,SuperMiniCar,City_6
3/31/2019,2019,Mar,0,105.42,1.02,42388.07,311166314.41,35.84,17276.04,3.04,4.16,3394.35,ExecutiveCar,City_7
3/31/2019,2019,Mar,0,105.42,1.02,31794.57,646461345.94,35.84,17276.04,0.93,4.16,4145.2,MediumFamilyCar,City_7
3/31/2019,2019,Mar,0,105.42,1.02,23690.34,468407532.17,35.84,17276.04,2.73,4.16,4194.76,SmallFamilyCar,City_7
3/31/2019,2019,Mar,0,105.42,1.02,38828.9,10000.0,35.84,17276.04,3.63,4.16,3567.34,Sports,City_7
3/31/2019,2019,Mar,0,105.42,1.02,20813.46,130185524.58,35.84,17276.04,-0.14,4.16,3965.58,SuperMiniCar,City_7
4/30/2019,2019,Apr,0,104.34,1.08,44040.07,138560075.86,36.68,17028.85,3.0,4.46,3493.78,ExecutiveCar,City_8
4/30/2019,2019,Apr,0,104.34,1.08,33239.03,10000.0,36.68,17028.85,2.37,4.46,4169.72,MediumFamilyCar,City_8
4/30/2019,2019,Apr,0,104.34,1.08,22932.51,10000.0,36.68,17028.85,4.88,4.46,4305.43,SmallFamilyCar,City_8
4/30/2019,2019,Apr,0,104.34,1.08,38468.14,57999684.24,36.68,17028.85,4.27,4.46,3616.91,Sports,City_8
4/30/2019,2019,Apr,0,104.34,1.08,20293.21,10000.0,36.68,17028.85,1.99,4.46,4122.86,SuperMiniCar,City_8
5/31/2019,2019,May,0,109.26,1.15,43313.45,10000.0,34.59,17360.55,0.86,4.07,3961.13,ExecutiveCar,City_1
5/31/2019,2019,May,0,109.26,1.15,34056.92,10000.0,34.59,17360.55,2.78,4.07,4463.6,MediumFamilyCar,City_1
5/31/2019,2019,May,0,109.26,1.15,24163.76,10000.0,34.59,17360.55,2.6,4.07,4813.17,SmallFamilyCar,City_1
5/31/2019,2019,May,0,109.26,1.15,39719.49,10000.0,34.59,17360.55,2.16,4.07,4115.82,Sports,City_1
5/31/2019,2019,May,0,109.26,1.15,19562.35,10000.0,34.59,17360.55,4.4,4.07,4471.69,SuperMiniCar,City_1
6/30/2019,2019,Jun,0,100.8,1.05,42873.71,10000.0,39.11,17102.25,0.53,4.68,3537.73,ExecutiveCar,City_2
6/30/2019,2019,Jun,0,100.8,1.05,33518.97,10000.0,39.11,17102.25,2.6,4.68,4020.88,MediumFamilyCar,City_2
6/30/2019,2019,Jun,0,100.8,1.05,23999.89,10000.0,39.11,17102.25,2.42,4.68,4243.48,SmallFamilyCar,City_2
6/30/2019,2019,Jun,0,100.8,1.05,38510.71,10000.0,39.11,17102.25,1.57,4.68,3605.51,Sports,City_2
6/30/2019,2019,Jun,0,100.8,1.05,20597.7,10000.0,39.11,17102.25,0.3,4.68,3832.72,SuperMiniCar,City_2
7/31/2019,2019,Jul,0,102.57,1.0,43684.73,314695427.49,40.8,17184.18,2.95,4.62,3236.43,ExecutiveCar,City_3
7/31/2019,2019,Jul,0,102.57,1.0,32344.03,397807749.96,40.8,17184.18,1.7,4.62,3769.31,MediumFamilyCar,City_3
7/31/2019,2019,Jul,0,102.57,1.0,23842.77,50794992.15,40.8,17184.18,1.11,4.62,4283.62,SmallFamilyCar,City_3
7/31/2019,2019,Jul,0,102.57,1.0,38762.75,60355383.41,40.8,17184.18,2.59,4.62,3434.65,Sports,City_3
7/31/2019,2019,Jul,0,102.57,1.0,19339.08,10000.0,40.8,17184.18,2.68,4.62,3827.43,SuperMiniCar,City_3
8/31/2019,2019,Aug,0,105.48,0.97,43220.91,10000.0,37.15,17082.6,1.44,4.68,3279.88,ExecutiveCar,City_4
8/31/2019,2019,Aug,0,105.48,0.97,33165.11,10000.0,37.15,17082.6,2.85,4.68,3904.17,MediumFamilyCar,City_4
8/31/2019,2019,Aug,0,105.48,0.97,23487.4,10000.0,37.15,17082.6,3.5,4.68,4034.41,SmallFamilyCar,City_4
8/31/2019,2019,Aug,0,105.48,0.97,38792.97,32190005.74,37.15,17082.6,4.08,4.68,3219.56,Sports,City_4
8/31/2019,2019,Aug,0,105.48,0.97,19054.68,501346141.75,37.15,17082.6,1.14,4.68,3742.76,SuperMiniCar,City_4
9/30/2019,2019,Sep,0,102.03,1.02,43838.11,10000.0,39.2,17406.33,2.83,4.47,3334.24,ExecutiveCar,City_5
9/30/2019,2019,Sep,0,102.03,1.02,34017.76,10000.0,39.2,17406.33,3.75,4.47,3937.43,MediumFamilyCar,City_5
9/30/2019,2019,Sep,0,102.03,1.02,24084.99,282192213.64,39.2,17406.33,3.29,4.47,4321.56,SmallFamilyCar,City_5
9/30/2019,2019,Sep,0,102.03,1.02,37629.16,10000.0,39.2,17406.33,3.88,4.47,3605.95,Sports,City_5
9/30/2019,2019,Sep,0,102.03,1.02,20437.47,231660810.5,39.2,17406.33,1.77,4.47,3738.56,SuperMiniCar,City_5
10/31/2019,2019,Oct,0,115.35,1.1,42483.93,368755012.21,36.07,16841.19,2.26,4.1,3676.16,ExecutiveCar,City_6
10/31/2019,2019,Oct,0,115.35,1.1,34228.78,197093281.04,36.07,16841.19,1.58,4.1,4350.34,MediumFamilyCar,City_6
10/31/2019,2019,Oct,0,115.35,1.1,25113.54,6163176.68,36.07,16841.19,0.95,4.1,4622.65,SmallFamilyCar,City_6
10/31/2019,2019,Oct,0,115.35,1.1,38570.17,10000.0,36.07,16841.19,0.45,4.1,3779.68,Sports,City_6
10/31/2019,2019,Oct,0,115.35,1.1,18996.24,10000.0,36.07,16841.19,4.19,4.1,4173.71,SuperMiniCar,City_6
11/30/2019,2019,Nov,0,108.29,1.08,43506.49,37327920.27,37.33,17273.29,5.27,4.24,3668.69,ExecutiveCar,City_7
11/30/2019,2019,Nov,0,108.29,1.08,32232.62,125969023.53,37.33,17273.29,1.71,4.24,4354.19,MediumFamilyCar,City_7
11/30/2019,2019,Nov,0,108.29,1.08,23086.85,10000.0,37.33,17273.29,2.84,4.24,4628.5,SmallFamilyCar,City_7
11/30/2019,2019,Nov,0,108.29,1.08,39865.12,228193086.18,37.33,17273.29,2.87,4.24,3916.54,Sports,City_7
11/30/2019,2019,Nov,0,108.29,1.08,19328.55,266580524.41,37.33,17273.29,3.52,4.24,4156.63,SuperMiniCar,City_7
12/31/2019,2019,Dec,0,113.16,1.18,43669.38,10000.0,37.76,17324.22,1.68,4.26,4011.55,ExecutiveCar,City_8
12/31/2019,2019,Dec,0,113.16,1.18,33067.0,626259561.14,37.76,17324.22,3.29,4.26,4742.79,MediumFamilyCar,City_8
12/31/2019,2019,Dec,0,113.16,1.18,24770.25,110390795.24,37.76,17324.22,3.81,4.26,5001.57,SmallFamilyCar,City_8
12/31/2019,2019,Dec,0,113.16,1.18,39613.94,10000.0,37.76,17324.22,2.56,4.26,4165.3,Sports,City_8
12/31/2019,2019,Dec,0,113.16,1.18,20192.23,137117764.81,37.76,17324.22,3.79,4.26,4482.28,SuperMiniCar,City_8
1/31/2020,2020,Jan,0,109.55,0.9,44386.27,382968097.4,36.41,17397.49,2.88,4.16,3147.87,ExecutiveCar,City_1
1/31/2020,2020,Jan,0,109.55,0.9,33367.35,129760568.62,36.41,17397.49,1.94,4.16,3532.76,MediumFamilyCar,City_1
1/31/2020,2020,Jan,0,109.55,0.9,24784.07,10000.0,36.41,17397.49,4.38,4.16,3972.71,SmallFamilyCar,City_1
1/31/2020,2020,Jan,0,109.55,0.9,38804.72,10000.0,36.41,17397.49,3.99,4.16,3214.3,Sports,City_1
1/31/2020,2020,Jan,0,109.55,0.9,20647.59,434004647.93,36.41,17397.49,3.72,4.16,3645.51,SuperMiniCar,City_1
2/29/2020,2020,Feb,1,98.43,0.95,44105.57,319878799.92,39.47,16321.23,2.29,6.62,799.08,ExecutiveCar,City_2
2/29/2020,2020,Feb,1,98.43,0.95,33661.24,10000.0,39.47,16321.23,1.18,6.62,1722.38,MediumFamilyCar,City_2
2/29/2020,2020,Feb,1,98.43,0.95,23959.24,4880844.29,39.47,16321.23,1.89,6.62,2070.38,SmallFamilyCar,City_2
2/29/2020,2020,Feb,1,98.43,0.95,40362.54,10000.0,39.47,16321.23,1.32,6.62,1003.9,Sports,City_2
2/29/2020,2020,Feb,1,98.43,0.95,20296.12,44763984.81,39.47,16321.23,2.61,6.62,2091.84,SuperMiniCar,City_2
3/31/2020,2020,Mar,1,95.81,1.02,45563.08,10000.0,38.9,16234.92,2.7,6.77,834.19,ExecutiveCar,City_3
3/31/2020,2020,Mar,1,95.81,1.02,32951.37,2024695.77,38.9,16234.92,2.5,6.77,1923.67,MediumFamilyCar,City_3
3/31/2020,2020,Mar,1,95.81,1.02,24670.87,10000.0,38.9,16234.92,4.25,6.77,2006.28,SmallFamilyCar,City_3
3/31/2020,2020,Mar,1,95.81,1.02,40191.3,10000.0,38.9,16234.92,1.71,6.77,1017.24,Sports,City_3
3/31/2020,2020,Mar,1,95.81,1.02,23160.99,282977962.81,38.9,16234.92,3.54,6.77,2399.53,SuperMiniCar,City_3
4/30/2020,2020,Apr,1,100.48,1.08,42501.18,214010215.39,35.8,16313.24,2.44,6.2,879.67,ExecutiveCar,City_4
4/30/2020,2020,Apr,1,100.48,1.08,33267.68,10000.0,35.8,16313.24,1.83,6.2,2013.89,MediumFamilyCar,City_4
4/30/2020,2020,Apr,1,100.48,1.08,23195.78,10000.0,35.8,16313.24,1.42,6.2,2184.69,SmallFamilyCar,City_4
4/30/2020,2020,Apr,1,100.48,1.08,40208.78,10000.0,35.8,16313.24,2.2,6.2,1064.51,Sports,City_4
4/30/2020,2020,Apr,1,100.48,1.08,19055.39,101119166.14,35.8,16313.24,2.61,6.2,2606.92,SuperMiniCar,City_4
5/31/2020,2020,May,0,104.06,1.15,43446.64,10000.0,38.13,17673.22,3.74,4.4,3851.84,ExecutiveCar,City_5
5/31/2020,2020,May,0,104.06,1.15,32444.65,10000.0,38.13,17673.22,2.27,4.4,4619.82,MediumFamilyCar,City_5
5/31/2020,2020,May,0,104.06,1.15,22826.56,10000.0,38.13,17673.22,2.14,4.4,4745.84,SmallFamilyCar,City_5
5/31/2020,2020,May,0,104.06,1.15,39821.58,311713126.0,38.13,17673.22,3.34,4.4,3909.51,Sports,City_5
5/31/2020,2020,May,0,104.06,1.15,18367.67,235505966.11,38.13,17673.22,2.65,4.4,4371.59,SuperMiniCar,City_5
6/30/2020,2020,Jun,0,102.29,1.05,43908.84,8327436.08,32.25,17506.09,1.28,4.98,3387.5,ExecutiveCar,City_6
6/30/2020,2020,Jun,0,102.29,1.05,32996.31,10000.0,32.25,17506.09,3.02,4.98,3964.56,MediumFamilyCar,City_6
6/30/2020,2020,Jun,0,102.29,1.05,23818.31,10000.0,32.25,17506.09,2.76,4.98,4366.27,SmallFamilyCar,City_6
6/30/2020,2020,Jun,0,102.29,1.05,39841.57,48380564.88,32.25,17506.09,2.43,4.98,3675.18,Sports,City_6
6/30/2020,2020,Jun,0,102.29,1.05,19255.7,10000.0,32.25,17506.09,4.57,4.98,3878.91,SuperMiniCar,City_6
7/31/2020,2020,Jul,0,106.44,1.0,43273.2,10000.0,37.39,17062.79,3.31,4.15,3464.62,ExecutiveCar,City_7
7/31/2020,2020,Jul,0,106.44,1.0,34406.0,10000.0,37.39,17062.79,2.45,4.15,4124.54,MediumFamilyCar,City_7
7/31/2020,2020,Jul,0,106.44,1.0,24437.6,10000.0,37.39,17062.79,3.44,4.15,4251.92,SmallFamilyCar,City_7
7/31/2020,2020,Jul,0,106.44,1.0,39644.12,10000.0,37.39,17062.79,2.56,4.15,3559.2,Sports,City_7
7/31/2020,2020,Jul,0,106.44,1.0,19374.68,10000.0,37.39,17062.79,2.79,4.15,3654.68,SuperMiniCar,City_7
8/31/2020,2020,Aug,0,112.52,0.97,45005.7,10000.0,39.29,17869.96,1.7,4.5,3402.0,ExecutiveCar,City_8
8/31/2020,2020,Aug,0,112.52,0.97,33277.06,75292298.69,39.29,17869.96,2.25,4.5,3936.75,MediumFamilyCar,City_8
8/31/2020,2020,Aug,0,112.52,0.97,25616.61,10000.0,39.29,17869.96,3.19,4.5,4105.61,SmallFamilyCar,City_8
8/31/2020,2020,Aug,0,112.52,0.97,38416.79,10000.0,39.29,17869.96,1.84,4.5,3518.35,Sports,City_8
8/31/2020,2020,Aug,0,112.52,0.97,19546.37,10000.0,39.29,17869.96,1.04,4.5,3811.23,SuperMiniCar,City_8
9/30/2020,2020,Sep,0,108.25,1.02,45050.15,10000.0,36.92,17981.48,2.78,4.32,3377.11,ExecutiveCar,City_1
9/30/2020,2020,Sep,0,108.25,1.02,32956.0,10000.0,36.92,17981.48,1.51,4.32,3927.37,MediumFamilyCar,City_1
9/30/2020,2020,Sep,0,108.25,1.02,22265.58,10000.0,36.92,17981.48,2.41,4.32,4347.51,SmallFamilyCar,City_1
9/30/2020,2020,Sep,0,108.25,1.02,40890.57,10000.0,36.92,17981.48,2.26,4.32,3490.99,Sports,City_1
9/30/2020,2020,Sep,0,108.25,1.02,19774.75,430334650.88,36.92,17981.48,4.97,4.32,3865.53,SuperMiniCar,City_1
10/31/2020,2020,Oct,0,113.72,1.1,44153.92,43973258.91,38.5,17586.41,2.85,4.68,3891.39,ExecutiveCar,City_2
10/31/2020,2020,Oct,0,113.72,1.1,33513.7,10000.0,38.5,17586.41,0.87,4.68,4225.72,MediumFamilyCar,City_2
10/31/2020,2020,Oct,0,113.72,1.1,23428.74,10000.0,38.5,17586.41,2.64,4.68,4745.34,SmallFamilyCar,City_2
10/31/2020,2020,Oct,0,113.72,1.1,38956.7,240924546.25,38.5,17586.41,2.41,4.68,3956.57,Sports,City_2
10/31/2020,2020,Oct,0,113.72,1.1,18882.85,10000.0,38.5,17586.41,3.6,4.68,4309.35,SuperMiniCar,City_2
11/30/2020,2020,Nov,0,103.54,1.08,42400.75,10000.0,36.02,17642.54,3.13,4.02,3550.91,ExecutiveCar,City_3
11/30/2020,2020,Nov,0,103.54,1.08,33207.51,10000.0,36.02,17642.54,3.56,4.02,4172.6,MediumFamilyCar,City_3
11/30/2020,2020,Nov,0,103.54,1.08,23859.83,10000.0,36.02,17642.54,1.36,4.02,4506.03,SmallFamilyCar,City_3
11/30/2020,2020,Nov,0,103.54,1.08,39571.91,14800250.71,36.02,17642.54,3.77,4.02,3853.72,Sports,City_3
11/30/2020,2020,Nov,0,103.54,1.08,18523.01,213186084.15,36.02,17642.54,2.73,4.02,4246.95,SuperMiniCar,City_3
12/31/2020,2020,Dec,0,98.23,1.18,42827.84,10000.0,40.93,17284.6,0.8,4.41,3947.62,ExecutiveCar,City_4
12/31/2020,2020,Dec,0,98.23,1.18,32893.81,10000.0,40.93,17284.6,3.28,4.41,4552.85,MediumFamilyCar,City_4
12/31/2020,2020,Dec,0,98.23,1.18,24298.11,10000.0,40.93,17284.6,2.93,4.41,5045.97,SmallFamilyCar,City_4
12/31/2020,2020,Dec,0,98.23,1.18,38814.26,10000.0,40.93,17284.6,2.2,4.41,4102.03,Sports,City_4
12/31/2020,2020,Dec,0,98.23,1.18,19847.47,69322563.29,40.93,17284.6,0.98,4.41,4469.46,SuperMiniCar,City_4
1/31/2021,2021,Jan,0,117.49,0.9,46021.38,59431806.19,37.42,17626.3,2.43,4.3,3131.24,ExecutiveCar,City_5
1/31/2021,2021,Jan,0,117.49,0.9,34684.61,10000.0,37.42,17626.3,2.93,4.3,3550.71,MediumFamilyCar,City_5
1/31/2021,2021,Jan,0,117.49,0.9,24301.53,10000.0,37.42,17626.3,3.84,4.3,3871.45,SmallFamilyCar,City_5
1/31/2021,2021,Jan,0,117.49,0.9,38924.93,336940314.24,37.42,17626.3,2.0,4.3,3237.31,Sports,City_5
1/31/2021,2021,Jan,0,117.49,0.9,20621.63,156565762.39,37.42,17626.3,0.3,4.3,3567.46,SuperMiniCar,City_5
2/28/2021,2021,Feb,0,104.52,0.95,43911.74,10000.0,37.98,17633.84,2.21,4.26,3038.65,ExecutiveCar,City_6
2/28/2021,2021,Feb,0,104.52,0.95,34321.23,10000.0,37.98,17633.84,3.95,4.26,3766.38,MediumFamilyCar,City_6
2/28/2021,2021,Feb,0,104.52,0.95,24109.47,10000.0,37.98,17633.84,1.06,4.26,4121.45,SmallFamilyCar,City_6
2/28/2021,2021,Feb,0,104.52,0.95,39307.17,322600248.74,37.98,17633.84,1.82,4.26,3385.4,Sports,City_6
2/28/2021,2021,Feb,0,104.52,0.95,20135.4,10000.0,37.98,17633.84,2.51,4.26,3553.98,SuperMiniCar,City_6
3/31/2021,2021,Mar,0,106.54,1.02,44071.47,48995668.71,38.61,17706.5,3.39,4.34,3278.34,ExecutiveCar,City_7
3/31/2021,2021,Mar,0,106.54,1.02,33300.44,353445370.25,38.61,17706.5,2.21,4.34,4100.1,MediumFamilyCar,City_7
3/31/2021,2021,Mar,0,106.54,1.02,24204.08,166638033.83,38.61,17706.5,2.12,4.34,4367.71,SmallFamilyCar,City_7
3/31/2021,2021,Mar,0,106.54,1.02,41510.89,235101159.93,38.61,17706.5,4.04,4.34,3776.71,Sports,City_7
3/31/2021,2021,Mar,0,106.54,1.02,18811.4,10000.0,38.61,17706.5,2.54,4.34,3775.65,SuperMiniCar,City_7
4/30/2021,2021,Apr,0,111.18,1.08,44626.42,69220154.11,42.51,17410.45,1.66,3.73,3807.45,ExecutiveCar,City_8
4/30/2021,2021,Apr,0,111.18,1.08,35146.47,10000.0,42.51,17410.45,2.05,3.73,4339.27,MediumFamilyCar,City_8
4/30/2021,2021,Apr,0,111.18,1.08,25391.95,10000.0,42.51,17410.45,2.24,3.73,4760.88,SmallFamilyCar,City_8
4/30/2021,2021,Apr,0,111.18,1.08,39952.75,296877478.54,42.51,17410.45,1.7,3.73,3832.06,Sports,City_8
4/30/2021,2021,Apr,0,111.18,1.08,20029.82,767769101.29,42.51,17410.45,2.82,3.73,4306.57,SuperMiniCar,City_8
5/31/2021,2021,May,0,104.48,1.15,43552.97,10000.0,34.61,17435.77,2.43,4.5,3835.88,ExecutiveCar,City_1
5/31/2021,2021,May,0,104.48,1.15,33183.85,83508230.03,34.61,17435.77,2.6,4.5,4339.32,MediumFamilyCar,City_1
5/31/2021,2021,May,0,104.48,1.15,24384.58,10000.0,34.61,17435.77,2.51,4.5,4835.13,SmallFamilyCar,City_1
5/31/2021,2021,May,0,104.48,1.15,39176.8,72094576.41,34.61,17435.77,2.76,4.5,4067.34,Sports,City_1
5/31/2021,2021,May,0,104.48,1.15,21885.34,10000.0,34.61,17435.77,2.22,4.5,4384.52,SuperMiniCar,City_1
6/30/2021,2021,Jun,0,109.09,1.05,43327.41,10000.0,36.83,17354.4,0.75,3.96,3510.73,ExecutiveCar,City_2
6/30/2021,2021,Jun,0,109.09,1.05,34160.67,67554056.26,36.83,17354.4,4.06,3.96,4146.09,MediumFamilyCar,City_2
6/30/2021,2021,Jun,0,109.09,1.05,24872.17,678939374.15,36.83,17354.4,2.4,3.96,4574.1,SmallFamilyCar,City_2
6/30/2021,2021,Jun,0,109.09,1.05,39887.83,415213020.48,36.83,17354.4,2.5,3.96,3758.29,Sports,City_2
6/30/2021,2021,Jun,0,109.09,1.05,20418.64,10000.0,36.83,17354.4,3.03,3.96,4003.4,SuperMiniCar,City_2
7/31/2021,2021,Jul,0,108.55,1.0,43387.79,874692967.04,35.22,17563.46,2.66,4.23,3402.29,ExecutiveCar,City_3
7/31/2021,2021,Jul,0,108.55,1.0,32359.36,446874617.76,35.22,17563.46,2.15,4.23,3924.33,MediumFamilyCar,City_3
7/31/2021,2021,Jul,0,108.55,1.0,24722.04,234406905.52,35.22,17563.46,3.13,4.23,4202.9,SmallFamilyCar,City_3
7/31/2021,2021,Jul,0,108.55,1.0,40024.35,62503988.34,35.22,17563.46,2.84,4.23,3566.94,Sports,City_3
7/31/2021,2021,Jul,0,108.55,1.0,20824.06,18755163.46,35.22,17563.46,1.68,4.23,3902.52,SuperMiniCar,City_3
8/31/2021,2021,Aug,0,97.96,0.97,44974.1,10000.0,34.64,17423.93,2.6,4.56,3299.01,ExecutiveCar,City_4
8/31/2021,2021,Aug,0,97.96,0.97,33253.34,104700919.75,34.64,17423.93,1.21,4.56,3737.28,MediumFamilyCar,City_4
8/31/2021,2021,Aug,0,97.96,0.97,24212.0,10000.0,34.64,17423.93,1.37,4.56,3951.79,SmallFamilyCar,City_4
8/31/2021,2021,Aug,0,97.96,0.97,39562.95,10000.0,34.64,17423.93,2.78,4.56,3455.83,Sports,City_4
8/31/2021,2021,Aug,0,97.96,0.97,20618.48,10000.0,34.64,17423.93,1.1,4.56,3650.3,SuperMiniCar,City_4
9/30/2021,2021,Sep,0,100.42,1.02,43151.78,10000.0,35.42,17382.55,3.47,4.32,3415.37,ExecutiveCar,City_5
9/30/2021,2021,Sep,0,100.42,1.02,34381.85,9887164.74,35.42,17382.55,2.79,4.32,3934.18,MediumFamilyCar,City_5
9/30/2021,2021,Sep,0,100.42,1.02,22328.87,10000.0,35.42,17382.55,2.37,4.32,4272.19,SmallFamilyCar,City_5
9/30/2021,2021,Sep,0,100.42,1.02,38465.26,10000.0,35.42,17382.55,1.38,4.32,3611.55,Sports,City_5
9/30/2021,2021,Sep,0,100.42,1.02,19932.98,245489929.27,35.42,17382.55,3.57,4.32,3897.26,SuperMiniCar,City_5
10/31/2021,2021,Oct,0,104.42,1.1,43335.8,275539668.16,43.85,17574.75,3.25,4.6,3572.91,ExecutiveCar,City_6
10/31/2021,2021,Oct,0,104.42,1.1,34002.25,10000.0,43.85,17574.75,4.09,4.6,4382.14,MediumFamilyCar,City_6
10/31/2021,2021,Oct,0,104.42,1.1,25449.72,10000.0,43.85,17574.75,2.76,4.6,4640.04,SmallFamilyCar,City_6
10/31/2021,2021,Oct,0,104.42,1.1,40354.7,85369178.36,43.85,17574.75,2.87,4.6,3829.31,Sports,City_6
10/31/2021,2021,Oct,0,104.42,1.1,19902.92,10000.0,43.85,17574.75,3.0,4.6,4105.81,SuperMiniCar,City_6
11/30/2021,2021,Nov,0,100.26,1.08,45074.8,10000.0,38.42,17707.32,2.56,4.35,3844.28,ExecutiveCar,City_7
11/30/2021,2021,Nov,0,100.26,1.08,33316.14,10000.0,38.42,17707.32,2.23,4.35,4315.7,MediumFamilyCar,City_7
11/30/2021,2021,Nov,0,100.26,1.08,23534.22,428733088.99,38.42,17707.32,2.44,4.35,4595.07,SmallFamilyCar,City_7
11/30/2021,2021,Nov,0,100.26,1.08,40796.48,10000.0,38.42,17707.32,1.94,4.35,3696.68,Sports,City_7
11/30/2021,2021,Nov,0,100.26,1.08,21663.65,10000.0,38.42,17707.32,0.35,4.35,4046.66,SuperMiniCar,City_7
12/31/2021,2021,Dec,0,109.53,1.18,43908.34,10000.0,42.75,17314.55,4.12,4.46,4133.37,ExecutiveCar,City_8
12/31/2021,2021,Dec,0,109.53,1.18,32935.47,10000.0,42.75,17314.55,1.25,4.46,4666.4,MediumFamilyCar,City_8
12/31/2021,2021,Dec,0,109.53,1.18,24266.51,263591535.1,42.75,17314.55,2.11,4.46,5008.09,SmallFamilyCar,City_8
12/31/2021,2021,Dec,0,109.53,1.18,38613.98,56464819.24,42.75,17314.55,2.57,4.46,4089.81,Sports,City_8
12/31/2021,2021,Dec,0,109.53,1.18,19574.53,128339330.34,42.75,17314.55,3.89,4.46,4508.41,SuperMiniCar,City_8
1/31/2022,2022,Jan,0,110.31,0.9,43965.6,10000.0,36.85,17324.96,2.67,4.33,3066.24,ExecutiveCar,City_1
1/31/2022,2022,Jan,0,110.31,0.9,34088.07,10000.0,36.85,17324.96,2.51,4.33,3608.92,MediumFamilyCar,City_1
1/31/2022,2022,Jan,0,110.31,0.9,26248.0,463285911.77,36.85,17324.96,1.32,4.33,4006.29,SmallFamilyCar,City_1
1/31/2022,2022,Jan,0,110.31,0.9,39727.48,76710891.36,36.85,17324.96,1.73,4.33,3272.04,Sports,City_1
1/31/2022,2022,Jan,0,110.31,0.9,19781.39,239411734.97,36.85,17324.96,2.79,4.33,3335.51,SuperMiniCar,City_1
2/28/2022,2022,Feb,0,107.82,0.95,44062.31,534611176.54,39.46,17620.74,2.64,4.38,3195.6,ExecutiveCar,City_2
2/28/2022,2022,Feb,0,107.82,0.95,33726.31,10000.0,39.46,17620.74,2.06,4.38,3790.95,MediumFamilyCar,City_2
2/28/2022,2022,Feb,0,107.82,0.95,24181.43,10000.0,39.46,17620.74,1.71,4.38,4089.33,SmallFamilyCar,City_2
2/28/2022,2022,Feb,0,107.82,0.95,40581.36,10000.0,39.46,17620.74,0.49,4.38,3401.52,Sports,City_2
2/28/2022,2022,Feb,0,107.82,0.95,20153.15,10000.0,39.46,17620.74,3.27,4.38,3729.95,SuperMiniCar,City_2
3/31/2022,2022,Mar,0,105.74,1.02,43671.05,10000.0,33.86,17170.39,1.76,4.67,3456.98,ExecutiveCar,City_3
3/31/2022,2022,Mar,0,105.74,1.02,33255.85,10000.0,33.86,17170.39,3.77,4.67,4031.47,MediumFamilyCar,City_3
3/31/2022,2022,Mar,0,105.74,1.02,24000.45,10000.0,33.86,17170.39,3.27,4.67,4322.1,SmallFamilyCar,City_3
3/31/2022,2022,Mar,0,105.74,1.02,40221.19,10000.0,33.86,17170.39,1.97,4.67,3497.74,Sports,City_3
3/31/2022,2022,Mar,0,105.74,1.02,19560.74,3057368.24,33.86,17170.39,2.74,4.67,3818.01,SuperMiniCar,City_3
4/30/2022,2022,Apr,0,110.0,1.08,43235.37,10000.0,35.07,17323.6,2.76,4.27,3679.55,ExecutiveCar,City_4
4/30/2022,2022,Apr,0,110.0,1.08,32670.56,454893577.39,35.07,17323.6,3.42,4.27,4273.99,MediumFamilyCar,City_4
4/30/2022,2022,Apr,0,110.0,1.08,23406.46,214858755.6,35.07,17323.6,2.22,4.27,4465.04,SmallFamilyCar,City_4
4/30/2022,2022,Apr,0,110.0,1.08,40607.07,80912376.81,35.07,17323.6,1.48,4.27,4016.39,Sports,City_4
4/30/2022,2022,Apr,0,110.0,1.08,19036.39,432343145.23,35.07,17323.6,2.92,4.27,4243.35,SuperMiniCar,City_4
5/31/2022,2022,May,0,116.09,1.15,43650.54,26299601.52,37.96,17313.79,0.99,4.58,4011.58,ExecutiveCar,City_5
5/31/2022,2022,May,0,116.09,1.15,33678.86,617907729.58,37.96,17313.79,0.7,4.58,4653.86,MediumFamilyCar,City_5
5/31/2022,2022,May,0,116.09,1.15,25616.49,10000.0,37.96,17313.79,2.33,4.58,4974.53,SmallFamilyCar,City_5
5/31/2022,2022,May,0,116.09,1.15,39367.92,10000.0,37.96,17313.79,1.87,4.58,4088.52,Sports,City_5
5/31/2022,2022,May,0,116.09,1.15,20151.43,10000.0,37.96,17313.79,2.02,4.58,4420.99,SuperMiniCar,City_5
6/30/2022,2022,Jun,0,103.62,1.05,44849.99,39517120.83,36.28,17406.95,1.89,4.28,3541.23,ExecutiveCar,City_6
6/30/2022,2022,Jun,0,103.62,1.05,32003.49,10000.0,36.28,17406.95,2.1,4.28,4141.23,MediumFamilyCar,City_6
6/30/2022,2022,Jun,0,103.62,1.05,23984.32,10000.0,36.28,17406.95,3.49,4.28,4374.17,SmallFamilyCar,City_6
6/30/2022,2022,Jun,0,103.62,1.05,39371.5,10000.0,36.28,17406.95,2.01,4.28,3822.78,Sports,City_6
6/30/2022,2022,Jun,0,103.62,1.05,20173.41,30865057.65,36.28,17406.95,3.04,4.28,4105.86,SuperMiniCar,City_6
7/31/2022,2022,Jul,0,105.99,1.0,44981.54,10000.0,36.69,17370.9,3.45,4.78,3350.58,ExecutiveCar,City_7
7/31/2022,2022,Jul,0,105.99,1.0,33031.47,226644698.66,36.69,17370.9,1.63,4.78,3904.64,MediumFamilyCar,City_7
7/31/2022,2022,Jul,0,105.99,1.0,24867.3,10000.0,36.69,17370.9,2.43,4.78,4338.01,SmallFamilyCar,City_7
7/31/2022,2022,Jul,0,105.99,1.0,40393.18,509456388.23,36.69,17370.9,2.13,4.78,3497.76,Sports,City_7
7/31/2022,2022,Jul,0,105.99,1.0,20076.55,8105252.86,36.69,17370.9,2.33,4.78,3896.43,SuperMiniCar,City_7
8/31/2022,2022,Aug,0,104.7,0.97,44075.21,10000.0,36.59,17305.65,3.84,4.42,3365.05,ExecutiveCar,City_8
8/31/2022,2022,Aug,0,104.7,0.97,34662.26,10000.0,36.59,17305.65,2.71,4.42,3667.73,MediumFamilyCar,City_8
8/31/2022,2022,Aug,0,104.7,0.97,23847.6,475499895.27,36.59,17305.65,4.36,4.42,4073.02,SmallFamilyCar,City_8
8/31/2022,2022,Aug,0,104.7,0.97,40382.38,15489691.22,36.59,17305.65,4.23,4.42,3419.72,Sports,City_8
8/31/2022,2022,Aug,0,104.7,0.97,20358.7,10000.0,36.59,17305.65,0.14,4.42,3526.72,SuperMiniCar,City_8
9/30/2022,2022,Sep,0,103.05,1.02,43985.84,37060709.88,39.98,17429.87,0.78,4.95,3530.85,ExecutiveCar,City_1
9/30/2022,2022,Sep,0,103.05,1.02,34369.61,20981215.84,39.98,17429.87,2.87,4.95,3948.41,MediumFamilyCar,City_1
9/30/2022,2022,Sep,0,103.05,1.02,26339.6,10000.0,39.98,17429.87,4.11,4.95,4328.83,SmallFamilyCar,City_1
9/30/2022,2022,Sep,0,103.05,1.02,41469.36,10000.0,39.98,17429.87,2.68,4.95,3609.5,Sports,City_1
9/30/2022,2022,Sep,0,103.05,1.02,20168.58,404902345.77,39.98,17429.87,2.88,4.95,3859.15,SuperMiniCar,City_1
10/31/2022,2022,Oct,0,102.3,1.1,43847.31,10000.0,38.43,17825.1,3.7,4.07,3691.94,ExecutiveCar,City_2
10/31/2022,2022,Oct,0,102.3,1.1,34784.86,4521567.87,38.43,17825.1,3.15,4.07,4309.5,MediumFamilyCar,City_2
10/31/2022,2022,Oct,0,102.3,1.1,23926.58,133003008.69,38.43,17825.1,4.43,4.07,4721.13,SmallFamilyCar,City_2
10/31/2022,2022,Oct,0,102.3,1.1,40835.02,187164688.44,38.43,17825.1,2.81,4.07,3914.02,Sports,City_2
10/31/2022,2022,Oct,0,102.3,1.1,20494.85,252884621.32,38.43,17825.1,1.15,4.07,4232.01,SuperMiniCar,City_2
11/30/2022,2022,Nov,0,104.24,1.08,42880.18,244096347.82,40.99,17581.83,1.08,4.24,3569.67,ExecutiveCar,City_3
11/30/2022,2022,Nov,0,104.24,1.08,34370.61,54649274.56,40.99,17581.83,2.97,4.24,4094.64,MediumFamilyCar,City_3
11/30/2022,2022,Nov,0,104.24,1.08,23478.48,10000.0,40.99,17581.83,2.23,4.24,4555.0,SmallFamilyCar,City_3
11/30/2022,2022,Nov,0,104.24,1.08,40359.64,10000.0,40.99,17581.83,2.69,4.24,3709.98,Sports,City_3
11/30/2022,2022,Nov,0,104.24,1.08,20366.44,165532783.67,40.99,17581.83,2.16,4.24,4164.84,SuperMiniCar,City_3
12/31/2022,2022,Dec,0,95.07,1.18,44447.24,10000.0,39.69,17565.99,2.18,4.38,3915.62,ExecutiveCar,City_4
12/31/2022,2022,Dec,0,95.07,1.18,34239.68,10000.0,39.69,17565.99,1.57,4.38,4482.14,MediumFamilyCar,City_4
12/31/2022,2022,Dec,0,95.07,1.18,24082.5,10000.0,39.69,17565.99,3.41,4.38,4978.82,SmallFamilyCar,City_4
12/31/2022,2022,Dec,0,95.07,1.18,40691.66,229103921.68,39.69,17565.99,2.27,4.38,4196.75,Sports,City_4
12/31/2022,2022,Dec,0,95.07,1.18,19538.53,55681281.73,39.69,17565.99,1.97,4.38,4429.51,SuperMiniCar,City_4
1/31/2023,2023,Jan,0,111.33,0.9,43669.59,10000.0,39.4,17471.73,3.21,4.51,3252.13,ExecutiveCar,City_5
1/31/2023,2023,Jan,0,111.33,0.9,33607.05,10000.0,39.4,17471.73,1.6,4.51,3548.99,MediumFamilyCar,City_5
1/31/2023,2023,Jan,0,111.33,0.9,24371.56,10000.0,39.4,17471.73,2.59,4.51,3749.92,SmallFamilyCar,City_5
1/31/2023,2023,Jan,0,111.33,0.9,40872.53,10000.0,39.4,17471.73,3.11,4.51,3361.64,Sports,City_5
1/31/2023,2023,Jan,0,111.33,0.9,20087.24,10000.0,39.4,17471.73,2.7,4.51,3524.8,SuperMiniCar,City_5
2/28/2023,2023,Feb,0,111.33,0.95,44184.63,10000.0,37.19,17407.03,0.78,4.24,3159.36,ExecutiveCar,City_6
2/28/2023,2023,Feb,0,111.33,0.95,34984.9,10000.0,37.19,17407.03,2.68,4.24,3795.91,MediumFamilyCar,City_6
2/28/2023,2023,Feb,0,111.33,0.95,25069.5,34046073.82,37.19,17407.03,1.84,4.24,3911.99,SmallFamilyCar,City_6
2/28/2023,2023,Feb,0,111.33,0.95,40467.1,10000.0,37.19,17407.03,2.83,4.24,3445.74,Sports,City_6
2/28/2023,2023,Feb,0,111.33,0.95,19983.15,10000.0,37.19,17407.03,2.32,4.24,3828.08,SuperMiniCar,City_6
3/31/2023,2023,Mar,0,108.6,1.02,43782.53,10000.0,37.24,17793.65,4.02,3.87,3507.86,ExecutiveCar,City_7
3/31/2023,2023,Mar,0,108.6,1.02,34214.29,596703983.84,37.24,17793.65,3.19,3.87,3962.38,MediumFamilyCar,City_7
3/31/2023,2023,Mar,0,108.6,1.02,23693.74,10000.0,37.24,17793.65,2.66,3.87,4275.48,SmallFamilyCar,City_7
3/31/2023,2023,Mar,0,108.6,1.02,39313.64,10000.0,37.24,17793.65,1.69,3.87,3689.74,Sports,City_7
3/31/2023,2023,Mar,0,108.6,1.02,21753.26,10000.0,37.24,17793.65,1.52,3.87,3956.8,SuperMiniCar,City_7
4/30/2023,2023,Apr,0,105.81,1.08,43600.79,91161150.14,36.81,17296.71,5.18,4.52,3623.51,ExecutiveCar,City_8
4/30/2023,2023,Apr,0,105.81,1.08,33751.61,10000.0,36.81,17296.71,1.16,4.52,4352.06,MediumFamilyCar,City_8
4/30/2023,2023,Apr,0,105.81,1.08,25262.48,10000.0,36.81,17296.71,3.71,4.52,4690.3,SmallFamilyCar,City_8
4/30/2023,2023,Apr,0,105.81,1.08,40950.81,80304580.54,36.81,17296.71,2.32,4.52,3852.51,Sports,City_8
4/30/2023,2023,Apr,0,105.81,1.08,20049.07,279922052.63,36.81,17296.71,1.99,4.52,4080.66,SuperMiniCar,City_8
5/31/2023,2023,May,0,109.51,1.15,44054.79,286688854.65,39.23,17689.94,1.24,3.92,3820.81,ExecutiveCar,City_1
5/31/2023,2023,May,0,109.51,1.15,33770.4,735224289.09,39.23,17689.94,1.83,3.92,4523.63,MediumFamilyCar,City_1
5/31/2023,2023,May,0,109.51,1.15,24927.11,10000.0,39.23,17689.94,2.66,3.92,5017.6,SmallFamilyCar,City_1
5/31/2023,2023,May,0,109.51,1.15,40044.76,10000.0,39.23,17689.94,2.48,3.92,4099.58,Sports,City_1
5/31/2023,2023,May,0,109.51,1.15,20211.44,362475833.24,39.23,17689.94,3.08,3.92,4572.71,SuperMiniCar,City_1
6/30/2023,2023,Jun,0,103.81,1.05,44350.8,527879129.04,35.66,17565.11,3.03,4.08,3524.7,ExecutiveCar,City_2
6/30/2023,2023,Jun,0,103.81,1.05,32674.51,10000.0,35.66,17565.11,3.31,4.08,4090.74,MediumFamilyCar,City_2
6/30/2023,2023,Jun,0,103.81,1.05,25152.59,10000.0,35.66,17565.11,3.22,4.08,4463.35,SmallFamilyCar,City_2
6/30/2023,2023,Jun,0,103.81,1.05,41614.35,10000.0,35.66,17565.11,3.29,4.08,3585.18,Sports,City_2
6/30/2023,2023,Jun,0,103.81,1.05,20072.84,10000.0,35.66,17565.11,2.76,4.08,4022.48,SuperMiniCar,City_2
7/31/2023,2023,Jul,0,112.34,1.0,44308.38,331603740.45,39.26,17694.38,2.93,4.67,3590.91,ExecutiveCar,City_3
7/31/2023,2023,Jul,0,112.34,1.0,33970.99,173521646.05,39.26,17694.38,2.47,4.67,3977.36,MediumFamilyCar,City_3
7/31/2023,2023,Jul,0,112.34,1.0,25411.29,10000.0,39.26,17694.38,-0.44,4.67,4369.47,SmallFamilyCar,City_3
7/31/2023,2023,Jul,0,112.34,1.0,40092.93,10000.0,39.26,17694.38,1.38,4.67,3767.97,Sports,City_3
7/31/2023,2023,Jul,0,112.34,1.0,19715.3,10000.0,39.26,17694.38,1.82,4.67,3877.29,SuperMiniCar,City_3
8/31/2023,2023,Aug,0,109.69,0.97,44317.73,131336155.48,40.85,17712.44,1.84,5.01,3266.78,ExecutiveCar,City_4
8/31/2023,2023,Aug,0,109.69,0.97,34509.64,375824299.12,40.85,17712.44,2.57,5.01,3841.59,MediumFamilyCar,City_4
8/31/2023,2023,Aug,0,109.69,0.97,24482.53,10000.0,40.85,17712.44,2.58,5.01,4058.2,SmallFamilyCar,City_4
8/31/2023,2023,Aug,0,109.69,0.97,40114.43,65552345.22,40.85,17712.44,2.92,5.01,3500.72,Sports,City_4
8/31/2023,2023,Aug,0,109.69,0.97,19204.28,10000.0,40.85,17712.44,2.91,5.01,3790.56,SuperMiniCar,City_4
9/30/2023,2023,Sep,0,108.48,1.02,45152.73,369978238.36,40.36,17974.68,3.88,4.2,3459.64,ExecutiveCar,City_5
9/30/2023,2023,Sep,0,108.48,1.02,35714.11,10000.0,40.36,17974.68,4.62,4.2,4132.11,MediumFamilyCar,City_5
9/30/2023,2023,Sep,0,108.48,1.02,25791.31,10000.0,40.36,17974.68,3.34,4.2,4466.66,SmallFamilyCar,City_5
9/30/2023,2023,Sep,0,108.48,1.02,39461.11,10000.0,40.36,17974.68,0.36,4.2,3796.96,Sports,City_5
9/30/2023,2023,Sep,0,108.48,1.02,19512.69,10000.0,40.36,17974.68,5.42,4.2,3949.57,SuperMiniCar,City_5
10/31/2023,2023,Oct,0,108.5,1.1,44376.65,85036369.71,40.2,18009.45,1.15,3.8,3726.7,ExecutiveCar,City_6
10/31/2023,2023,Oct,0,108.5,1.1,33963.84,34397027.09,40.2,18009.45,1.79,3.8,4320.27,MediumFamilyCar,City_6
10/31/2023,2023,Oct,0,108.5,1.1,24647.18,321850645.46,40.2,18009.45,2.42,3.8,4672.5,SmallFamilyCar,City_6
10/31/2023,2023,Oct,0,108.5,1.1,39774.34,52395793.14,40.2,18009.45,2.15,3.8,4110.79,Sports,City_6
10/31/2023,2023,Oct,0,108.5,1.1,19540.23,640541911.63,40.2,18009.45,0.81,3.8,4342.21,SuperMiniCar,City_6
11/30/2023,2023,Nov,0,108.49,1.08,43649.98,184747749.16,41.27,18008.87,4.37,4.33,3762.18,ExecutiveCar,City_7
11/30/2023,2023,Nov,0,108.49,1.08,35520.74,133046555.36,41.27,18008.87,2.07,4.33,4242.14,MediumFamilyCar,City_7
11/30/2023,2023,Nov,0,108.49,1.08,24540.37,10000.0,41.27,18008.87,2.08,4.33,4564.44,SmallFamilyCar,City_7
11/30/2023,2023,Nov,0,108.49,1.08,39471.47,202580199.09,41.27,18008.87,2.28,4.33,3849.44,Sports,City_7
11/30/2023,2023,Nov,0,108.49,1.08,19905.23,118129332.58,41.27,18008.87,2.57,4.33,4136.89,SuperMiniCar,City_7
12/31/2023,2023,Dec,0,105.77,1.18,44697.47,176149763.74,36.32,17404.76,2.27,4.34,3972.46,ExecutiveCar,City_8
12/31/2023,2023,Dec,0,105.77,1.18,33042.04,10000.0,36.32,17404.76,2.25,4.34,4765.89,MediumFamilyCar,City_8
12/31/2023,2023,Dec,0,105.77,1.18,24849.6,10000.0,36.32,17404.76,4.04,4.34,5194.73,SmallFamilyCar,City_8
12/31/2023,2023,Dec,0,105.77,1.18,42118.79,10000.0,36.32,17404.76,1.49,4.34,4183.12,Sports,City_8
12/31/2023,2023,Dec,0,105.77,1.18,19966.23,10000.0,36.32,17404.76,5.1,4.34,4545.44,SuperMiniCar,City_8
